测站,时间,降水增量
30329150,25/6/2026 02:00:00,0
30747325,25/6/2026 02:00:00,0
30522985,25/6/2026 02:00:00,0
30524307,25/6/2026 02:00:00,0
30747880,25/6/2026 02:00:00,0
30526050,25/6/2026 02:00:00,0
01307A5004,25/6/2026 02:00:00,0
30827400,25/6/2026 02:00:00,0
30522824,24/6/2026 21:00:00,0
30522824,25/6/2026 02:00:00,0
30746000,25/6/2026 02:00:00,0
30522824,24/6/2026 20:00:00,0
30522985,24/6/2026 20:00:00,0
30827980,24/6/2026 21:00:00,0
30328075,24/6/2026 20:00:00,0
30523780,25/6/2026 02:00:00,0
82020055,25/6/2026 02:00:00,0
82020005,25/6/2026 02:00:00,0
82020010,25/6/2026 02:00:00,0
30324730,25/6/2026 02:00:00,0
30524200,25/6/2026 02:00:00,0
30324730,24/6/2026 20:00:00,0
30329700,25/6/2026 02:00:00,0
30523780,24/6/2026 20:00:00,0
30524212,25/6/2026 02:00:00,0
30328075,25/6/2026 02:00:00,0
01307A5010,25/6/2026 02:00:00,0
30323850,25/6/2026 02:00:00,0
01303A9000,25/6/2026 02:00:00,0
30524240,24/6/2026 20:00:00,0
30325000,25/6/2026 02:00:00,0
30745600,25/6/2026 02:00:00,0
30525510,25/6/2026 02:00:00,0
82020060,25/6/2026 02:00:00,0
30330800,25/6/2026 02:00:00,0
80720115,25/6/2026 02:00:00,0
30524307,24/6/2026 20:00:00,0
30330775,25/6/2026 01:00:00,0
01307A5010,25/6/2026 01:00:00,0
30524200,25/6/2026 01:00:00,0
30745600,25/6/2026 01:00:00,0
01307A5004,25/6/2026 01:00:00,0
01308A9010,25/6/2026 01:00:00,0
80720115,25/6/2026 01:00:00,0
30827430,25/6/2026 02:00:00,0
30746450,25/6/2026 01:00:00,0
30747325,25/6/2026 01:00:00,0
30746200,25/6/2026 01:00:00,0
30827430,25/6/2026 01:00:00,0
30526050,25/6/2026 01:00:00,0
82020010,25/6/2026 01:00:00,0
30747880,25/6/2026 01:00:00,0
01303A9000,25/6/2026 01:00:00,0
30524240,25/6/2026 01:00:00,0
30827540,25/6/2026 01:00:00,0
30328075,25/6/2026 01:00:00,0
30329700,25/6/2026 01:00:00,0
30324730,25/6/2026 01:00:00,0
30747780,25/6/2026 01:00:00,0
30524307,25/6/2026 01:00:00,0
01307A5013,25/6/2026 02:00:00,0
01303A9000,25/6/2026 00:00:00,0
30330800,25/6/2026 01:00:00,0
82020055,25/6/2026 01:00:00,0
30323850,25/6/2026 01:00:00,0
30330775,25/6/2026 02:00:00,0
30325000,25/6/2026 01:00:00,0
30525510,24/6/2026 20:00:00,0
01307A5013,25/6/2026 01:00:00,0
30745600,25/6/2026 00:00:00,0
30746000,25/6/2026 01:00:00,0
30747780,25/6/2026 00:00:00,0
30524212,25/6/2026 01:00:00,0
30746200,25/6/2026 00:00:00,0
82020005,25/6/2026 01:00:00,0
30523780,25/6/2026 01:00:00,0
82020060,25/6/2026 01:00:00,0
30325000,25/6/2026 00:00:00,0
30747880,24/6/2026 20:00:00,0
30827540,25/6/2026 00:00:00,0
30524240,25/6/2026 02:00:00,0
82020005,25/6/2026 00:00:00,0
82020060,25/6/2026 00:00:00,0
30323850,25/6/2026 00:00:00,0
30524307,25/6/2026 00:00:00,0
30746450,25/6/2026 00:00:00,0
01307A5013,25/6/2026 00:00:00,0
01307A5010,25/6/2026 00:00:00,0
30330800,25/6/2026 00:00:00,0
01307A5004,25/6/2026 00:00:00,0
30329700,25/6/2026 00:00:00,0
80720115,25/6/2026 00:00:00,0
01308A9010,25/6/2026 00:00:00,0
30526050,25/6/2026 00:00:00,0
30827430,25/6/2026 00:00:00,0
30746000,25/6/2026 00:00:00,0
30524240,25/6/2026 00:00:00,0
30522985,25/6/2026 01:00:00,0
30524200,25/6/2026 00:00:00,0
30524212,25/6/2026 00:00:00,0
30525510,25/6/2026 00:00:00,0
30746450,25/6/2026 02:00:00,0
30746200,24/6/2026 23:00:00,0
30324730,25/6/2026 00:00:00,0
30328075,25/6/2026 00:00:00,0
01303A9000,24/6/2026 23:00:00,0
30522985,25/6/2026 00:00:00,0
30747325,25/6/2026 00:00:00,0
01307A5013,24/6/2026 23:00:00,0
30522824,25/6/2026 00:00:00,0
30329150,25/6/2026 00:00:00,0
30747880,25/6/2026 00:00:00,0
30827540,24/6/2026 23:00:00,0
30745600,24/6/2026 23:00:00,0
01307A5004,24/6/2026 23:00:00,0
30523780,25/6/2026 00:00:00,0
01307A5010,24/6/2026 23:00:00,0
30524200,24/6/2026 23:00:00,0
30827400,25/6/2026 00:00:00,0
30325000,24/6/2026 23:00:00,0
82020010,25/6/2026 00:00:00,0
30747780,24/6/2026 23:00:00,0
30330800,24/6/2026 23:00:00,0
01308A9010,24/6/2026 23:00:00,0
30330775,25/6/2026 00:00:00,0
30827430,24/6/2026 23:00:00,0
30827980,25/6/2026 00:00:00,0
30746450,24/6/2026 23:00:00,0
30323850,24/6/2026 23:00:00,0
30522824,25/6/2026 01:00:00,0
30329700,24/6/2026 23:00:00,0
30330775,24/6/2026 23:00:00,0
82020055,25/6/2026 00:00:00,0
30525510,25/6/2026 01:00:00,0
30827540,25/6/2026 02:00:00,0
01308A9010,25/6/2026 02:00:00,0
30827400,25/6/2026 01:00:00,0
30827980,25/6/2026 01:00:00,0
30522985,24/6/2026 21:00:00,0
30329150,25/6/2026 01:00:00,0
80720115,24/6/2026 22:26:00,0
80720115,24/6/2026 22:23:00,4
80720115,24/6/2026 22:27:00,0.8
80720115,24/6/2026 22:19:00,1
80720115,24/6/2026 22:17:00,0.2
80720115,24/6/2026 22:22:00,0
80720115,24/6/2026 22:29:00,0.2
30827980,24/6/2026 23:00:00,0
30827400,24/6/2026 23:00:00,0
30524307,24/6/2026 23:00:00,0
30526050,24/6/2026 23:00:00,0
30522985,24/6/2026 23:00:00,0
30328075,24/6/2026 23:00:00,0
82020005,24/6/2026 23:00:00,0
30324730,24/6/2026 23:00:00,0
82020055,24/6/2026 23:00:00,0
82020060,24/6/2026 23:00:00,0
30524212,24/6/2026 23:00:00,0
30827540,25/6/2026 04:00:00,0
30524240,24/6/2026 23:00:00,0
30746200,25/6/2026 04:00:00,0
80720115,24/6/2026 22:30:00,0.8
82020005,24/6/2026 22:03:00,0.2
80720115,24/6/2026 22:32:00,0.4
80720115,24/6/2026 22:12:00,0.2
80720115,24/6/2026 22:36:00,0.6
80720115,24/6/2026 22:34:00,0.6
80720115,24/6/2026 22:15:00,0.2
30524200,24/6/2026 22:00:00,0
80720115,24/6/2026 22:28:00,0.2
80720115,24/6/2026 22:38:00,0.4
30330775,24/6/2026 22:00:00,0
30747780,24/6/2026 22:00:00,0
30330775,25/6/2026 04:00:00,0
01307A5013,25/6/2026 04:00:00,0
80720115,24/6/2026 22:40:00,0.4
01303A9000,24/6/2026 22:00:00,0
80720115,24/6/2026 22:25:00,1.6
30329150,24/6/2026 23:00:00,0
82020010,24/6/2026 23:00:00,0
80720115,24/6/2026 23:00:00,0
30746000,24/6/2026 23:00:00,0
30525510,24/6/2026 23:00:00,0
80720115,24/6/2026 22:44:00,0.2
30747325,24/6/2026 23:00:00,0
30523780,24/6/2026 23:00:00,0
80720115,24/6/2026 22:42:00,0.2
30747880,24/6/2026 23:00:00,0
30827400,25/6/2026 04:00:00,0
30325000,25/6/2026 04:00:00,0
80720115,24/6/2026 22:00:00,0
82020010,24/6/2026 22:00:00,0
30747880,25/6/2026 04:00:00,0
30329700,25/6/2026 04:00:00,0
01303A9000,25/6/2026 04:00:00,0
30323850,24/6/2026 22:00:00,0
30747325,25/6/2026 04:00:00,0
82020055,25/6/2026 04:00:00,0
30328075,25/6/2026 04:00:00,0
30329150,24/6/2026 22:00:00,0
30330800,25/6/2026 04:00:00,0
30746000,25/6/2026 04:00:00,0
30747780,25/6/2026 04:00:00,0
01308A9010,24/6/2026 22:00:00,0
30522824,24/6/2026 23:00:00,0
30745600,25/6/2026 04:00:00,0
30746450,24/6/2026 22:00:00,0
30746200,24/6/2026 22:00:00,0
01307A5013,24/6/2026 22:00:00,0
30323850,25/6/2026 04:00:00,0
30325000,24/6/2026 22:00:00,0
80720115,25/6/2026 04:00:00,0
30827430,25/6/2026 04:00:00,0
30525510,25/6/2026 04:00:00,0
01307A5004,25/6/2026 04:00:00,0
30827430,24/6/2026 22:00:00,0
01307A5010,24/6/2026 22:00:00,0
01308A9010,25/6/2026 04:00:00,0
01307A5004,24/6/2026 22:00:00,0
30329700,24/6/2026 22:00:00,0
30827980,24/6/2026 22:00:00,0
82020060,24/6/2026 22:00:00,0
01307A5010,25/6/2026 04:00:00,0
30524307,24/6/2026 22:00:00,0
30523780,24/6/2026 22:00:00,0
82020005,24/6/2026 22:00:00,0
30525510,24/6/2026 22:00:00,0
30522824,25/6/2026 04:00:00,0
30524307,25/6/2026 04:00:00,0
30745600,24/6/2026 22:00:00,0
82020005,24/6/2026 21:58:00,0.2
30827400,24/6/2026 22:00:00,0
30524240,25/6/2026 04:00:00,0
30526050,25/6/2026 04:00:00,0
30522985,24/6/2026 22:00:00,0
30827980,25/6/2026 04:00:00,0
30747325,24/6/2026 22:00:00,0
30523780,25/6/2026 04:00:00,0
30328075,24/6/2026 22:00:00,0
30746000,24/6/2026 22:00:00,0
30324730,25/6/2026 04:00:00,0
30330800,24/6/2026 22:00:00,0
30524240,24/6/2026 22:00:00,0
30746450,25/6/2026 04:00:00,0
82020005,24/6/2026 21:52:00,0.6
30827430,25/6/2026 03:00:00,0
82020005,24/6/2026 21:48:00,0.2
01303A9000,25/6/2026 03:00:00,0
82020055,24/6/2026 22:00:00,0
01307A5004,25/6/2026 03:00:00,0
30526050,24/6/2026 22:00:00,0
82020005,24/6/2026 21:37:00,0.4
82020005,25/6/2026 04:00:00,0
82020005,24/6/2026 21:36:00,0
82020005,24/6/2026 21:56:00,1
01308A9010,25/6/2026 03:00:00,0
30522985,25/6/2026 04:00:00,0
82020005,24/6/2026 21:42:00,0.8
30747880,24/6/2026 22:00:00,0
30746200,25/6/2026 03:00:00,0
30524200,25/6/2026 03:00:00,0
30330775,25/6/2026 03:00:00,0
30324730,24/6/2026 22:00:00,0
01307A5013,25/6/2026 03:00:00,0
30325000,25/6/2026 03:00:00,0
30330800,25/6/2026 03:00:00,0
30522824,24/6/2026 22:00:00,0
30330775,24/6/2026 21:00:00,0
30524212,24/6/2026 22:00:00,0
30827540,25/6/2026 03:00:00,0
30747780,24/6/2026 21:00:00,0
01307A5013,24/6/2026 21:00:00,0
01303A9000,24/6/2026 21:00:00,0
30329700,25/6/2026 03:00:00,0
82020005,25/6/2026 03:00:00,0
82020005,24/6/2026 21:31:00,0.2
82020010,25/6/2026 03:00:00,0
82020055,25/6/2026 03:00:00,0
30827430,24/6/2026 21:00:00,0
30746200,24/6/2026 21:00:00,0
82020010,25/6/2026 04:00:00,0
82020005,24/6/2026 21:44:00,0.8
30523780,25/6/2026 03:00:00,0
82020005,24/6/2026 21:50:00,1
30524212,25/6/2026 04:00:00,0
82020005,24/6/2026 21:54:00,0.6
30747780,25/6/2026 03:00:00,0
82020005,24/6/2026 21:40:00,0.4
82020060,25/6/2026 04:00:00,0
30747325,25/6/2026 03:00:00,0
82020005,24/6/2026 21:39:00,0.4
82020005,24/6/2026 21:27:00,1.4
82020005,24/6/2026 21:33:00,0.4
30745600,25/6/2026 03:00:00,0
82020005,24/6/2026 21:38:00,0.2
30827540,24/6/2026 21:00:00,0
82020005,24/6/2026 21:35:00,3.8
30330800,24/6/2026 21:00:00,0
80720115,25/6/2026 03:00:00,0
01307A5010,24/6/2026 21:00:00,0
30746450,24/6/2026 21:00:00,0
30329150,25/6/2026 03:00:00,0
30524212,25/6/2026 03:00:00,0
82020010,24/6/2026 21:00:00,0
01308A9010,24/6/2026 21:00:00,0
82020060,25/6/2026 03:00:00,0
30827980,25/6/2026 03:00:00,0
30746450,25/6/2026 03:00:00,0
30524240,25/6/2026 03:00:00,0
82020005,24/6/2026 21:00:00,0
30747880,25/6/2026 03:00:00,0
82020055,24/6/2026 21:00:00,0
30323850,24/6/2026 21:00:00,0
30328075,25/6/2026 03:00:00,0
30325000,24/6/2026 21:00:00,0
01307A5010,25/6/2026 03:00:00,0
80720115,24/6/2026 21:00:00,0
01307A5004,24/6/2026 21:00:00,0
30323850,25/6/2026 03:00:00,0
30329700,24/6/2026 21:00:00,0
30747780,25/6/2026 02:00:00,0
30524200,24/6/2026 21:00:00,0
30522824,25/6/2026 03:00:00,0
30524307,25/6/2026 03:00:00,0
30524200,25/6/2026 04:00:00,0
30522985,25/6/2026 03:00:00,0
30523780,24/6/2026 21:00:00,0
30324730,25/6/2026 03:00:00,0
30747325,24/6/2026 21:00:00,0
30525510,24/6/2026 21:00:00,0
30747880,24/6/2026 21:00:00,0
30526050,24/6/2026 21:00:00,0
30329150,24/6/2026 21:00:00,0
30746000,24/6/2026 21:00:00,0
30746200,25/6/2026 02:00:00,0
30526050,25/6/2026 03:00:00,0
30524307,24/6/2026 21:00:00,0
30324730,24/6/2026 21:00:00,0
30746000,25/6/2026 03:00:00,0
82020060,24/6/2026 21:00:00,0
30827400,24/6/2026 21:00:00,0
30525510,25/6/2026 03:00:00,0
30524240,24/6/2026 21:00:00,0
30827400,25/6/2026 03:00:00,0
30827540,24/6/2026 22:00:00,0
30328075,24/6/2026 21:00:00,0
80720115,24/6/2026 22:21:00,4
30745600,24/6/2026 21:00:00,0
30329150,25/6/2026 04:00:00,0
30524212,24/6/2026 21:00:00,0
30827980,25/6/2026 02:00:00,0
30420700,24/6/2026 22:08:00,1.3
30420700,24/6/2026 22:13:00,1
30420700,24/6/2026 22:07:00,1.2
30525710,24/6/2026 22:00:00,0
01303A5019,24/6/2026 22:00:00,0
01307A9010,24/6/2026 22:00:00,0
30420700,24/6/2026 22:01:00,0.4
30420700,24/6/2026 22:14:00,0.9
30420850,24/6/2026 23:00:00,0
30524500,24/6/2026 23:00:00,0
30421550,24/6/2026 23:00:00,0
30328900,24/6/2026 23:00:00,0
80720165,24/6/2026 23:00:00,0
82020025,24/6/2026 23:00:00,0
30524285,24/6/2026 23:00:00,0
30747809,24/6/2026 23:00:00,0
01307A5011,25/6/2026 04:00:00,0
30526105,24/6/2026 23:00:00,0
30324700,25/6/2026 04:00:00,0
30524150,24/6/2026 23:00:00,0
30421910,25/6/2026 04:00:00,0
30420700,24/6/2026 23:00:00,0
01308A9011,25/6/2026 04:00:00,0
80720165,25/6/2026 04:00:00,0
82020015,24/6/2026 23:00:00,0
30323950,24/6/2026 23:00:00,0
30325530,24/6/2026 23:00:00,0
30523500,24/6/2026 23:00:00,0
30827700,25/6/2026 04:00:00,0
30420700,24/6/2026 22:10:00,2.2
30523930,24/6/2026 22:00:00,0
30420700,24/6/2026 22:05:00,0.4
30523930,25/6/2026 04:00:00,0
30420700,24/6/2026 22:02:00,0.7
30524500,25/6/2026 04:00:00,0
01308A9027,24/6/2026 22:00:00,0
30420700,24/6/2026 22:03:00,0.6
30420700,24/6/2026 22:15:00,0.5
01303A5019,24/6/2026 23:00:00,0
30420700,24/6/2026 22:06:00,0.6
30827550,24/6/2026 23:00:00,0
01308A9030,24/6/2026 23:00:00,0
30420700,24/6/2026 22:04:00,0.5
01308A9027,24/6/2026 23:00:00,0
01308A9011,24/6/2026 22:00:00,0
30828000,24/6/2026 22:00:00,0
01308A9027,25/6/2026 04:00:00,0
80920245,24/6/2026 23:00:00,0
30420700,24/6/2026 22:12:00,0.8
30523790,24/6/2026 23:00:00,0
01308A9030,24/6/2026 22:00:00,0
30421550,25/6/2026 04:00:00,0
30421700,25/6/2026 04:00:00,0
30420700,24/6/2026 22:11:00,0.9
30420700,25/6/2026 04:00:00,0
30524360,24/6/2026 23:00:00,0
01308A9030,25/6/2026 04:00:00,0
30328250,24/6/2026 23:00:00,0
30420850,25/6/2026 04:00:00,0
30420700,24/6/2026 22:16:00,0.1
80520320,24/6/2026 23:00:00,0
30324620,24/6/2026 23:00:00,0
30329350,24/6/2026 23:00:00,0
01305A5005,25/6/2026 04:00:00,0
30828000,25/6/2026 04:00:00,0
30525710,25/6/2026 04:00:00,0
01303A5045,25/6/2026 04:00:00,0
30522700,24/6/2026 23:00:00,0
30329415,24/6/2026 23:00:00,0
30748050,24/6/2026 23:00:00,0
30324800,24/6/2026 23:00:00,0
01307A9010,25/6/2026 04:00:00,0
01307A5011,24/6/2026 22:00:00,0
30324700,24/6/2026 22:00:00,0
30421700,24/6/2026 22:00:00,0
30324800,25/6/2026 04:00:00,0
82020015,25/6/2026 04:00:00,0
30323950,25/6/2026 04:00:00,0
82020025,25/6/2026 04:00:00,0
30420850,24/6/2026 22:00:00,0
30328900,25/6/2026 04:00:00,0
80720165,24/6/2026 22:00:00,0
82020025,24/6/2026 22:00:00,0
80920245,24/6/2026 22:00:00,0
30747809,24/6/2026 22:00:00,0
30420700,24/6/2026 22:00:00,0.2
30827550,24/6/2026 22:00:00,0
01305A5005,24/6/2026 22:00:00,0
30524360,25/6/2026 04:00:00,0
30328250,24/6/2026 22:00:00,0
30524360,24/6/2026 22:00:00,0
30524150,25/6/2026 04:00:00,0
30524285,24/6/2026 22:00:00,0
30329350,25/6/2026 04:00:00,0
30524150,24/6/2026 22:00:00,0
30329415,25/6/2026 04:00:00,0
30523790,24/6/2026 22:00:00,0
30325530,25/6/2026 04:00:00,0
30748050,25/6/2026 04:00:00,0
30420700,24/6/2026 21:58:00,0.1
30523790,25/6/2026 04:00:00,0
30420700,24/6/2026 21:59:00,0.1
30522700,25/6/2026 04:00:00,0
80520320,25/6/2026 04:00:00,0
30523500,25/6/2026 04:00:00,0
30827550,25/6/2026 04:00:00,0
30329415,24/6/2026 22:00:00,0
30748050,24/6/2026 22:00:00,0
30420700,24/6/2026 21:56:00,0.5
30329350,24/6/2026 22:00:00,0
30325530,24/6/2026 22:00:00,0
30522700,24/6/2026 22:00:00,0
30828000,25/6/2026 03:00:00,0
30827700,25/6/2026 03:00:00,0
30525710,25/6/2026 03:00:00,0
30523930,25/6/2026 03:00:00,0
30523500,24/6/2026 22:00:00,0
30526105,24/6/2026 22:00:00,0
80520320,24/6/2026 22:00:00,0
30421910,25/6/2026 03:00:00,0
30420700,24/6/2026 21:57:00,0.1
01305A5005,25/6/2026 03:00:00,0
01307A9010,24/6/2026 21:00:00,0
30324620,24/6/2026 22:00:00,0
30524500,25/6/2026 03:00:00,0
01308A9027,25/6/2026 03:00:00,0
30525710,24/6/2026 21:00:00,0
01303A5045,25/6/2026 03:00:00,0
30828000,24/6/2026 21:00:00,0
80920245,25/6/2026 04:00:00,0
30324620,25/6/2026 04:00:00,0
82020015,24/6/2026 22:00:00,0
30420850,25/6/2026 03:00:00,0
01307A9010,25/6/2026 03:00:00,0
01308A9027,24/6/2026 21:00:00,0
30421550,24/6/2026 22:00:00,0
01307A5011,24/6/2026 21:00:00,0
01303A5019,24/6/2026 21:00:00,0
30523930,24/6/2026 21:00:00,0
30524285,25/6/2026 04:00:00,0
30324800,25/6/2026 03:00:00,0
80720165,25/6/2026 03:00:00,0
30748050,25/6/2026 03:00:00,0
80920245,25/6/2026 03:00:00,0
30827700,24/6/2026 21:00:00,0
80520320,25/6/2026 03:00:00,0
30421700,25/6/2026 03:00:00,0
30421910,24/6/2026 21:00:00,0
30420850,24/6/2026 21:00:00,0
30421550,24/6/2026 21:00:00,0
30524500,24/6/2026 21:00:00,0
01308A9030,24/6/2026 21:00:00,0
30324700,24/6/2026 21:00:00,0
01303A5045,24/6/2026 21:00:00,0
82020015,25/6/2026 03:00:00,0
01307A5011,25/6/2026 03:00:00,0
30420700,25/6/2026 03:00:00,0
30324700,25/6/2026 03:00:00,0
01308A9011,24/6/2026 21:00:00,0
30523500,25/6/2026 03:00:00,0
30747809,25/6/2026 04:00:00,0
80720165,24/6/2026 21:00:00,0
30323950,24/6/2026 22:00:00,0
80920245,24/6/2026 21:00:00,0
30523790,25/6/2026 03:00:00,0
30328250,25/6/2026 03:00:00,0
30324620,25/6/2026 03:00:00,0
30526105,25/6/2026 03:00:00,0
82020015,24/6/2026 21:00:00,0
30747809,25/6/2026 03:00:00,0
30328900,25/6/2026 03:00:00,0
30328900,24/6/2026 21:00:00,0
30420700,24/6/2026 21:00:00,0
30421700,24/6/2026 21:00:00,0
30524360,25/6/2026 03:00:00,0
30421550,25/6/2026 03:00:00,0
82020025,24/6/2026 21:00:00,0
30524150,25/6/2026 03:00:00,0
30324800,24/6/2026 21:00:00,0
30524285,25/6/2026 03:00:00,0
30524150,24/6/2026 21:00:00,0
30323950,25/6/2026 03:00:00,0
30524360,24/6/2026 21:00:00,0
01303A5019,25/6/2026 03:00:00,0
30324800,24/6/2026 22:00:00,0
30827550,24/6/2026 21:00:00,0
82020025,25/6/2026 03:00:00,0
01305A5005,24/6/2026 21:00:00,0
30325530,25/6/2026 03:00:00,0
01303A5045,25/6/2026 02:00:00,0
01307A9010,25/6/2026 02:00:00,0
01308A9027,25/6/2026 02:00:00,0
30324620,24/6/2026 21:00:00,0
30522700,25/6/2026 02:00:00,0
30524150,25/6/2026 02:00:00,0
30329350,25/6/2026 02:00:00,0
30323950,25/6/2026 02:00:00,0
30329350,24/6/2026 21:00:00,0
30329415,25/6/2026 02:00:00,0
82020025,24/6/2026 20:26:00,0.2
01308A9011,25/6/2026 02:00:00,0
82020025,24/6/2026 20:15:00,0.2
30522700,25/6/2026 03:00:00,0
82020025,24/6/2026 20:17:00,0.2
30329350,25/6/2026 03:00:00,0
01308A9011,25/6/2026 03:00:00,0
30328250,24/6/2026 21:00:00,0
30329415,25/6/2026 03:00:00,0
30747809,24/6/2026 21:00:00,0
80520320,24/6/2026 21:00:00,0
82020025,24/6/2026 20:02:00,0.2
30526105,24/6/2026 21:00:00,0
30523500,24/6/2026 21:00:00,0
30324620,24/6/2026 20:00:00,0
30526105,25/6/2026 04:00:00,0
30524285,24/6/2026 21:00:00,0
82020025,24/6/2026 20:20:00,0.2
30522700,24/6/2026 20:00:00,0
30324620,25/6/2026 02:00:00,0
82020025,24/6/2026 20:22:00,0.4
30524360,25/6/2026 02:00:00,0
30524360,24/6/2026 20:00:00,0
30747809,25/6/2026 02:00:00,0
82020025,24/6/2026 20:24:00,0.2
30323950,24/6/2026 21:00:00,0
30827550,25/6/2026 02:00:00,0
30523500,25/6/2026 02:00:00,0
30523790,25/6/2026 02:00:00,0
30827550,25/6/2026 03:00:00,0
80520320,25/6/2026 02:00:00,0
30325530,24/6/2026 21:00:00,0
30329415,24/6/2026 21:00:00,0
30524285,25/6/2026 02:00:00,0
30524150,24/6/2026 20:00:00,0
80920245,25/6/2026 02:00:00,0
30526105,25/6/2026 02:00:00,0
30748050,24/6/2026 21:00:00,0
01308A9030,25/6/2026 03:00:00,0
82020025,25/6/2026 02:00:00,0
80720165,25/6/2026 02:00:00,0
30523930,25/6/2026 02:00:00,0
82020025,24/6/2026 20:28:00,0.2
30421910,25/6/2026 02:00:00,0
82020025,24/6/2026 20:13:00,0.2
82020015,25/6/2026 02:00:00,0
01303A5019,24/6/2026 20:40:00,0.5
30325530,24/6/2026 20:00:00,0
30329350,24/6/2026 20:00:00,0
01307A9010,25/6/2026 01:00:00,0
30323950,24/6/2026 20:00:00,0
01308A9027,25/6/2026 01:00:00,0
30524285,24/6/2026 20:00:00,0
30828000,25/6/2026 01:00:00,0
30329415,24/6/2026 20:00:00,0
30747809,24/6/2026 20:00:00,0
01303A5019,25/6/2026 02:00:00,0
30324800,25/6/2026 02:00:00,0
30328250,25/6/2026 02:00:00,0
30523500,24/6/2026 20:00:00,0
30748050,25/6/2026 02:00:00,0
30525710,25/6/2026 01:00:00,0
01307A5011,25/6/2026 02:00:00,0
82020025,24/6/2026 20:05:00,0.2
01305A5005,25/6/2026 02:00:00,0
30525710,25/6/2026 02:00:00,0
30420700,25/6/2026 02:00:00,0
30421910,25/6/2026 01:00:00,0
30522700,24/6/2026 21:00:00,0
30523930,25/6/2026 01:00:00,0
30523790,24/6/2026 20:00:00,0
82020025,25/6/2026 01:00:00,0
30421700,25/6/2026 02:00:00,0
01303A5019,25/6/2026 01:00:00,0
80720165,25/6/2026 01:00:00,0
30328900,25/6/2026 02:00:00,0
30748050,25/6/2026 01:00:00,0
01308A9030,25/6/2026 01:00:00,0
82020025,24/6/2026 20:11:00,0.2
30421550,25/6/2026 01:00:00,0
30325530,25/6/2026 02:00:00,0
30421550,25/6/2026 02:00:00,0
30328250,25/6/2026 01:00:00,0
30524500,25/6/2026 02:00:00,0
30324700,25/6/2026 01:00:00,0
30523500,25/6/2026 01:00:00,0
30421700,25/6/2026 01:00:00,0
82020015,25/6/2026 01:00:00,0
01303A5045,25/6/2026 01:00:00,0
01305A5005,25/6/2026 01:00:00,0
01307A5011,25/6/2026 01:00:00,0
30827700,25/6/2026 01:00:00,0
30324800,25/6/2026 01:00:00,0
30420700,25/6/2026 01:00:00,0
30524500,25/6/2026 01:00:00,0
80520320,25/6/2026 01:00:00,0
30526105,25/6/2026 01:00:00,0
80920245,25/6/2026 01:00:00,0
30328900,25/6/2026 01:00:00,0
30325530,25/6/2026 01:00:00,0
01308A9011,25/6/2026 01:00:00,0
30524150,25/6/2026 01:00:00,0
30828000,25/6/2026 00:00:00,0
30523790,25/6/2026 01:00:00,0
01308A9027,25/6/2026 00:00:00,0
30323950,25/6/2026 01:00:00,0
30421550,25/6/2026 00:00:00,0
01303A5045,25/6/2026 00:00:00,0
01307A9010,25/6/2026 00:00:00,0
30324620,25/6/2026 01:00:00,0
30329350,25/6/2026 01:00:00,0
30329415,25/6/2026 01:00:00,0
30328900,25/6/2026 00:00:00,0
30522700,25/6/2026 01:00:00,0
30420850,25/6/2026 01:00:00,0
30524285,25/6/2026 01:00:00,0
30524360,25/6/2026 01:00:00,0
30324800,25/6/2026 00:00:00,0
82020025,25/6/2026 00:00:00,0
30420700,25/6/2026 00:00:00,0
30523930,25/6/2026 00:00:00,0
01308A9011,25/6/2026 00:00:00,0
30747809,25/6/2026 01:00:00,0
30827700,25/6/2026 02:00:00,0
30524500,24/6/2026 22:00:00,0
80720165,25/6/2026 00:00:00,0
30827700,25/6/2026 00:00:00,0
30523790,24/6/2026 21:00:00,0
30421700,25/6/2026 00:00:00,0
30748050,25/6/2026 00:00:00,0
30421910,25/6/2026 00:00:00,0
30328250,25/6/2026 00:00:00,0
01308A9030,25/6/2026 00:00:00,0
01305A5005,25/6/2026 00:00:00,0
01307A5011,25/6/2026 00:00:00,0
30524500,25/6/2026 00:00:00,0
30827550,25/6/2026 01:00:00,0
30324700,25/6/2026 00:00:00,0
30420850,25/6/2026 02:00:00,0
30522700,25/6/2026 00:00:00,0
80920245,25/6/2026 00:00:00,0
01308A9011,24/6/2026 23:00:00,0
30747809,25/6/2026 00:00:00,0
30523790,25/6/2026 00:00:00,0
30525710,24/6/2026 23:00:00,0
30828000,24/6/2026 23:00:00,0
30827550,25/6/2026 00:00:00,0
01307A5011,24/6/2026 23:00:00,0
30827700,24/6/2026 23:00:00,0
30523930,24/6/2026 23:00:00,0
01303A5019,25/6/2026 00:00:00,0
30421700,24/6/2026 23:00:00,0
30828000,25/6/2026 02:00:00,0
30324700,24/6/2026 23:00:00,0
30525710,25/6/2026 00:00:00,0
30420850,25/6/2026 00:00:00,0
30329415,25/6/2026 00:00:00,0
30523500,25/6/2026 00:00:00,0
30524150,25/6/2026 00:00:00,0
80520320,25/6/2026 00:00:00,0
30329350,25/6/2026 00:00:00,0
01305A5005,24/6/2026 23:00:00,0
30421910,24/6/2026 23:00:00,0
30323950,25/6/2026 00:00:00,0
30324620,25/6/2026 00:00:00,0
01303A5045,24/6/2026 23:00:00,0
82020015,25/6/2026 00:00:00,0
01307A9010,24/6/2026 23:00:00,0
30827700,24/6/2026 22:00:00,0
30524360,25/6/2026 00:00:00,0
30526105,25/6/2026 00:00:00,0
30325530,25/6/2026 00:00:00,0
01303A5045,24/6/2026 22:00:00,0
30421910,24/6/2026 22:00:00,0
01308A9030,25/6/2026 02:00:00,0
01303A5019,25/6/2026 04:00:00,0
30524285,25/6/2026 00:00:00,0
30324700,25/6/2026 02:00:00,0
30328250,25/6/2026 04:00:00,0
30328900,24/6/2026 22:00:00,0
30420700,24/6/2026 22:09:00,2.1
30746600,24/6/2026 22:00:00,0
30322675,25/6/2026 04:00:00,0
30324860,25/6/2026 04:00:00,0
30746350,24/6/2026 22:00:00,0
30746350,25/6/2026 04:00:00,0
30746600,25/6/2026 04:00:00,0
30523600,24/6/2026 22:00:00,0
30522755,24/6/2026 22:00:00,0
30523840,24/6/2026 22:00:00,0
01304A9002,24/6/2026 22:00:00,0
30827510,25/6/2026 04:00:00,0
30327950,25/6/2026 04:00:00,0
81120000,24/6/2026 22:00:00,0
01304A9001,24/6/2026 22:00:00,0
30746025,24/6/2026 22:00:00,0
30523635,24/6/2026 22:00:00,0
30748030,24/6/2026 22:00:00,0
30524352,24/6/2026 22:00:00,0
30325300,24/6/2026 22:00:00,0
01307A9012,25/6/2026 03:00:00,0
30524270,24/6/2026 22:00:00,0
30523710,25/6/2026 03:00:00,0
01304A9002,25/6/2026 03:00:00,0
30826840,25/6/2026 03:00:00,0
30523421,24/6/2026 22:00:00,0
30522930,25/6/2026 04:00:00,0
30523050,24/6/2026 22:00:00,0
30330900,25/6/2026 03:00:00,0
30324900,24/6/2026 22:00:00,0
30523710,24/6/2026 21:00:00,0
30524310,24/6/2026 22:00:00,0
81120000,25/6/2026 04:00:00,0
30827800,24/6/2026 22:00:00,0
01304A9003,24/6/2026 21:00:00,0
30523600,25/6/2026 04:00:00,0
30746025,25/6/2026 04:00:00,0
30522930,24/6/2026 22:00:00,0
30523100,24/6/2026 22:00:00,0
30324860,24/6/2026 22:00:00,0
30523545,24/6/2026 22:00:00,0
30524310,25/6/2026 04:00:00,0
30329300,25/6/2026 04:00:00,0
30523100,25/6/2026 04:00:00,0
30325300,25/6/2026 03:00:00,0
30747500,25/6/2026 03:00:00,0
30524352,25/6/2026 04:00:00,0
30523050,25/6/2026 03:00:00,0
30747500,24/6/2026 22:00:00,0
81120000,25/6/2026 03:00:00,0
30827800,25/6/2026 04:00:00,0
30523421,25/6/2026 03:00:00,0
30330100,25/6/2026 03:00:00,0
01303A5001,24/6/2026 21:00:00,0
30522755,25/6/2026 04:00:00,0
01304A9003,25/6/2026 03:00:00,0
30747850,25/6/2026 03:00:00,0
01305A5006,25/6/2026 03:00:00,0
30823700,25/6/2026 03:00:00,0
30746350,25/6/2026 03:00:00,0
30827510,25/6/2026 03:00:00,0
01303A5001,25/6/2026 03:00:00,0
01304A9001,25/6/2026 03:00:00,0
30746600,25/6/2026 03:00:00,0
01304A9001,24/6/2026 21:00:00,0
01308A9005,25/6/2026 03:00:00,0
30748030,25/6/2026 03:00:00,0
30330900,24/6/2026 21:00:00,0
30523635,25/6/2026 04:00:00,0
30747850,24/6/2026 21:00:00,0
01308A9005,24/6/2026 21:00:00,0
30523050,24/6/2026 21:00:00,0
30329300,25/6/2026 03:00:00,0
01303A9003,24/6/2026 21:00:00,0
30523421,24/6/2026 21:00:00,0
30322675,24/6/2026 22:00:00,0
30747850,24/6/2026 22:00:00,0
30329300,24/6/2026 21:00:00,0
30827800,25/6/2026 03:00:00,0
30823700,24/6/2026 21:00:00,0
30523600,25/6/2026 03:00:00,0
30330100,24/6/2026 21:00:00,0
30327950,25/6/2026 03:00:00,0
30746025,25/6/2026 03:00:00,0
30524310,25/6/2026 03:00:00,0
30522930,25/6/2026 03:00:00,0
30524270,25/6/2026 03:00:00,0
30324860,25/6/2026 03:00:00,0
30524352,25/6/2026 03:00:00,0
30523100,25/6/2026 03:00:00,0
30523635,25/6/2026 03:00:00,0
30524352,24/6/2026 21:00:00,0
30322675,25/6/2026 03:00:00,0
30324900,24/6/2026 21:00:00,0
30523545,25/6/2026 03:00:00,0
01303A9003,25/6/2026 03:00:00,0
30522755,25/6/2026 03:00:00,0
30523840,25/6/2026 03:00:00,0
01307A9012,24/6/2026 22:00:00,0
30747500,24/6/2026 21:00:00,0
30523840,24/6/2026 21:00:00,0
30523710,25/6/2026 02:00:00,0
30327950,24/6/2026 21:00:00,0
30524270,24/6/2026 21:00:00,0
01303A5001,25/6/2026 04:00:00,0
30324900,25/6/2026 03:00:00,0
01304A9002,25/6/2026 04:00:00,0
01303A9003,25/6/2026 04:00:00,0
30325300,24/6/2026 21:00:00,0
30522930,25/6/2026 02:00:00,0
30522755,24/6/2026 21:00:00,0
30523635,24/6/2026 21:00:00,0
30746350,24/6/2026 21:00:00,0
30324860,25/6/2026 02:00:00,0
30322675,25/6/2026 02:00:00,0
01304A9002,25/6/2026 02:00:00,0
30322675,24/6/2026 21:00:00,0
30746025,25/6/2026 02:00:00,0
30524352,25/6/2026 02:00:00,0
30324860,24/6/2026 21:00:00,0
30827510,24/6/2026 21:00:00,0
30322675,24/6/2026 20:00:00,0
30827800,24/6/2026 21:00:00,0
30746350,25/6/2026 02:00:00,0
30524310,25/6/2026 02:00:00,0
30523600,25/6/2026 02:00:00,0
30523600,24/6/2026 21:00:00,0
30523635,25/6/2026 02:00:00,0
30522755,24/6/2026 20:00:00,0
30827510,25/6/2026 02:00:00,0
30523635,24/6/2026 20:00:00,0
30827800,25/6/2026 02:00:00,0
30746600,25/6/2026 02:00:00,0
30522755,25/6/2026 02:00:00,0
30524310,24/6/2026 20:00:00,0
30524270,25/6/2026 02:00:00,0
30746600,24/6/2026 21:00:00,0
30748030,24/6/2026 21:00:00,0
30327950,24/6/2026 20:00:00,0
30746025,24/6/2026 20:00:00,0
30324860,24/6/2026 20:00:00,0
30523100,25/6/2026 02:00:00,0
30330900,25/6/2026 02:00:00,0
30522930,24/6/2026 20:00:00,0
30330100,25/6/2026 02:00:00,0
30523600,24/6/2026 20:00:00,0
30523840,25/6/2026 02:00:00,0
30524310,24/6/2026 21:00:00,0
01307A9012,24/6/2026 21:00:00,0
01308A9005,25/6/2026 02:00:00,0
81120000,25/6/2026 02:00:00,0
30746025,24/6/2026 21:00:00,0
30523545,25/6/2026 02:00:00,0
30324900,25/6/2026 02:00:00,0
01305A5006,25/6/2026 02:00:00,0
30325300,25/6/2026 02:00:00,0
30748030,25/6/2026 02:00:00,0
01307A9012,25/6/2026 02:00:00,0
30523421,25/6/2026 02:00:00,0
30329300,25/6/2026 02:00:00,0
01303A5001,25/6/2026 02:00:00,0
30523050,25/6/2026 02:00:00,0
30522930,24/6/2026 21:00:00,0
01304A9001,25/6/2026 02:00:00,0
30523100,24/6/2026 21:00:00,0
01304A9003,25/6/2026 01:00:00,0
30826840,25/6/2026 01:00:00,0
01303A9003,25/6/2026 01:00:00,0
01307A9012,25/6/2026 01:00:00,0
01304A9003,25/6/2026 02:00:00,0
01304A9001,25/6/2026 01:00:00,0
30826840,25/6/2026 02:00:00,0
30823700,25/6/2026 01:00:00,0
01308A9005,25/6/2026 01:00:00,0
30523710,25/6/2026 01:00:00,0
30523840,25/6/2026 01:00:00,0
30327950,25/6/2026 01:00:00,0
30747500,25/6/2026 02:00:00,0
01305A5006,25/6/2026 01:00:00,0
30747850,25/6/2026 02:00:00,0
30747850,25/6/2026 01:00:00,0
01304A9002,25/6/2026 01:00:00,0
30823700,25/6/2026 02:00:00,0
30327950,25/6/2026 02:00:00,0
01305A5006,24/6/2026 21:00:00,0
30522755,25/6/2026 01:00:00,0
30826840,24/6/2026 21:00:00,0
30746025,25/6/2026 01:00:00,0
30327950,24/6/2026 22:00:00,0
30330100,25/6/2026 01:00:00,0
30746600,25/6/2026 01:00:00,0
01303A9003,25/6/2026 02:00:00,0
01303A9003,25/6/2026 00:00:00,0
30746350,25/6/2026 01:00:00,0
01304A9002,25/6/2026 00:00:00,0
30524270,25/6/2026 01:00:00,0
30523710,25/6/2026 00:00:00,0
30524310,25/6/2026 01:00:00,0
30322675,25/6/2026 01:00:00,0
30827800,25/6/2026 01:00:00,0
30826840,25/6/2026 00:00:00,0
30330900,25/6/2026 01:00:00,0
30523635,25/6/2026 01:00:00,0
30747850,25/6/2026 00:00:00,0
30748030,25/6/2026 00:00:00,0
30523100,25/6/2026 01:00:00,0
81120000,25/6/2026 01:00:00,0
30823700,25/6/2026 00:00:00,0
30523421,25/6/2026 00:00:00,0
30523600,25/6/2026 01:00:00,0
30522930,25/6/2026 01:00:00,0
30324860,25/6/2026 01:00:00,0
01307A9012,25/6/2026 00:00:00,0
01308A9005,25/6/2026 00:00:00,0
30827510,25/6/2026 01:00:00,0
01304A9001,25/6/2026 00:00:00,0
30747500,25/6/2026 00:00:00,0
01303A5001,25/6/2026 01:00:00,0
30324900,25/6/2026 00:00:00,0
30324900,25/6/2026 01:00:00,0
30523421,25/6/2026 01:00:00,0
30748030,25/6/2026 01:00:00,0
01305A5006,25/6/2026 00:00:00,0
30327950,25/6/2026 00:00:00,0
30523545,24/6/2026 21:00:00,0
30523050,25/6/2026 00:00:00,0
30330100,25/6/2026 00:00:00,0
30329300,25/6/2026 00:00:00,0
81120000,25/6/2026 00:00:00,0
30324860,25/6/2026 00:00:00,0
30524310,25/6/2026 00:00:00,0
30827510,25/6/2026 00:00:00,0
30827800,25/6/2026 00:00:00,0
30524352,25/6/2026 00:00:00,0
01303A5001,25/6/2026 00:00:00,0
30746025,25/6/2026 00:00:00,0
30325300,25/6/2026 00:00:00,0
30330900,25/6/2026 00:00:00,0
30322675,25/6/2026 00:00:00,0
30523100,25/6/2026 00:00:00,0
30523635,25/6/2026 00:00:00,0
30330900,24/6/2026 23:00:00,0
30746350,25/6/2026 00:00:00,0
01304A9002,24/6/2026 23:00:00,0
01307A9012,24/6/2026 23:00:00,0
01304A9003,25/6/2026 00:00:00,0
01304A9001,24/6/2026 23:00:00,0
30523600,25/6/2026 00:00:00,0
30523545,25/6/2026 01:00:00,0
30823700,24/6/2026 23:00:00,0
30522755,25/6/2026 00:00:00,0
30523710,24/6/2026 23:00:00,0
01303A9003,24/6/2026 23:00:00,0
30748030,24/6/2026 23:00:00,0
30826840,24/6/2026 23:00:00,0
30747850,24/6/2026 23:00:00,0
01304A9003,24/6/2026 23:00:00,0
30330100,24/6/2026 23:00:00,0
01308A9005,24/6/2026 23:00:00,0
30522930,25/6/2026 00:00:00,0
30523545,25/6/2026 00:00:00,0
30524352,25/6/2026 01:00:00,0
30524270,25/6/2026 00:00:00,0
30523050,25/6/2026 01:00:00,0
30325300,25/6/2026 01:00:00,0
30523840,25/6/2026 00:00:00,0
30329300,25/6/2026 01:00:00,0
30324900,24/6/2026 23:00:00,0
30746600,25/6/2026 00:00:00,0
30524352,24/6/2026 23:00:00,0
30330100,24/6/2026 22:00:00,0
30747500,25/6/2026 01:00:00,0
30523840,24/6/2026 23:00:00,0
01305A5006,24/6/2026 23:00:00,0
01303A5001,24/6/2026 23:00:00,0
30324860,24/6/2026 23:00:00,0
30524270,24/6/2026 23:00:00,0
30322675,24/6/2026 23:00:00,0
30827510,24/6/2026 23:00:00,0
30524310,24/6/2026 23:00:00,0
30827800,24/6/2026 23:00:00,0
30746025,24/6/2026 23:00:00,0
30746600,24/6/2026 23:00:00,0
30746350,24/6/2026 23:00:00,0
30325300,24/6/2026 23:00:00,0
81120000,24/6/2026 23:00:00,0
30523421,24/6/2026 23:00:00,0
30523710,25/6/2026 04:00:00,0
30523100,24/6/2026 23:00:00,0
01304A9001,25/6/2026 04:00:00,0
01303A9003,24/6/2026 22:00:00,0
01305A5006,25/6/2026 04:00:00,0
30747850,25/6/2026 04:00:00,0
30826840,25/6/2026 04:00:00,0
01308A9005,24/6/2026 22:00:00,0
30523635,24/6/2026 23:00:00,0
30523600,24/6/2026 23:00:00,0
30523710,24/6/2026 22:00:00,0
30327950,24/6/2026 23:00:00,0
30325300,25/6/2026 04:00:00,0
30324900,25/6/2026 04:00:00,0
30747500,24/6/2026 23:00:00,0
01304A9003,24/6/2026 22:00:00,0
01304A9003,25/6/2026 04:00:00,0
01303A5001,24/6/2026 22:00:00,0
30330900,25/6/2026 04:00:00,0
30523421,25/6/2026 04:00:00,0
01304A9002,24/6/2026 21:00:00,0
30747500,25/6/2026 04:00:00,0
30748030,25/6/2026 04:00:00,0
30330100,25/6/2026 04:00:00,0
30524270,25/6/2026 04:00:00,0
01308A9005,25/6/2026 04:00:00,0
30523840,25/6/2026 04:00:00,0
30826840,24/6/2026 22:00:00,0
30523545,25/6/2026 04:00:00,0
01305A5006,24/6/2026 22:00:00,0
30522930,24/6/2026 23:00:00,0
01307A9012,25/6/2026 04:00:00,0
30329300,24/6/2026 22:00:00,0
30523545,24/6/2026 23:00:00,0
30823700,24/6/2026 22:00:00,0
30823700,25/6/2026 04:00:00,0
30522755,24/6/2026 23:00:00,0
30523050,24/6/2026 23:00:00,0
30329300,24/6/2026 23:00:00,0
30330900,24/6/2026 22:00:00,0
81120000,24/6/2026 21:00:00,0
30523050,25/6/2026 04:00:00,0
30827510,24/6/2026 22:00:00,0
30524208,25/6/2026 01:00:00,0
01303A5008,25/6/2026 01:00:00,0
01307A0900,25/6/2026 01:00:00,0
01307A5016,25/6/2026 01:00:00,0
30329200,25/6/2026 01:00:00,0
01303A9015,25/6/2026 01:00:00,0
01303A5012,25/6/2026 01:00:00,0
01308A9008,25/6/2026 01:00:00,0
30747400,25/6/2026 01:00:00,0
30746900,25/6/2026 01:00:00,0
30747530,25/6/2026 01:00:00,0
30748100,25/6/2026 01:00:00,0
01303A5008,25/6/2026 02:00:00,0
30828030,25/6/2026 01:00:00,0
30747530,25/6/2026 02:00:00,0
30747635,25/6/2026 01:00:00,0
30523074,25/6/2026 01:00:00,0
30747985,25/6/2026 01:00:00,0
30746900,25/6/2026 02:00:00,0
01303A5009,25/6/2026 02:00:00,0
01303A9015,25/6/2026 02:00:00,0
30329200,25/6/2026 02:00:00,0
30325150,25/6/2026 02:00:00,0
30325510,25/6/2026 01:00:00,0
01307A9003,25/6/2026 02:00:00,0
01303A5008,25/6/2026 00:00:00,0
01307A9009,25/6/2026 02:00:00,0
80720110,25/6/2026 01:00:00,0
30523720,25/6/2026 02:00:00,0
30322450,25/6/2026 01:00:00,0
01308A9008,25/6/2026 02:00:00,0
80720195,25/6/2026 02:00:00,0
30828030,25/6/2026 02:00:00,0
01303A5012,25/6/2026 02:00:00,0
30524305,25/6/2026 02:00:00,0
30747660,25/6/2026 02:00:00,0
01303A9006,25/6/2026 02:00:00,0
30526200,25/6/2026 02:00:00,0
30747530,25/6/2026 00:00:00,0
30329200,25/6/2026 00:00:00,0
01307A5002,25/6/2026 00:00:00,0
30526200,25/6/2026 00:00:00,0
80720195,25/6/2026 00:00:00,0
30746900,25/6/2026 00:00:00,0
01303A5009,25/6/2026 01:00:00,0
01303A5012,25/6/2026 00:00:00,0
01307A9009,25/6/2026 01:00:00,0
01307A9009,25/6/2026 00:00:00,0
01303A9006,25/6/2026 01:00:00,0
30522850,24/6/2026 23:00:00,0
30325150,25/6/2026 01:00:00,0
30828030,24/6/2026 23:00:00,0
01307A5016,24/6/2026 23:00:00,0
30827525,24/6/2026 23:00:00,0
01303A9007,25/6/2026 01:00:00,0
01307A9003,25/6/2026 01:00:00,0
30747660,25/6/2026 01:00:00,0
30523720,25/6/2026 01:00:00,0
30328225,25/6/2026 01:00:00,0
30526200,25/6/2026 01:00:00,0
80720195,25/6/2026 01:00:00,0
30823750,25/6/2026 01:00:00,0
30823750,25/6/2026 00:00:00,0
01303A9011,25/6/2026 01:00:00,0
30524305,25/6/2026 01:00:00,0
80720110,25/6/2026 00:00:00,0
01307A5002,25/6/2026 01:00:00,0
30828030,25/6/2026 00:00:00,0
01303A5009,25/6/2026 00:00:00,0
30522850,25/6/2026 00:00:00,0
01303A9011,25/6/2026 00:00:00,0
30328270,25/6/2026 01:00:00,0
01307A5016,25/6/2026 00:00:00,0
30522850,25/6/2026 01:00:00,0
30747806,25/6/2026 01:00:00,0
30328225,25/6/2026 00:00:00,0
30329220,25/6/2026 01:00:00,0
30748100,25/6/2026 02:00:00,0
01303A9006,25/6/2026 00:00:00,0
30325150,25/6/2026 00:00:00,0
30747400,25/6/2026 02:00:00,0
01303A9007,25/6/2026 02:00:00,0
30524208,24/6/2026 23:00:00,0
01307A0900,25/6/2026 00:00:00,0
30329220,24/6/2026 23:00:00,0
01303A9011,25/6/2026 02:00:00,0
30747806,24/6/2026 23:00:00,0
30524208,25/6/2026 00:00:00,0
30823750,24/6/2026 23:00:00,0
01303A9007,25/6/2026 00:00:00,0
30328225,24/6/2026 23:00:00,0
30523074,25/6/2026 00:00:00,0
30524305,24/6/2026 23:00:00,0
30747806,25/6/2026 00:00:00,0
80720110,24/6/2026 22:37:00,0.2
30747635,25/6/2026 00:00:00,0
30746900,24/6/2026 23:00:00,0
30325510,25/6/2026 00:00:00,0
80720110,24/6/2026 22:24:00,0.4
80720110,24/6/2026 22:33:00,0.2
30325510,24/6/2026 23:00:00,0
01307A9003,24/6/2026 23:00:00,0
80720110,24/6/2026 22:23:00,0
30526200,24/6/2026 23:00:00,0
30523720,25/6/2026 00:00:00,0
01303A9006,24/6/2026 22:00:00,0
30748100,24/6/2026 23:00:00,0
01303A9011,24/6/2026 22:00:00,0
01307A5016,24/6/2026 22:00:00,0
01303A5009,25/6/2026 04:00:00,0
01307A5002,24/6/2026 22:00:00,0
01308A9008,24/6/2026 22:00:00,0
01307A0900,25/6/2026 04:00:00,0
01307A5016,25/6/2026 04:00:00,0
01307A9003,25/6/2026 04:00:00,0
01307A9009,25/6/2026 04:00:00,0
30747660,24/6/2026 23:00:00,0
30747400,25/6/2026 04:00:00,0
30747985,25/6/2026 00:00:00,0
30747530,25/6/2026 04:00:00,0
01303A5008,24/6/2026 23:00:00,0
01303A9011,24/6/2026 23:00:00,0
01307A5002,24/6/2026 23:00:00,0
01308A9008,24/6/2026 23:00:00,0
30747530,24/6/2026 22:00:00,0
01307A0900,24/6/2026 23:00:00,0
30747530,24/6/2026 23:00:00,0
30524305,25/6/2026 00:00:00,0
30329220,25/6/2026 00:00:00,0
30828030,25/6/2026 04:00:00,0
30328270,25/6/2026 00:00:00,0
30322450,25/6/2026 00:00:00,0
01303A9006,25/6/2026 04:00:00,0
01303A9015,24/6/2026 23:00:00,0
30747660,24/6/2026 22:00:00,0
01303A9015,25/6/2026 00:00:00,0
01303A5009,24/6/2026 22:00:00,0
30746900,24/6/2026 22:00:00,0
30325150,24/6/2026 22:00:00,0
30526200,24/6/2026 22:00:00,0
30827525,24/6/2026 22:00:00,0
30747400,25/6/2026 00:00:00,0
30747400,24/6/2026 23:00:00,0
30747660,25/6/2026 00:00:00,0
80720110,24/6/2026 22:00:00,0
30748100,25/6/2026 00:00:00,0
01307A9003,25/6/2026 00:00:00,0
80720110,25/6/2026 02:00:00,0
30827525,25/6/2026 00:00:00,0
80720110,24/6/2026 22:35:00,0.4
30823750,25/6/2026 04:00:00,0
30328270,24/6/2026 23:00:00,0
01303A9007,24/6/2026 22:00:00,0
80720110,24/6/2026 22:31:00,0.2
01303A9007,25/6/2026 04:00:00,0
80720110,24/6/2026 22:26:00,0.8
80720110,25/6/2026 04:00:00,0
30329200,25/6/2026 04:00:00,0
01303A9015,24/6/2026 22:00:00,0
30746900,25/6/2026 04:00:00,0
30526200,25/6/2026 04:00:00,0
01307A9009,24/6/2026 22:00:00,0
30322450,25/6/2026 04:00:00,0
30523074,24/6/2026 23:00:00,0
30328270,24/6/2026 22:00:00,0
30747635,25/6/2026 04:00:00,0
80720110,24/6/2026 22:28:00,0.6
30823750,24/6/2026 22:00:00,0
30328225,24/6/2026 22:00:00,0
30748100,25/6/2026 04:00:00,0
30747806,25/6/2026 04:00:00,0
01303A5012,25/6/2026 04:00:00,0
30524208,24/6/2026 22:00:00,0
30329220,24/6/2026 22:00:00,0
30747635,24/6/2026 22:00:00,0
30325510,24/6/2026 22:00:00,0
30328225,25/6/2026 04:00:00,0
30522850,25/6/2026 04:00:00,0
30747806,24/6/2026 22:00:00,0
30328270,25/6/2026 04:00:00,0
80720110,24/6/2026 22:13:00,0.2
80720110,24/6/2026 22:18:00,0
30322450,24/6/2026 22:00:00,0
80720110,24/6/2026 22:15:00,2.8
01303A9011,25/6/2026 04:00:00,0
80720110,24/6/2026 22:17:00,3.2
80720110,24/6/2026 22:10:00,0.2
30747635,24/6/2026 23:00:00,0
30329200,24/6/2026 22:00:00,0
01303A5008,25/6/2026 04:00:00,0
30828030,25/6/2026 03:00:00,0
01308A9008,25/6/2026 04:00:00,0
01307A5002,25/6/2026 04:00:00,0
01307A5002,25/6/2026 03:00:00,0
01307A5016,25/6/2026 03:00:00,0
01303A5012,24/6/2026 21:00:00,0
01303A9015,25/6/2026 04:00:00,0
30325150,25/6/2026 04:00:00,0
30524305,25/6/2026 04:00:00,0
30523720,25/6/2026 04:00:00,0
80720195,24/6/2026 23:00:00,0
30747400,25/6/2026 03:00:00,0
01307A9003,24/6/2026 22:00:00,0
01303A5008,25/6/2026 03:00:00,0
30748100,24/6/2026 22:00:00,0
01307A0900,24/6/2026 22:00:00,0
01303A5012,25/6/2026 03:00:00,0
30828030,24/6/2026 22:00:00,0
30526200,25/6/2026 03:00:00,0
30747660,25/6/2026 04:00:00,0
30746900,25/6/2026 03:00:00,0
01303A5008,24/6/2026 22:00:00,0
01303A9015,25/6/2026 03:00:00,0
01303A9006,24/6/2026 23:00:00,0
80720110,24/6/2026 23:00:00,0
01303A5009,24/6/2026 23:00:00,0
30523720,24/6/2026 23:00:00,0
01303A9007,24/6/2026 23:00:00,0
30325150,24/6/2026 23:00:00,0
30329200,24/6/2026 23:00:00,0
01303A5012,24/6/2026 23:00:00,0
01307A9009,24/6/2026 23:00:00,0
01303A9006,24/6/2026 21:00:00,0
01303A5008,24/6/2026 21:00:00,0
30747660,25/6/2026 03:00:00,0
80720195,25/6/2026 03:00:00,0
01303A9011,25/6/2026 03:00:00,0
01303A9007,25/6/2026 03:00:00,0
30322450,24/6/2026 23:00:00,0
01307A9003,25/6/2026 03:00:00,0
30522850,24/6/2026 22:00:00,0
01307A9009,25/6/2026 03:00:00,0
30329200,25/6/2026 03:00:00,0
30523074,25/6/2026 04:00:00,0
80720110,24/6/2026 22:19:00,1.8
01307A0900,25/6/2026 03:00:00,0
30747985,24/6/2026 23:00:00,0
30524208,25/6/2026 04:00:00,0
30747985,25/6/2026 04:00:00,0
30329220,25/6/2026 04:00:00,0
80720195,24/6/2026 22:00:00,0
30325510,25/6/2026 04:00:00,0
30523720,24/6/2026 22:00:00,0
30523074,24/6/2026 22:00:00,0
01303A5012,24/6/2026 22:00:00,0
01303A9006,25/6/2026 03:00:00,0
80720110,24/6/2026 22:20:00,1
01303A5009,24/6/2026 21:40:00,0.5
30828030,24/6/2026 21:00:00,0
30522850,25/6/2026 03:00:00,0
30747530,24/6/2026 21:00:00,0
01308A9008,25/6/2026 03:00:00,0
30329200,24/6/2026 21:00:00,0
30524305,24/6/2026 22:00:00,0
01307A9003,24/6/2026 21:00:00,0
80720195,25/6/2026 04:00:00,0
01303A9007,24/6/2026 21:00:00,0
01307A5016,24/6/2026 21:00:00,0
30328225,25/6/2026 03:00:00,0
01307A0900,24/6/2026 21:00:00,0
01307A5002,24/6/2026 21:00:00,0
30522850,24/6/2026 21:00:00,0
80720110,25/6/2026 03:00:00,0
01308A9008,24/6/2026 21:00:00,0
30748100,25/6/2026 03:00:00,0
01303A9011,24/6/2026 21:00:00,0
80720110,24/6/2026 21:00:00,0
30523074,25/6/2026 03:00:00,0
30325150,25/6/2026 03:00:00,0
30746900,24/6/2026 21:00:00,0
30329220,25/6/2026 03:00:00,0
30747660,24/6/2026 21:00:00,0
30524305,25/6/2026 03:00:00,0
30523720,24/6/2026 21:00:00,0
30328270,25/6/2026 03:00:00,0
30524305,24/6/2026 21:00:00,0
30747806,25/6/2026 03:00:00,0
30526200,24/6/2026 21:00:00,0
01307A9009,24/6/2026 21:00:00,0
30524208,25/6/2026 03:00:00,0
30827525,24/6/2026 21:00:00,0
30325150,24/6/2026 21:00:00,0
01303A5009,24/6/2026 21:00:00,0
80720110,24/6/2026 22:22:00,2.6
30748100,24/6/2026 21:00:00,0
30523074,24/6/2026 21:00:00,0
30322450,24/6/2026 21:00:00,0
01303A9015,24/6/2026 21:00:00,0
30322450,25/6/2026 03:00:00,0
30328225,24/6/2026 21:00:00,0
30823750,25/6/2026 03:00:00,0
30524208,24/6/2026 21:00:00,0
30325510,25/6/2026 03:00:00,0
80720195,24/6/2026 21:00:00,0
30747400,24/6/2026 21:00:00,0
30747985,25/6/2026 03:00:00,0
30522850,25/6/2026 02:00:00,0
30823750,24/6/2026 21:00:00,0
30329220,24/6/2026 21:00:00,0
01303A5009,25/6/2026 03:00:00,0
01307A0900,25/6/2026 02:00:00,0
30325510,25/6/2026 02:00:00,0
30524208,25/6/2026 02:00:00,0
30328270,25/6/2026 02:00:00,0
30747635,24/6/2026 20:00:00,0
30329220,25/6/2026 02:00:00,0
30328270,24/6/2026 20:00:00,0
01307A5016,25/6/2026 02:00:00,0
30325510,24/6/2026 21:00:00,0
30322450,25/6/2026 02:00:00,0
30747985,25/6/2026 02:00:00,0
30523720,25/6/2026 03:00:00,0
30747806,25/6/2026 02:00:00,0
30325510,24/6/2026 20:00:00,0
30747985,24/6/2026 20:00:00,0
30329220,24/6/2026 20:00:00,0
30328225,25/6/2026 02:00:00,0
30747806,24/6/2026 20:00:00,0
30747635,24/6/2026 21:00:00,0
30523074,25/6/2026 02:00:00,0
30747806,24/6/2026 21:00:00,0
30823750,25/6/2026 02:00:00,0
30747985,24/6/2026 21:00:00,0
30747635,25/6/2026 02:00:00,0
30747985,24/6/2026 22:00:00,0
30747530,25/6/2026 03:00:00,0
30328270,24/6/2026 21:00:00,0
01308A9008,25/6/2026 00:00:00,0
30747635,25/6/2026 03:00:00,0
30747400,24/6/2026 22:00:00,0
01307A5002,25/6/2026 02:00:00,0
80420300,24/6/2026 23:00:00,0
80620370,24/6/2026 23:00:00,0
80720175,24/6/2026 23:00:00,0
80620390,24/6/2026 23:00:00,0
30747807,24/6/2026 23:00:00,0
30826815,24/6/2026 23:00:00,0
30747300,24/6/2026 23:00:00,0
30329100,24/6/2026 23:00:00,0
80720120,24/6/2026 23:00:00,0
80720120,24/6/2026 22:13:00,0.2
30421100,24/6/2026 22:15:00,0.2
30746240,25/6/2026 04:00:00,0
01308A9002,25/6/2026 04:00:00,0
30421100,24/6/2026 22:08:00,0.1
80720120,24/6/2026 22:07:00,1.8
30421100,24/6/2026 22:09:00,1.8
30526160,24/6/2026 23:00:00,0
80720120,24/6/2026 22:05:00,2
01304A9004,24/6/2026 22:35:00,1.5
30745660,24/6/2026 23:00:00,0
01304A9004,24/6/2026 22:30:00,6
30421100,24/6/2026 22:10:00,2.6
01304A9004,24/6/2026 22:40:00,2
80720120,24/6/2026 22:11:00,1.8
30421300,24/6/2026 23:00:00,0
30746240,24/6/2026 22:00:00,0
30421100,24/6/2026 22:12:00,1.1
30421100,24/6/2026 22:16:00,0.2
01307A9017,24/6/2026 22:00:00,0
01308A9028,25/6/2026 04:00:00,0
80720120,25/6/2026 00:00:00,0
80720175,25/6/2026 00:00:00,0
01303A5006,25/6/2026 00:00:00,0
80620370,25/6/2026 00:00:00,0
30521200,25/6/2026 00:00:00,0
80620390,25/6/2026 00:00:00,0
30523695,25/6/2026 00:00:00,0
30322200,25/6/2026 00:00:00,0
01303A5006,24/6/2026 23:00:00,0
30747300,25/6/2026 00:00:00,0
80120290,25/6/2026 00:00:00,0
30421100,25/6/2026 00:00:00,0
01307A5006,25/6/2026 04:00:00,0
30746210,24/6/2026 22:00:00,0
30521200,24/6/2026 23:00:00,0
01307A9013,24/6/2026 22:00:00,0
01307A9007,24/6/2026 22:00:00,0
01307A9013,25/6/2026 04:00:00,0
01307A5015,25/6/2026 04:00:00,0
30421100,24/6/2026 22:18:00,0.3
01304A9004,25/6/2026 04:00:00,0
81120005,24/6/2026 22:00:00,0
01304A9004,24/6/2026 23:00:00,0
30524700,24/6/2026 22:00:00,0
30325570,24/6/2026 23:00:00,0
01303A5006,25/6/2026 04:00:00,0
01307A5006,24/6/2026 23:00:00,0
80620320,25/6/2026 04:00:00,0
80120290,25/6/2026 04:00:00,0
30745660,24/6/2026 22:00:00,0
80620370,25/6/2026 04:00:00,0
80620370,24/6/2026 22:00:00,0
30746400,25/6/2026 04:00:00,0
30524700,25/6/2026 04:00:00,0
01307A9013,25/6/2026 00:00:00,0
01307A9013,24/6/2026 23:00:00,0
80620375,24/6/2026 22:00:00,0
80120290,24/6/2026 22:00:00,0
30746210,25/6/2026 04:00:00,0
80420300,24/6/2026 22:00:00,0
30325570,25/6/2026 04:00:00,0
80720175,25/6/2026 04:00:00,0
80620320,24/6/2026 22:00:00,0
01307A9017,25/6/2026 04:00:00,0
30323820,24/6/2026 22:00:00,0
30421100,24/6/2026 22:13:00,0.8
01307A9013,25/6/2026 03:00:00,0
30421100,24/6/2026 22:14:00,0.3
80720120,24/6/2026 21:56:00,0.4
30421100,24/6/2026 22:17:00,0.4
30522987,25/6/2026 04:00:00,0
80720120,24/6/2026 22:03:00,0.6
30523695,24/6/2026 22:00:00,0
80720120,24/6/2026 22:09:00,1.4
80620390,25/6/2026 04:00:00,0
30421100,24/6/2026 22:11:00,1.8
30746240,25/6/2026 03:00:00,0
80720120,24/6/2026 22:20:00,0.2
30746210,25/6/2026 03:00:00,0
80620320,24/6/2026 23:00:00,0
30323820,24/6/2026 23:00:00,0
30421100,24/6/2026 22:19:00,0.2
30522740,24/6/2026 22:00:00,0
01307A5015,24/6/2026 22:00:00,0
30520800,24/6/2026 21:00:00,0
30523695,24/6/2026 23:00:00,0
30522740,24/6/2026 23:00:00,0
01307A9017,25/6/2026 03:00:00,0
01307A5015,24/6/2026 21:00:00,0
30522987,24/6/2026 23:00:00,0
30746400,24/6/2026 23:00:00,0
80120290,24/6/2026 23:00:00,0
80620375,24/6/2026 23:00:00,0
01304A9004,24/6/2026 22:25:00,7.5
30421100,24/6/2026 22:25:00,0.1
01304A9004,24/6/2026 22:50:00,0.5
30745660,25/6/2026 03:00:00,0
01304A9004,24/6/2026 22:20:00,0.5
01308A9002,24/6/2026 21:00:00,0
30421100,24/6/2026 22:24:00,0.1
80720175,25/6/2026 03:00:00,0
30322200,24/6/2026 23:00:00,0
30421100,24/6/2026 23:00:00,0
30421100,24/6/2026 22:20:00,0.1
01307A9017,24/6/2026 21:00:00,0
01307A9007,25/6/2026 04:00:00,0
01307A9002,24/6/2026 22:00:00,0
01303A5006,24/6/2026 22:00:00,0
80420300,25/6/2026 03:00:00,0
01307A9002,25/6/2026 04:00:00,0
30521200,24/6/2026 22:00:00,0
30520800,25/6/2026 04:00:00,0
30421100,25/6/2026 04:00:00,0
30421300,25/6/2026 04:00:00,0
01307A5006,24/6/2026 22:00:00,0
30745660,25/6/2026 04:00:00,0
80420300,25/6/2026 04:00:00,0
30521200,25/6/2026 04:00:00,0
80620320,25/6/2026 03:00:00,0
30520800,24/6/2026 22:00:00,0
01303A5006,24/6/2026 21:00:00,0
01308A9002,24/6/2026 22:00:00,0
30421300,24/6/2026 21:00:00,0
80720175,24/6/2026 21:00:00,0
80720120,24/6/2026 22:01:00,0
81120005,24/6/2026 21:00:00,0
30745660,24/6/2026 21:00:00,0
30523695,25/6/2026 03:00:00,0
30522740,25/6/2026 03:00:00,0
80620370,24/6/2026 21:00:00,0
80620390,24/6/2026 21:00:00,0
01304A9004,24/6/2026 21:00:00,0
80620375,25/6/2026 03:00:00,0
30826815,25/6/2026 03:00:00,0
30421100,24/6/2026 22:00:00,0
80620390,25/6/2026 03:00:00,0
30329100,25/6/2026 03:00:00,0
01304A9004,24/6/2026 22:00:00,0
30421100,25/6/2026 03:00:00,0
30421300,24/6/2026 22:00:00,0
01307A5006,25/6/2026 03:00:00,0
30746210,24/6/2026 21:00:00,0
01308A9028,24/6/2026 22:00:00,0
30746240,25/6/2026 02:00:00,0
80720175,24/6/2026 22:00:00,0
30526160,25/6/2026 04:00:00,0
30325570,24/6/2026 22:00:00,0
80420300,24/6/2026 21:00:00,0
80720120,25/6/2026 04:00:00,0
30323820,25/6/2026 03:00:00,0
30826815,25/6/2026 04:00:00,0
30522740,24/6/2026 21:00:00,0
80620320,24/6/2026 21:00:00,0
80620375,25/6/2026 04:00:00,0
30522987,24/6/2026 21:00:00,0
30322200,25/6/2026 03:00:00,0
30826815,24/6/2026 21:00:00,0
01308A9028,25/6/2026 02:00:00,0
30523695,24/6/2026 21:00:00,0
80120290,24/6/2026 21:00:00,0
80720120,24/6/2026 22:00:00,0.8
30747300,25/6/2026 04:00:00,0
30747807,25/6/2026 04:00:00,0
30329100,25/6/2026 04:00:00,0
30322200,25/6/2026 04:00:00,0
30323820,25/6/2026 04:00:00,0
30746400,25/6/2026 03:00:00,0
30322200,25/6/2026 02:00:00,0
30523695,25/6/2026 04:00:00,0
30746400,25/6/2026 02:00:00,0
30747300,25/6/2026 02:00:00,0
80620390,24/6/2026 22:00:00,0
30826815,25/6/2026 02:00:00,0
81120005,25/6/2026 04:00:00,0
01307A9013,25/6/2026 02:00:00,0
80720120,24/6/2026 22:02:00,0.6
30526160,25/6/2026 03:00:00,0
80120290,25/6/2026 02:00:00,0
30747807,24/6/2026 22:00:00,0
01307A5006,25/6/2026 02:00:00,0
30826815,24/6/2026 22:00:00,0
80720120,24/6/2026 21:58:00,0.2
30323820,25/6/2026 02:00:00,0
30522740,25/6/2026 04:00:00,0
30322200,24/6/2026 22:00:00,0
01308A9028,25/6/2026 03:00:00,0
01307A9002,25/6/2026 03:00:00,0
30522987,24/6/2026 22:00:00,0
30325570,25/6/2026 03:00:00,0
30520800,25/6/2026 03:00:00,0
30746400,24/6/2026 22:00:00,0
80720120,24/6/2026 21:54:00,0.4
80620390,24/6/2026 21:43:00,0.2
30746240,24/6/2026 21:00:00,0
30322200,24/6/2026 20:00:00,0
80620370,25/6/2026 02:00:00,0
30329100,25/6/2026 02:00:00,0
01304A9004,25/6/2026 02:00:00,0
01307A9013,24/6/2026 21:00:00,0
01303A5006,25/6/2026 02:00:00,0
01307A9007,24/6/2026 21:00:00,0
30421100,25/6/2026 02:00:00,0
01308A9002,25/6/2026 03:00:00,0
30323820,24/6/2026 20:00:00,0
01307A5006,24/6/2026 21:00:00,0
80720120,24/6/2026 21:52:00,0.2
80420300,25/6/2026 02:00:00,0
01307A9007,25/6/2026 02:00:00,0
80620390,24/6/2026 21:45:00,0.2
30526160,25/6/2026 02:00:00,0
01307A5015,25/6/2026 02:00:00,0
30521200,25/6/2026 03:00:00,0
80720175,25/6/2026 02:00:00,0
30747807,25/6/2026 03:00:00,0
30421300,25/6/2026 02:00:00,0
01303A5006,25/6/2026 03:00:00,0
01307A5015,25/6/2026 03:00:00,0
01307A9007,25/6/2026 03:00:00,0
30524700,24/6/2026 21:00:00,0
80720120,25/6/2026 02:00:00,0
01307A9013,25/6/2026 01:00:00,0
01307A9002,25/6/2026 01:00:00,0
01307A5015,25/6/2026 01:00:00,0
80120290,25/6/2026 03:00:00,0
01307A9007,25/6/2026 01:00:00,0
81120005,25/6/2026 03:00:00,0
30521200,24/6/2026 21:00:00,0
30521200,25/6/2026 01:00:00,0
30524700,25/6/2026 01:00:00,0
01307A9017,25/6/2026 02:00:00,0
30520800,25/6/2026 01:00:00,0
80620370,25/6/2026 01:00:00,0
80620375,25/6/2026 01:00:00,0
01307A9002,25/6/2026 02:00:00,0
01304A9004,25/6/2026 03:00:00,0
30421300,25/6/2026 01:00:00,0
30523695,25/6/2026 01:00:00,0
01308A9028,24/6/2026 21:00:00,0
81120005,25/6/2026 01:00:00,0
80720120,25/6/2026 03:00:00,0
30323820,25/6/2026 01:00:00,0
30421100,25/6/2026 01:00:00,0
30522987,25/6/2026 03:00:00,0
01307A5006,25/6/2026 01:00:00,0
01307A9002,24/6/2026 21:00:00,0
30747300,25/6/2026 03:00:00,0
80620370,25/6/2026 03:00:00,0
30746210,25/6/2026 02:00:00,0
30521200,25/6/2026 02:00:00,0
30526160,24/6/2026 21:00:00,0
30747300,24/6/2026 22:00:00,0
30325570,24/6/2026 21:00:00,0
80620375,24/6/2026 21:00:00,0
30323820,24/6/2026 21:00:00,0
80720120,24/6/2026 21:00:00,0
80120290,25/6/2026 01:00:00,0
30826815,25/6/2026 01:00:00,0
30421300,25/6/2026 03:00:00,0
30747807,24/6/2026 21:00:00,0
30325570,25/6/2026 02:00:00,0
30746400,24/6/2026 21:00:00,0
30747807,25/6/2026 01:00:00,0
30329100,24/6/2026 21:00:00,0
30747807,25/6/2026 02:00:00,0
80620390,25/6/2026 01:00:00,0
30522740,25/6/2026 02:00:00,0
01303A5006,25/6/2026 01:00:00,0
81120005,25/6/2026 02:00:00,0
01308A9028,25/6/2026 00:00:00,0
30747300,24/6/2026 21:00:00,0
01307A9007,25/6/2026 00:00:00,0
30523695,25/6/2026 02:00:00,0
30746240,25/6/2026 00:00:00,0
30322200,24/6/2026 21:00:00,0
30522987,25/6/2026 02:00:00,0
30747300,24/6/2026 20:00:00,0
30325570,25/6/2026 00:00:00,0
01307A9002,25/6/2026 00:00:00,0
80620320,25/6/2026 00:00:00,0
01307A5015,25/6/2026 00:00:00,0
81120005,25/6/2026 00:00:00,0
30745660,25/6/2026 00:00:00,0
30421100,24/6/2026 21:00:00,0
30522987,25/6/2026 00:00:00,0
30523695,24/6/2026 20:00:00,0
30522740,25/6/2026 00:00:00,0
30747807,24/6/2026 20:00:00,0
80620390,25/6/2026 02:00:00,0
30746400,24/6/2026 20:00:00,0
80620375,25/6/2026 02:00:00,0
30329100,24/6/2026 20:00:00,0
30524700,25/6/2026 02:00:00,0
30526160,25/6/2026 00:00:00,0
30520800,25/6/2026 02:00:00,0
80420300,25/6/2026 00:00:00,0
01308A9002,25/6/2026 02:00:00,0
01304A9004,25/6/2026 00:00:00,0
30746210,25/6/2026 01:00:00,0
30329100,24/6/2026 22:00:00,0
80620375,25/6/2026 00:00:00,0
30745660,25/6/2026 02:00:00,0
30826815,25/6/2026 00:00:00,0
01307A9017,25/6/2026 01:00:00,0
30323820,25/6/2026 00:00:00,0
30747807,25/6/2026 00:00:00,0
30329100,25/6/2026 00:00:00,0
30746400,25/6/2026 01:00:00,0
01308A9028,25/6/2026 01:00:00,0
30524700,25/6/2026 03:00:00,0
01307A9007,24/6/2026 23:00:00,0
30421300,25/6/2026 00:00:00,0
30746400,25/6/2026 00:00:00,0
30520800,25/6/2026 00:00:00,0
01307A9002,24/6/2026 23:00:00,0
30745660,25/6/2026 01:00:00,0
01304A9004,25/6/2026 01:00:00,0
01308A9002,25/6/2026 01:00:00,0
80620320,25/6/2026 01:00:00,0
30325570,25/6/2026 01:00:00,0
80620320,25/6/2026 02:00:00,0
80720120,25/6/2026 01:00:00,0
80420300,25/6/2026 01:00:00,0
80720175,25/6/2026 01:00:00,0
01308A9002,24/6/2026 23:00:00,0
30522740,25/6/2026 01:00:00,0
30524700,24/6/2026 23:00:00,0
30329100,25/6/2026 01:00:00,0
01308A9028,24/6/2026 23:00:00,0
30746210,25/6/2026 00:00:00,0
30322200,25/6/2026 01:00:00,0
30747300,25/6/2026 01:00:00,0
01307A5015,24/6/2026 23:00:00,0
01308A9002,25/6/2026 00:00:00,0
30520800,24/6/2026 23:00:00,0
30522987,25/6/2026 01:00:00,0
01307A9017,24/6/2026 23:00:00,0
30746240,25/6/2026 01:00:00,0
30746240,24/6/2026 23:00:00,0
30526160,25/6/2026 01:00:00,0
30524700,25/6/2026 00:00:00,0
30746210,24/6/2026 23:00:00,0
30526160,24/6/2026 22:00:00,0
01307A9017,25/6/2026 00:00:00,0
01307A5006,25/6/2026 00:00:00,0
81120005,24/6/2026 23:00:00,0
30748070,24/6/2026 23:00:00,0
80620355,24/6/2026 23:00:00,0
30330300,24/6/2026 23:00:00,0
01308A9014,24/6/2026 23:00:00,0
30827200,24/6/2026 23:00:00,0
80120270,24/6/2026 23:00:00,0
30523070,24/6/2026 23:00:00,0
30328275,24/6/2026 23:00:00,0
30745930,24/6/2026 23:00:00,0
30420800,24/6/2026 22:44:00,0.1
82020045,24/6/2026 23:00:00,0
30523740,24/6/2026 23:00:00,0
30420800,24/6/2026 22:45:00,0.1
30420800,24/6/2026 22:39:00,0.1
30328050,24/6/2026 23:00:00,0
80420320,24/6/2026 23:00:00,0
30420800,24/6/2026 22:37:00,0.2
30322455,24/6/2026 23:00:00,0
01307A5001,24/6/2026 22:25:00,0.5
30420800,24/6/2026 22:33:00,0.1
82020050,24/6/2026 23:00:00,0
30420800,24/6/2026 22:36:00,0.1
30420800,24/6/2026 22:38:00,0.2
30420800,24/6/2026 22:26:00,0.3
80720135,24/6/2026 23:00:00,0
30420800,24/6/2026 22:40:00,0.1
30420800,24/6/2026 22:23:00,0.4
30420800,24/6/2026 22:24:00,0.3
30420800,24/6/2026 22:25:00,0.3
80720180,24/6/2026 23:00:00,0
30420800,24/6/2026 22:27:00,0.2
01308A5361,24/6/2026 22:00:00,0
01308A9004,24/6/2026 22:00:00,0
01308A9007,25/6/2026 04:00:00,0
30523900,24/6/2026 22:00:00,0
30523960,24/6/2026 22:00:00,0
30520750,24/6/2026 22:00:00,0
01307A5017,24/6/2026 22:00:00,0
01308A5361,25/6/2026 04:00:00,0
30748210,24/6/2026 22:00:00,0
30521600,24/6/2026 22:00:00,0
30524000,24/6/2026 22:00:00,0
30420800,24/6/2026 22:20:00,0.4
30420800,24/6/2026 22:32:00,0.1
30420800,24/6/2026 22:19:00,0.2
01307A5001,24/6/2026 22:00:00,0
30521300,24/6/2026 22:00:00,0
30521100,24/6/2026 22:00:00,0
30522310,24/6/2026 22:00:00,0
01303A5016,25/6/2026 04:00:00,0
30420800,25/6/2026 04:00:00,0
30521945,24/6/2026 23:00:00,0
01307A9008,25/6/2026 04:00:00,0
30523900,25/6/2026 04:00:00,0
30748700,25/6/2026 04:00:00,0
30520750,25/6/2026 04:00:00,0
30339650,25/6/2026 04:00:00,0
30521100,25/6/2026 04:00:00,0
01304A9000,25/6/2026 04:00:00,0
01307A5018,25/6/2026 04:00:00,0
01307A5001,25/6/2026 04:00:00,0
01307A9006,25/6/2026 04:00:00,0
30747200,25/6/2026 04:00:00,0
30421500,25/6/2026 04:00:00,0
30522400,24/6/2026 22:00:00,0
30747200,24/6/2026 22:00:00,0
01304A9000,24/6/2026 22:00:00,0
30521300,25/6/2026 04:00:00,0
30420800,24/6/2026 22:00:00,0
30827200,25/6/2026 04:00:00,0
30521945,24/6/2026 22:00:00,0
30521945,25/6/2026 04:00:00,0
30522400,25/6/2026 04:00:00,0
80720180,25/6/2026 04:00:00,0
01303A5013,24/6/2026 22:00:00,0
80720180,24/6/2026 22:00:00,0
80420320,25/6/2026 04:00:00,0
80620355,25/6/2026 04:00:00,0
80720135,24/6/2026 22:00:00,0
30328275,25/6/2026 04:00:00,0
01307A9008,24/6/2026 22:00:00,0
30524000,25/6/2026 04:00:00,0
01307A5017,25/6/2026 04:00:00,0
30748700,24/6/2026 22:00:00,0
01308A9004,25/6/2026 04:00:00,0
80720135,25/6/2026 04:00:00,0
30421500,24/6/2026 22:00:00,0
30523960,25/6/2026 04:00:00,0
30748070,24/6/2026 22:00:00,0
01307A5018,24/6/2026 22:00:00,0
01308A9014,25/6/2026 04:00:00,0
80120270,24/6/2026 22:00:00,0
82020045,24/6/2026 22:00:00,0
01303A5016,24/6/2026 22:00:00,0
01308A9014,24/6/2026 22:00:00,0
80120270,25/6/2026 04:00:00,0
82020045,25/6/2026 04:00:00,0
30523740,25/6/2026 04:00:00,0
80420320,24/6/2026 22:00:00,0
82020050,25/6/2026 04:00:00,0
82020050,24/6/2026 22:00:00,0
30827200,24/6/2026 22:00:00,0
30330300,25/6/2026 04:00:00,0
30330300,24/6/2026 22:00:00,0
30745930,25/6/2026 04:00:00,0
30328050,24/6/2026 22:00:00,0
30523740,24/6/2026 22:00:00,0
30745930,24/6/2026 22:00:00,0
30322455,24/6/2026 22:00:00,0
30328275,24/6/2026 22:00:00,0
30523070,24/6/2026 22:00:00,0
30420800,24/6/2026 22:22:00,0.4
80620355,24/6/2026 22:00:00,0
01304A9000,25/6/2026 03:00:00,0
01303A9012,25/6/2026 04:00:00,0
30524000,25/6/2026 03:00:00,0
01307A5001,25/6/2026 03:00:00,0
30748070,25/6/2026 04:00:00,0
30339650,25/6/2026 03:25:00,0.5
01303A9012,24/6/2026 22:00:00,0
30521100,25/6/2026 03:00:00,0
30523900,25/6/2026 03:00:00,0
30748210,25/6/2026 03:00:00,0
30339650,25/6/2026 03:18:00,1
01303A5013,25/6/2026 03:00:00,0
30523070,25/6/2026 04:00:00,0
30421500,25/6/2026 03:00:00,0
30339650,25/6/2026 03:22:00,0.5
01307A9006,24/6/2026 22:00:00,0
30339650,24/6/2026 22:00:00,0
30339650,25/6/2026 03:00:00,0
30420800,25/6/2026 03:00:00,0
30420800,24/6/2026 22:21:00,0.2
30748210,24/6/2026 21:00:00,0
30322455,25/6/2026 04:00:00,0
30522310,24/6/2026 21:00:00,0
01308A9007,24/6/2026 22:00:00,0
30748210,25/6/2026 04:00:00,0
01308A9004,24/6/2026 21:00:00,0
01308A9007,24/6/2026 21:00:00,0
30524000,24/6/2026 21:00:00,0
30521100,24/6/2026 21:00:00,0
01308A5361,25/6/2026 03:00:00,0
80720180,24/6/2026 21:01:00,0
30421500,24/6/2026 21:00:00,0
01307A5001,24/6/2026 21:25:00,0.5
30521945,25/6/2026 03:00:00,0
30748070,25/6/2026 03:00:00,0
30521300,25/6/2026 03:00:00,0
01307A9006,24/6/2026 21:00:00,0
01307A5001,24/6/2026 21:00:00,0
01307A9008,24/6/2026 21:00:00,0
30521600,25/6/2026 03:00:00,0
01307A5017,24/6/2026 21:00:00,0
01308A5361,24/6/2026 21:00:00,0
01307A5017,25/6/2026 03:00:00,0
82020050,25/6/2026 03:00:00,0
01307A5018,25/6/2026 03:00:00,0
80420320,25/6/2026 03:00:00,0
30748700,25/6/2026 03:00:00,0
80720180,25/6/2026 03:00:00,0
82020045,25/6/2026 03:00:00,0
01303A9012,25/6/2026 03:00:00,0
01303A5016,25/6/2026 03:00:00,0
30522400,24/6/2026 21:00:00,0
30523960,24/6/2026 21:00:00,0
01308A9004,25/6/2026 03:00:00,0
80120270,25/6/2026 03:00:00,0
01308A9014,25/6/2026 03:00:00,0
30827200,25/6/2026 03:00:00,0
30523960,25/6/2026 03:00:00,0
30520750,25/6/2026 03:00:00,0
01307A9008,25/6/2026 03:00:00,0
30523740,25/6/2026 03:00:00,0
30522400,25/6/2026 03:00:00,0
01304A9000,24/6/2026 21:00:00,0
30747200,25/6/2026 03:00:00,0
80720180,24/6/2026 21:00:00,0
01303A5016,24/6/2026 21:00:00,0
80720135,25/6/2026 03:00:00,0
01303A9012,24/6/2026 21:00:00,0
30330300,25/6/2026 03:00:00,0
01307A5018,24/6/2026 21:00:00,0
30328050,25/6/2026 03:00:00,0
30339650,24/6/2026 21:00:00,0
30745930,25/6/2026 03:00:00,0
30747200,24/6/2026 21:00:00,0
01307A5001,25/6/2026 02:05:00,0.5
01308A9004,25/6/2026 02:00:00,0
30322455,25/6/2026 03:00:00,0
01308A9014,24/6/2026 21:00:00,0
01308A9007,25/6/2026 03:00:00,0
30521300,24/6/2026 21:00:00,0
30827200,24/6/2026 21:00:00,0
30520750,24/6/2026 21:00:00,0
30521600,24/6/2026 21:00:00,0
30748070,24/6/2026 21:00:00,0
01308A9007,25/6/2026 02:00:00,0
30523900,24/6/2026 21:00:00,0
80720135,24/6/2026 21:00:00,0
30748700,24/6/2026 21:00:00,0
30328050,25/6/2026 04:00:00,0
30420800,24/6/2026 21:00:00,0
80120270,24/6/2026 21:00:00,0
01307A5001,25/6/2026 02:55:00,0.5
30521600,25/6/2026 04:00:00,0
30521945,24/6/2026 21:00:00,0
30521100,25/6/2026 02:00:00,0
82020045,25/6/2026 02:00:00,0
80620355,24/6/2026 21:00:00,0
01308A9014,25/6/2026 02:00:00,0
30322455,24/6/2026 21:00:00,0
30523740,24/6/2026 21:00:00,0
30523070,25/6/2026 03:00:00,0
30330300,24/6/2026 21:00:00,0
30523070,24/6/2026 21:00:00,0
30328275,25/6/2026 03:00:00,0
80420320,24/6/2026 21:00:00,0
30328275,24/6/2026 21:00:00,0
30328275,24/6/2026 20:00:00,0
30523740,25/6/2026 02:00:00,0
80120270,25/6/2026 02:00:00,0
80720180,25/6/2026 02:00:00,0
80620355,25/6/2026 02:00:00,0
82020050,25/6/2026 02:00:00,0
30748070,25/6/2026 02:00:00,0
80420320,25/6/2026 02:00:00,0
30420800,25/6/2026 02:00:00,0
01303A5016,25/6/2026 02:00:00,0
80620355,25/6/2026 03:00:00,0
30421500,25/6/2026 02:00:00,0
82020050,24/6/2026 21:00:00,0
82020045,24/6/2026 21:00:00,0
30748210,25/6/2026 02:00:00,0
30745930,24/6/2026 21:00:00,0
30748700,25/6/2026 02:00:00,0
30745930,24/6/2026 20:00:00,0
30523740,24/6/2026 20:00:00,0
30523070,24/6/2026 20:00:00,0
30521945,25/6/2026 02:00:00,0
30328050,25/6/2026 02:00:00,0
30328050,24/6/2026 20:00:00,0
30521600,25/6/2026 02:00:00,0
01308A9007,25/6/2026 01:00:00,0
80720135,25/6/2026 02:00:00,0
01307A5017,25/6/2026 02:00:00,0
30421500,25/6/2026 01:00:00,0
01307A5017,25/6/2026 01:00:00,0
30322455,25/6/2026 02:00:00,0
01307A9008,25/6/2026 02:00:00,0
30330300,24/6/2026 20:00:00,0
30524000,25/6/2026 02:00:00,0
01307A9006,25/6/2026 01:00:00,0
30745930,25/6/2026 02:00:00,0
30523070,25/6/2026 02:00:00,0
30523960,25/6/2026 02:00:00,0
01304A9000,25/6/2026 01:00:00,0
30827200,25/6/2026 02:00:00,0
01307A5001,25/6/2026 01:00:00,0
01303A9012,25/6/2026 02:00:00,0
01307A9008,25/6/2026 01:00:00,0
30523960,25/6/2026 01:00:00,0
30522400,25/6/2026 02:00:00,0
30328275,25/6/2026 02:00:00,0
30522400,25/6/2026 01:00:00,0
30521600,25/6/2026 01:00:00,0
30339650,25/6/2026 02:00:00,0
01304A9000,25/6/2026 02:00:00,0
30521300,25/6/2026 01:00:00,0
30521945,25/6/2026 01:00:00,0
30523900,25/6/2026 01:00:00,0
30520750,25/6/2026 02:00:00,0
01308A5361,25/6/2026 02:00:00,0
01307A9006,25/6/2026 02:00:00,0
30523900,25/6/2026 02:00:00,0
30747200,25/6/2026 02:00:00,0
01303A5016,25/6/2026 01:00:00,0
30521300,25/6/2026 02:00:00,0
82020045,25/6/2026 01:00:00,0
82020050,25/6/2026 01:00:00,0
01308A9014,25/6/2026 01:00:00,0
01303A9012,25/6/2026 01:00:00,0
01307A5018,25/6/2026 02:00:00,0
01308A9004,25/6/2026 01:00:00,0
30521100,25/6/2026 01:00:00,0
30330300,25/6/2026 02:00:00,0
80720180,25/6/2026 01:00:00,0
80720135,25/6/2026 01:00:00,0
30748700,25/6/2026 01:00:00,0
30747200,25/6/2026 01:00:00,0
30745930,25/6/2026 01:00:00,0
30520750,25/6/2026 01:00:00,0
30339650,25/6/2026 01:00:00,0
80120270,25/6/2026 01:00:00,0
80620355,25/6/2026 01:00:00,0
30748070,25/6/2026 01:00:00,0
30420800,25/6/2026 01:00:00,0
80420320,25/6/2026 01:00:00,0
30524000,25/6/2026 01:00:00,0
30748210,25/6/2026 01:00:00,0
30827200,25/6/2026 01:00:00,0
30328050,25/6/2026 01:00:00,0
30328275,25/6/2026 01:00:00,0
01307A5018,25/6/2026 01:00:00,0
01303A5013,25/6/2026 01:00:00,0
30522310,25/6/2026 00:00:00,0
30523960,25/6/2026 00:00:00,0
30523900,25/6/2026 00:00:00,0
01308A9004,25/6/2026 00:00:00,0
30748210,25/6/2026 00:00:00,0
01308A5361,25/6/2026 00:00:00,0
01308A9007,25/6/2026 00:00:00,0
30520750,25/6/2026 00:00:00,0
01303A5013,25/6/2026 00:00:00,0
30322455,25/6/2026 01:00:00,0
30521100,25/6/2026 00:00:00,0
01308A9014,25/6/2026 00:00:00,0
01307A5018,25/6/2026 00:00:00,0
30747200,25/6/2026 00:00:00,0
01308A5361,25/6/2026 01:00:00,0
30521600,25/6/2026 00:00:00,0
30330300,25/6/2026 01:00:00,0
30521300,25/6/2026 00:00:00,0
30523070,25/6/2026 01:00:00,0
30523740,25/6/2026 01:00:00,0
30748070,25/6/2026 00:00:00,0
82020045,25/6/2026 00:00:00,0
30524000,25/6/2026 00:00:00,0
80420320,25/6/2026 00:00:00,0
01307A5001,25/6/2026 00:00:00,0.5
01303A5016,25/6/2026 00:00:00,0
30827200,25/6/2026 00:00:00,0
30521945,25/6/2026 00:00:00,0
30328275,25/6/2026 00:00:00,0
30421500,25/6/2026 00:00:00,0
01304A9000,25/6/2026 00:00:00,0
01303A9012,25/6/2026 00:00:00,0
80620355,25/6/2026 00:00:00,0
30339650,25/6/2026 00:00:00,0
30523740,25/6/2026 00:00:00,0
30328050,25/6/2026 00:00:00,0
80120270,25/6/2026 00:00:00,0
30322455,25/6/2026 00:00:00,0
80720135,25/6/2026 00:00:00,0
82020050,25/6/2026 00:00:00,0
01307A5017,25/6/2026 00:00:00,0
01307A5001,24/6/2026 23:00:00,0
30522310,24/6/2026 23:00:00,0
30748210,24/6/2026 23:00:00,0
01308A9007,24/6/2026 23:00:00,0
01308A9004,24/6/2026 23:00:00,0
30523070,25/6/2026 00:00:00,0
01307A5017,24/6/2026 23:00:00,0
30523900,24/6/2026 23:00:00,0
30748700,24/6/2026 23:00:00,0
30524000,24/6/2026 23:00:00,0
80720180,24/6/2026 23:01:00,0
01307A9008,24/6/2026 23:00:00,0
30521100,24/6/2026 23:00:00,0
30522400,24/6/2026 23:00:00,0
30745930,25/6/2026 00:00:00,0
30420800,25/6/2026 00:00:00,0
01307A5018,24/6/2026 23:00:00,0
01304A9000,24/6/2026 23:00:00,0
01303A5016,24/6/2026 23:00:00,0
01307A9006,24/6/2026 23:00:00,0
30523960,24/6/2026 23:00:00,0
30330300,25/6/2026 00:00:00,0
30521600,24/6/2026 23:00:00,0
30747200,24/6/2026 23:00:00,0
01307A9006,25/6/2026 00:00:00,0
01307A9008,25/6/2026 00:00:00,0
30520750,24/6/2026 23:00:00,0
30339650,24/6/2026 23:00:00,0
01303A9012,24/6/2026 23:00:00,0
01303A5013,25/6/2026 02:00:00,0
80720180,25/6/2026 00:00:00,0
30421500,24/6/2026 23:00:00,0
30522400,25/6/2026 00:00:00,0
01307A5001,25/6/2026 02:00:00,0
30420800,24/6/2026 23:00:00,0
30521300,24/6/2026 23:00:00,0
30328050,24/6/2026 21:00:00,0
01307A9006,25/6/2026 03:00:00,0
30748700,25/6/2026 00:00:00,0
01303A5013,25/6/2026 04:00:00,0
01303A5013,24/6/2026 21:00:00,0
01307A5001,25/6/2026 04:15:00,0.5
01307A5001,25/6/2026 00:50:00,0.5
01303A5013,24/6/2026 23:00:00,0
01308A5361,24/6/2026 23:00:00,0
01308A9009,24/6/2026 22:00:00,0
30421860,24/6/2026 22:00:00,0
30327600,24/6/2026 22:00:00,0
01307A5008,24/6/2026 22:00:00,0
30331000,24/6/2026 22:00:00,0
01307A5008,25/6/2026 04:00:00,0
30523430,24/6/2026 23:00:00,0
30522770,24/6/2026 23:00:00,0
30746100,24/6/2026 23:00:00,0
80420310,24/6/2026 23:00:00,0
01305A5004,25/6/2026 04:00:00,0
01308A9015,24/6/2026 22:00:00,0
30523785,24/6/2026 23:00:00,0
30523550,25/6/2026 04:00:00,0
80120275,24/6/2026 23:00:00,0
01303A9010,25/6/2026 04:00:00,0
30746220,25/6/2026 04:00:00,0
01303A9010,24/6/2026 22:00:00,0
82020020,24/6/2026 22:00:00,0
30524225,24/6/2026 23:00:00,0
80120275,25/6/2026 04:00:00,0
30524225,25/6/2026 04:00:00,0
30330700,24/6/2026 23:00:00,0
30523645,24/6/2026 23:00:00,0
30523785,25/6/2026 04:00:00,0
82020020,24/6/2026 23:00:00,0
01303A9001,25/6/2026 04:00:00,0
30748800,24/6/2026 22:00:00,0
30327600,25/6/2026 04:00:00,0
01308A5131,25/6/2026 04:00:00,0
30324650,25/6/2026 04:00:00,0
30331000,25/6/2026 04:00:00,0
01305A5004,24/6/2026 22:00:00,0
30745960,25/6/2026 04:00:00,0
80620385,25/6/2026 04:00:00,0
30523430,24/6/2026 22:00:00,0
30421860,25/6/2026 04:00:00,0
30522000,24/6/2026 22:00:00,0
30523645,24/6/2026 22:00:00,0
30523785,24/6/2026 22:00:00,0
30522200,25/6/2026 04:00:00,0
01307A5024,25/6/2026 04:00:00,0
30330700,25/6/2026 04:00:00,0
01308A9015,25/6/2026 04:00:00,0
01308A9022,25/6/2026 04:00:00,0
01307A9014,25/6/2026 04:00:00,0
30324600,25/6/2026 04:00:00,0
30522745,24/6/2026 22:00:00,0
01303A9001,24/6/2026 22:00:00,0
30748150,24/6/2026 22:00:00,0
30748595,25/6/2026 04:00:00,0
30524311,24/6/2026 22:00:00,0
80720160,24/6/2026 22:00:00,0
30324600,24/6/2026 22:00:00,0
30524311,25/6/2026 04:00:00,0
80120275,24/6/2026 22:00:00,0
30746100,25/6/2026 04:00:00,0
82020020,25/6/2026 04:00:00,0
30523400,25/6/2026 04:00:00,0
80420310,24/6/2026 22:00:00,0
30746220,25/6/2026 03:00:00,0
30330700,24/6/2026 22:00:00,0
01308A9009,25/6/2026 03:00:00,0
30523430,25/6/2026 04:00:00,0
80620345,25/6/2026 04:00:00,0
30827100,25/6/2026 03:00:00,0
30827530,25/6/2026 03:00:00,0
80420310,25/6/2026 04:00:00,0
30523645,25/6/2026 04:00:00,0
30748595,24/6/2026 22:00:00,0
01308A5131,24/6/2026 21:00:00,0
30827100,24/6/2026 21:00:00,0
30522200,24/6/2026 22:00:00,0
01303A9010,25/6/2026 03:00:00,0
01308A9009,24/6/2026 21:00:00,0
30745480,25/6/2026 04:00:00,0
30522770,24/6/2026 22:00:00,0
30524225,24/6/2026 22:00:00,0
30421860,25/6/2026 03:00:00,0
80620345,24/6/2026 22:00:00,0
30827530,24/6/2026 22:00:00,0
30522200,25/6/2026 03:00:00,0
80620385,24/6/2026 22:00:00,0
30745960,24/6/2026 22:00:00,0
01303A9001,24/6/2026 21:00:00,0
01307A9014,24/6/2026 22:00:00,0
30522200,24/6/2026 23:00:00,0
30331000,24/6/2026 23:00:00,0
80720160,24/6/2026 23:00:00,0
80720160,25/6/2026 04:00:00,0
80620345,24/6/2026 23:00:00,0
30324650,24/6/2026 22:00:00,0
80620385,24/6/2026 23:00:00,0
30522000,25/6/2026 04:00:00,0
01308A9022,24/6/2026 23:00:00,0
30522745,25/6/2026 04:00:00,0
30745480,24/6/2026 23:00:00,0
30524311,24/6/2026 23:00:00,0
30745960,24/6/2026 23:00:00,0
30748595,24/6/2026 23:00:00,0
30522000,24/6/2026 23:00:00,0
30522770,25/6/2026 04:00:00,0
01308A9015,25/6/2026 03:00:00,0
30327600,24/6/2026 23:00:00,0
30827100,25/6/2026 04:00:00,0
30523400,24/6/2026 22:00:00,0
01308A9015,24/6/2026 21:00:00,0
01303A9010,24/6/2026 21:00:00,0
30746220,24/6/2026 21:00:00,0
01307A5024,24/6/2026 21:00:00,0
30748800,25/6/2026 04:00:00,0
30827530,24/6/2026 21:00:00,0
30523550,25/6/2026 03:00:00,0
30748800,24/6/2026 21:00:00,0
30745480,24/6/2026 22:00:00,0
30746100,24/6/2026 22:00:00,0
30748150,24/6/2026 23:00:00,0
30827530,25/6/2026 04:00:00,0
30523400,24/6/2026 23:00:00,0
30523550,24/6/2026 22:00:00,0
30746220,24/6/2026 22:00:00,0
30324650,24/6/2026 23:00:00,0
30330700,25/6/2026 03:00:00,0
30327600,25/6/2026 03:00:00,0
80120275,25/6/2026 03:00:00,0
01307A9014,24/6/2026 21:00:00,0
30331000,24/6/2026 21:00:00,0
30421860,24/6/2026 21:00:00,0
80420310,25/6/2026 03:00:00,0
30324600,24/6/2026 21:00:00,0
30523645,25/6/2026 03:00:00,0
80720160,24/6/2026 21:00:00,0
80620345,25/6/2026 03:00:00,0
01308A9022,24/6/2026 22:00:00,0
30522000,25/6/2026 03:00:00,0
30327600,24/6/2026 21:00:00,0
30827100,24/6/2026 22:00:00,0
01305A5004,25/6/2026 03:00:00,0
01303A9001,25/6/2026 03:00:00,0
01308A5131,24/6/2026 22:00:00,0
30524311,25/6/2026 03:00:00,0
30522745,24/6/2026 23:00:00,0
01307A5024,24/6/2026 22:00:00,0
30748150,25/6/2026 04:00:00,0
01307A9014,25/6/2026 03:00:00,0
30330700,24/6/2026 21:00:00,0
30523550,24/6/2026 21:00:00,0
01308A5131,25/6/2026 03:00:00,0
01307A5008,24/6/2026 21:00:00,0
30524225,25/6/2026 03:00:00,0
30523785,25/6/2026 03:00:00,0
01308A9022,25/6/2026 03:00:00,0
30745960,25/6/2026 03:00:00,0
30746220,25/6/2026 02:00:00,0
80620385,25/6/2026 03:00:00,0
80720160,25/6/2026 03:00:00,0
30745480,24/6/2026 21:00:00,0
30746100,25/6/2026 03:00:00,0
80120275,24/6/2026 21:00:00,0
30748150,25/6/2026 03:00:00,0
80620385,24/6/2026 21:00:00,0
30745480,25/6/2026 03:00:00,0
30522770,24/6/2026 21:00:00,0
30324650,25/6/2026 03:00:00,0
01307A9014,25/6/2026 02:00:00,0
01308A5131,25/6/2026 02:00:00,0
30827100,25/6/2026 02:00:00,0
30522745,25/6/2026 03:00:00,0
82020020,25/6/2026 03:00:00,0
30748595,25/6/2026 03:00:00,0
30523400,25/6/2026 03:00:00,0
30524311,24/6/2026 21:00:00,0
80420310,24/6/2026 21:00:00,0
30522000,24/6/2026 21:00:00,0
30324650,25/6/2026 02:00:00,0
30522770,25/6/2026 03:00:00,0
30748150,25/6/2026 02:00:00,0
30522745,25/6/2026 02:00:00,0
30324650,24/6/2026 21:00:00,0
30524225,24/6/2026 21:00:00,0
30745960,25/6/2026 02:00:00,0
30523430,24/6/2026 21:00:00,0
30522770,25/6/2026 02:00:00,0
80420310,25/6/2026 02:00:00,0
30523400,25/6/2026 02:00:00,0
30746100,25/6/2026 02:00:00,0
01303A9001,25/6/2026 02:00:00,0
30748595,25/6/2026 02:00:00,0
30523400,24/6/2026 21:00:00,0
30748150,24/6/2026 21:00:00,0
30746100,24/6/2026 20:00:00,0
80620345,25/6/2026 02:00:00,0
30523645,25/6/2026 02:00:00,0
30330700,25/6/2026 02:00:00,0
30524311,25/6/2026 02:00:00,0
30522745,24/6/2026 21:00:00,0
80120275,25/6/2026 02:00:00,0
30522200,25/6/2026 02:00:00,0
30522200,24/6/2026 21:00:00,0
30523550,25/6/2026 02:00:00,0
01305A5004,24/6/2026 21:00:00,0
30523785,25/6/2026 02:00:00,0
30523430,25/6/2026 02:00:00,0
30745960,24/6/2026 20:00:00,0
30523785,24/6/2026 20:00:00,0
01308A9022,25/6/2026 02:00:00,0
30522000,25/6/2026 02:00:00,0
30748150,24/6/2026 20:00:00,0
30522745,24/6/2026 20:00:00,0
30522770,24/6/2026 20:00:00,0
30523400,24/6/2026 20:00:00,0
30827100,25/6/2026 01:00:00,0
01308A5131,25/6/2026 01:00:00,0
30324650,24/6/2026 20:00:00,0
80620385,25/6/2026 02:00:00,0
80720160,25/6/2026 02:00:00,0
30523645,24/6/2026 21:00:00,0
30331000,25/6/2026 02:00:00,0
30746220,25/6/2026 01:00:00,0
30327600,25/6/2026 02:00:00,0
30524225,25/6/2026 02:00:00,0
01308A9009,25/6/2026 01:00:00,0
01303A9010,25/6/2026 02:00:00,0
30421860,25/6/2026 02:00:00,0
01307A5024,25/6/2026 01:00:00,0
30745480,25/6/2026 02:00:00,0
01307A9014,25/6/2026 01:00:00,0
01303A9010,25/6/2026 01:00:00,0
30746100,24/6/2026 21:00:00,0
82020020,25/6/2026 02:00:00,0
01307A5024,25/6/2026 02:00:00,0
01305A5004,25/6/2026 02:00:00,0
01308A9015,25/6/2026 01:00:00,0
01303A9001,25/6/2026 01:00:00,0
30421860,25/6/2026 01:00:00,0
01308A9015,25/6/2026 02:00:00,0
01307A5008,25/6/2026 01:00:00,0
01308A9009,25/6/2026 02:00:00,0
30827530,25/6/2026 01:00:00,0
30324600,25/6/2026 02:00:00,0
30827530,25/6/2026 02:00:00,0
30523785,24/6/2026 21:00:00,0
30522200,25/6/2026 01:00:00,0
01308A9022,25/6/2026 01:00:00,0
30748800,25/6/2026 01:00:00,0
30523645,25/6/2026 01:00:00,0
30524311,25/6/2026 01:00:00,0
30324600,25/6/2026 01:00:00,0
30748800,25/6/2026 03:00:00,0
30745960,24/6/2026 21:00:00,0
30745480,25/6/2026 01:00:00,0
82020020,25/6/2026 01:00:00,0
01307A5008,25/6/2026 02:00:00,0
30523550,25/6/2026 01:00:00,0
30748595,25/6/2026 01:00:00,0
80420310,25/6/2026 01:00:00,0
80720160,25/6/2026 01:00:00,0
30746100,25/6/2026 01:00:00,0
30748800,25/6/2026 02:00:00,0
30746220,25/6/2026 00:00:00,0
30331000,25/6/2026 03:00:00,0
30331000,25/6/2026 01:00:00,0
30330700,25/6/2026 01:00:00,0
30522770,25/6/2026 01:00:00,0
30324600,25/6/2026 03:00:00,0
30522745,25/6/2026 01:00:00,0
01305A5004,25/6/2026 01:00:00,0
01307A9014,25/6/2026 00:00:00,0
80120275,25/6/2026 01:00:00,0
30324650,25/6/2026 01:00:00,0
30327600,25/6/2026 01:00:00,0
30523430,25/6/2026 03:00:00,0
80620385,25/6/2026 01:00:00,0
30330700,25/6/2026 00:00:00,0
30324600,25/6/2026 00:00:00,0
30523430,25/6/2026 01:00:00,0
30331000,25/6/2026 00:00:00,0
01308A9015,25/6/2026 00:00:00,0
30748595,24/6/2026 21:00:00,0
30522000,25/6/2026 01:00:00,0
01303A9001,25/6/2026 00:00:00,0
30522200,25/6/2026 00:00:00,0
82020020,24/6/2026 21:00:00,0
30327600,25/6/2026 00:00:00,0
01307A5024,25/6/2026 00:00:00,0
80620345,24/6/2026 21:00:00,0
30748800,25/6/2026 00:00:00,0
01307A5008,25/6/2026 00:00:00,0
01308A9009,25/6/2026 00:00:00,0
01308A9022,24/6/2026 21:00:00,0
30523430,25/6/2026 00:00:00,0
80120275,25/6/2026 00:00:00,0
80620385,25/6/2026 00:00:00,0
01308A5131,25/6/2026 00:00:00,0
30748150,25/6/2026 00:00:00,0
30524311,25/6/2026 00:00:00,0
30745960,25/6/2026 00:00:00,0
30524225,25/6/2026 00:00:00,0
30523645,25/6/2026 00:00:00,0
82020020,25/6/2026 00:00:00,0
30748595,25/6/2026 00:00:00,0
30324650,25/6/2026 00:00:00,0
80620345,25/6/2026 00:00:00,0
30827100,24/6/2026 23:00:00,0
30522000,25/6/2026 00:00:00,0
01303A9010,25/6/2026 00:00:00,0
01303A9001,24/6/2026 23:00:00,0
30827100,25/6/2026 00:00:00,0
01307A5024,24/6/2026 23:00:00,0
30746220,24/6/2026 23:00:00,0
30523785,25/6/2026 00:00:00,0
30523400,25/6/2026 00:00:00,0
30523785,25/6/2026 01:00:00,0
30746100,25/6/2026 00:00:00,0
30522745,25/6/2026 00:00:00,0
01308A9015,24/6/2026 23:00:00,0
30522770,25/6/2026 00:00:00,0
30421860,24/6/2026 23:00:00,0
30748150,25/6/2026 01:00:00,0
80420310,25/6/2026 00:00:00,0
01307A9014,24/6/2026 23:00:00,0
30324600,24/6/2026 23:00:00,0
30523550,24/6/2026 23:00:00,0
01308A9009,24/6/2026 23:00:00,0
01308A5131,24/6/2026 23:00:00,0
01305A5004,24/6/2026 23:00:00,0
01303A9010,24/6/2026 23:00:00,0
01307A5008,24/6/2026 23:00:00,0
30827530,24/6/2026 23:00:00,0
30748800,24/6/2026 23:00:00,0
80620345,25/6/2026 01:00:00,0
30523400,25/6/2026 01:00:00,0
01307A5008,25/6/2026 03:00:00,0
30524225,25/6/2026 01:00:00,0
30745480,25/6/2026 00:00:00,0
30745960,25/6/2026 01:00:00,0
80720160,25/6/2026 00:00:00,0
01305A5004,25/6/2026 00:00:00,0
30421860,25/6/2026 00:00:00,0
30523550,25/6/2026 00:00:00,0
01308A9022,25/6/2026 00:00:00,0
01307A5024,25/6/2026 03:00:00,0
30827530,25/6/2026 00:00:00,0
01308A9009,25/6/2026 04:00:00,0
30747920,24/6/2026 23:00:00,0
80620360,24/6/2026 23:00:00,0
80720125,24/6/2026 22:01:00,0.4
80720125,24/6/2026 22:02:00,0.4
30523945,24/6/2026 23:00:00,0
01303A7000,24/6/2026 23:00:00,0
30328550,24/6/2026 23:00:00,0
80720145,24/6/2026 23:00:00,0
30329260,24/6/2026 22:00:00,0
30747350,24/6/2026 23:00:00,0
01303A5003,24/6/2026 22:00:00,0
30828018,24/6/2026 23:00:00,0
30521000,25/6/2026 04:00:00,0
01308A9024,25/6/2026 04:00:00,0
30747350,25/6/2026 04:00:00,0
30828018,25/6/2026 04:00:00,0
30330200,25/6/2026 04:00:00,0
30823900,25/6/2026 04:00:00,0
30324830,24/6/2026 23:00:00,0
30330200,24/6/2026 23:00:00,0
30523625,24/6/2026 23:00:00,0
30329500,24/6/2026 23:00:00,0
80520325,24/6/2026 23:00:00,0
81020000,24/6/2026 23:00:00,0
30523945,24/6/2026 22:00:00,0
30828018,24/6/2026 22:00:00,0
01303A7000,24/6/2026 22:00:00,0
30329500,24/6/2026 22:00:00,0
80620360,25/6/2026 04:00:00,0
80520325,25/6/2026 04:00:00,0
80720125,25/6/2026 04:00:00,0
81020000,24/6/2026 22:00:00,0
30324550,24/6/2026 23:00:00,0
30331400,24/6/2026 23:00:00,0
80620330,24/6/2026 23:00:00,0
30324050,24/6/2026 23:00:00,0
30329260,25/6/2026 04:00:00,0
80720125,24/6/2026 23:00:00,0
80720125,24/6/2026 22:00:00,0
30323650,24/6/2026 23:00:00,0
01308A9024,24/6/2026 22:00:00,0
01303A5004,24/6/2026 22:00:00,0
30747920,25/6/2026 04:00:00,0
01307A5022,24/6/2026 22:00:00,0
30328550,24/6/2026 22:00:00,0
01303A9013,24/6/2026 22:00:00,0
80720125,24/6/2026 22:05:00,0.2
01303A9013,25/6/2026 04:00:00,0
30823900,24/6/2026 22:00:00,0
01303A5003,25/6/2026 04:00:00,0
30521000,24/6/2026 22:00:00,0
30523625,25/6/2026 04:00:00,0
30324550,25/6/2026 04:00:00,0
30324550,24/6/2026 22:00:00,0
30523800,25/6/2026 04:00:00,0
30324050,24/6/2026 22:00:00,0
01307A5003,24/6/2026 22:00:00,0
30331400,24/6/2026 22:00:00,0
80720145,25/6/2026 04:00:00,0
30523625,24/6/2026 22:00:00,0
30747350,24/6/2026 22:00:00,0
30747920,24/6/2026 22:00:00,0
30421400,25/6/2026 04:00:00,0
30324050,25/6/2026 04:00:00,0
80720125,24/6/2026 21:57:00,2
80720125,24/6/2026 21:59:00,0.8
30331400,25/6/2026 04:00:00,0
30746700,24/6/2026 22:00:00,0
30328550,25/6/2026 04:00:00,0
80720125,24/6/2026 21:56:00,2.6
30421400,24/6/2026 22:00:00,0
30323650,24/6/2026 22:00:00,0
80620330,24/6/2026 22:00:00,0
01307A5003,25/6/2026 04:00:00,0
01307A5022,25/6/2026 04:00:00,0
30421400,24/6/2026 21:51:00,0.5
01303A5004,25/6/2026 04:00:00,0
80720145,24/6/2026 22:00:00,0
30421400,24/6/2026 21:52:00,0.5
80720125,24/6/2026 21:52:00,1.2
80620330,25/6/2026 04:00:00,0
80720125,24/6/2026 21:50:00,1
01303A7000,25/6/2026 04:00:00,0
30328550,24/6/2026 21:50:00,0.1
30329500,25/6/2026 04:00:00,0
30421400,24/6/2026 21:53:00,0.9
80620360,24/6/2026 22:00:00,0
30328550,24/6/2026 21:47:00,0.1
30421400,24/6/2026 21:59:00,0.1
80720125,24/6/2026 21:55:00,2.4
30327345,24/6/2026 22:00:00,0
80520325,24/6/2026 22:00:00,0
30421400,25/6/2026 03:00:00,0
30323650,25/6/2026 04:00:00,0
81020000,25/6/2026 04:00:00,0
30324830,24/6/2026 22:00:00,0
30523800,25/6/2026 03:00:00,0
30421400,24/6/2026 21:47:00,0.1
80720125,24/6/2026 21:46:00,0.2
30421400,24/6/2026 21:44:00,0.1
30746700,25/6/2026 03:00:00,0
30421400,24/6/2026 21:46:00,0.2
30328550,24/6/2026 21:36:00,0.2
30329260,25/6/2026 03:00:00,0
01308A9024,24/6/2026 21:00:00,0
30421400,24/6/2026 21:37:00,0.2
30421400,24/6/2026 21:36:00,0.4
30523945,25/6/2026 04:00:00,0
30421400,24/6/2026 21:40:00,0.5
30327345,25/6/2026 04:00:00,0
30823900,25/6/2026 03:00:00,0
01307A5003,25/6/2026 03:00:00,0
01303A9013,25/6/2026 03:00:00,0
01307A5022,25/6/2026 03:00:00,0
80720125,24/6/2026 21:48:00,1.2
30421400,24/6/2026 21:50:00,0.3
30523945,25/6/2026 03:00:00,0
80720125,24/6/2026 21:53:00,0
30324830,25/6/2026 03:00:00,0
80720125,24/6/2026 21:54:00,1.8
30421400,24/6/2026 21:54:00,0.7
30421400,24/6/2026 21:48:00,0.2
80720125,24/6/2026 21:44:00,0.2
30421400,24/6/2026 21:42:00,0.2
30421400,24/6/2026 21:45:00,0.1
30828018,25/6/2026 03:00:00,0
30328550,24/6/2026 21:48:00,0.1
80520325,25/6/2026 03:00:00,0
30328550,24/6/2026 21:45:00,0.1
30523800,24/6/2026 21:00:00,0
30328550,24/6/2026 21:35:00,0.2
01303A5004,25/6/2026 03:00:00,0
30328550,24/6/2026 21:34:00,0.4
30421400,24/6/2026 21:38:00,0.4
30421400,24/6/2026 21:39:00,0.7
30521000,24/6/2026 21:00:00,0
01307A5022,24/6/2026 21:00:00,0
30329260,24/6/2026 21:00:00,0
01303A5004,24/6/2026 21:00:00,0
01308A9024,25/6/2026 03:00:00,0
01303A5003,24/6/2026 21:00:00,0
01303A7000,24/6/2026 21:00:00,0
30330200,24/6/2026 22:00:00,0
30421400,24/6/2026 21:41:00,0.4
01307A5003,24/6/2026 21:00:00,0
80620330,24/6/2026 21:00:00,0
80620360,24/6/2026 21:00:00,0
81020000,24/6/2026 21:00:00,0
30330200,24/6/2026 21:00:00,0
30746700,25/6/2026 04:00:00,0
80720125,25/6/2026 03:00:00,0
30747350,24/6/2026 21:00:00,0
30328550,24/6/2026 21:49:00,0.2
30523625,25/6/2026 03:00:00,0
30747350,25/6/2026 03:00:00,0
80620330,25/6/2026 03:00:00,0
01303A9013,24/6/2026 21:00:00,0
30330200,25/6/2026 03:00:00,0
30421400,24/6/2026 21:49:00,0.2
01303A5003,25/6/2026 03:00:00,0
30523945,24/6/2026 21:00:00,0
30521000,25/6/2026 03:00:00,0
01303A7000,25/6/2026 03:00:00,0
30421400,24/6/2026 21:55:00,0.2
80620360,25/6/2026 03:00:00,0
30328550,25/6/2026 03:00:00,0
30327345,25/6/2026 03:00:00,0
30331400,25/6/2026 03:00:00,0
30329500,25/6/2026 03:00:00,0
30324050,25/6/2026 03:00:00,0
30324550,25/6/2026 03:00:00,0
30324830,24/6/2026 21:00:00,0
30828018,24/6/2026 21:00:00,0
30823900,24/6/2026 21:00:00,0
30323650,25/6/2026 03:00:00,0
80720145,25/6/2026 03:00:00,0
30747920,25/6/2026 03:00:00,0
30421400,24/6/2026 21:00:00,0
81020000,25/6/2026 03:00:00,0
30523800,24/6/2026 22:00:00,0
30331400,25/6/2026 02:00:00,0
30746700,24/6/2026 21:00:00,0
80720125,24/6/2026 21:00:00,0
30327345,24/6/2026 21:00:00,0
80620330,25/6/2026 02:00:00,0
30329500,25/6/2026 02:00:00,0
30523625,25/6/2026 02:00:00,0
30324550,25/6/2026 02:00:00,0
30324050,25/6/2026 02:00:00,0
01303A5003,25/6/2026 02:00:00,0
30747920,25/6/2026 02:00:00,0
30323650,25/6/2026 02:00:00,0
30323650,24/6/2026 21:00:00,0
80520325,25/6/2026 02:00:00,0
30523945,25/6/2026 02:00:00,0
80620360,25/6/2026 02:00:00,0
30324050,24/6/2026 20:00:00,0
30324050,24/6/2026 21:00:00,0
30327345,24/6/2026 20:00:00,0
30327345,25/6/2026 02:00:00,0
01303A5004,25/6/2026 02:00:00,0
30328550,25/6/2026 02:00:00,0
01303A7000,25/6/2026 02:00:00,0
30324830,25/6/2026 04:00:00,0
30331400,24/6/2026 21:00:00,0
30331400,24/6/2026 20:00:00,0
30324830,25/6/2026 02:00:00,0
30324550,24/6/2026 21:00:00,0
30747920,24/6/2026 20:00:00,0
30746700,25/6/2026 02:00:00,0
30521000,25/6/2026 02:00:00,0
30323650,24/6/2026 20:00:00,0
30747350,25/6/2026 02:00:00,0
30330200,25/6/2026 02:00:00,0
01307A5003,25/6/2026 02:00:00,0
30828018,25/6/2026 02:00:00,0
01308A9024,25/6/2026 02:00:00,0
30324550,24/6/2026 20:00:00,0
30523800,25/6/2026 02:00:00,0
30823900,25/6/2026 02:00:00,0
81020000,25/6/2026 02:00:00,0
30746700,25/6/2026 01:00:00,0
01308A9024,25/6/2026 01:00:00,0
01303A9013,25/6/2026 01:00:00,0
30421400,25/6/2026 01:00:00,0
80720125,25/6/2026 02:00:00,0
30521000,25/6/2026 01:00:00,0
30523800,25/6/2026 01:00:00,0
01307A5022,25/6/2026 01:00:00,0
01303A5003,25/6/2026 01:00:00,0
80720145,25/6/2026 02:00:00,0
80520325,25/6/2026 01:00:00,0
30329260,25/6/2026 01:00:00,0
30523625,25/6/2026 01:00:00,0
80620360,25/6/2026 01:00:00,0
01303A7000,25/6/2026 01:00:00,0
30328550,25/6/2026 01:00:00,0
30330200,25/6/2026 01:00:00,0
30324050,25/6/2026 01:00:00,0
01303A5004,25/6/2026 01:00:00,0
30327345,25/6/2026 01:00:00,0
80720125,25/6/2026 01:00:00,0
30523625,24/6/2026 21:00:00,0
30329500,25/6/2026 01:00:00,0
30324830,25/6/2026 01:00:00,0
30523945,25/6/2026 01:00:00,0
30823900,25/6/2026 01:00:00,0
30828018,25/6/2026 01:00:00,0
80720145,25/6/2026 01:00:00,0
30329260,25/6/2026 02:00:00,0
01307A5022,25/6/2026 02:00:00,0
30747350,25/6/2026 01:00:00,0
30747920,24/6/2026 21:00:00,0
81020000,25/6/2026 01:00:00,0
80520325,24/6/2026 21:00:00,0
80720145,24/6/2026 21:00:00,0
30747350,25/6/2026 00:00:00,0
30828018,25/6/2026 00:00:00,0
01307A5003,25/6/2026 01:00:00,0
01308A9024,25/6/2026 00:00:00,0
30329260,25/6/2026 00:00:00,0
30523800,25/6/2026 00:00:00,0
30324830,25/6/2026 00:00:00,0
30823900,25/6/2026 00:00:00,0
01307A5022,25/6/2026 00:00:00,0
30523945,25/6/2026 00:00:00,0
30521000,25/6/2026 00:00:00,0
80720145,25/6/2026 00:00:00,0
01303A7000,25/6/2026 00:00:00,0
80720125,25/6/2026 00:00:00,0
01303A5004,25/6/2026 00:00:00,0
30421400,25/6/2026 00:00:00,0
30328550,24/6/2026 21:00:00,0
30747920,25/6/2026 00:00:00,0
30746700,25/6/2026 00:00:00,0
80520325,25/6/2026 00:00:00,0
30328550,25/6/2026 00:00:00,0
80620330,25/6/2026 00:00:00,0
30324050,25/6/2026 00:00:00,0
30331400,25/6/2026 00:00:00,0
30823900,24/6/2026 23:00:00,0
80620360,25/6/2026 00:00:00,0
30521000,24/6/2026 23:00:00,0
81020000,25/6/2026 00:00:00,0
01303A5003,24/6/2026 23:00:00,0
30327345,25/6/2026 00:00:00,0
01308A9024,24/6/2026 23:00:00,0
01303A9013,24/6/2026 23:00:00,0
30746700,24/6/2026 23:00:00,0
30329260,24/6/2026 23:00:00,0
30329500,25/6/2026 00:00:00,0
30323650,25/6/2026 00:00:00,0
01307A5003,25/6/2026 00:00:00,0
30330200,25/6/2026 00:00:00,0
30421400,24/6/2026 23:00:00,0
30523800,24/6/2026 23:00:00,0
01303A5004,24/6/2026 23:00:00,0
30323650,25/6/2026 01:00:00,0
30324550,25/6/2026 00:00:00,0
01303A5003,25/6/2026 00:00:00,0
30523625,25/6/2026 00:00:00,0
01307A5022,24/6/2026 23:00:00,0
01307A5003,24/6/2026 23:00:00,0
30324550,25/6/2026 01:00:00,0
01303A9013,25/6/2026 00:00:00,0
30331400,25/6/2026 01:00:00,0
30747920,25/6/2026 01:00:00,0
80620330,25/6/2026 01:00:00,0
30329500,24/6/2026 21:00:00,0
30421400,25/6/2026 02:00:00,0
01303A9013,25/6/2026 02:00:00,0
30327345,24/6/2026 23:00:00,0
80920250,24/6/2026 21:00:00,0
30330650,25/6/2026 03:00:00,0
30746315,25/6/2026 03:00:00,0
30328125,25/6/2026 03:00:00,0
82020030,24/6/2026 21:00:00,0
01303A9004,24/6/2026 21:00:00,0
30525610,25/6/2026 02:00:00,0
30522835,24/6/2026 21:00:00,0
30748000,24/6/2026 21:00:00,0
30524228,25/6/2026 03:00:00,0
30330410,25/6/2026 03:00:00,0
80720185,25/6/2026 03:00:00,0
80920250,25/6/2026 03:00:00,0
80720170,25/6/2026 03:00:00,0
80720185,24/6/2026 21:00:00,0
81020010,25/6/2026 03:00:00,0
01307A5000,25/6/2026 02:00:00,0
30330410,24/6/2026 21:00:00,0
30746315,24/6/2026 21:00:00,0
30422100,24/6/2026 21:00:00,0
01303A9004,25/6/2026 03:00:00,0
82020030,25/6/2026 03:00:00,0
01308A9006,24/6/2026 21:00:00,0
30523410,24/6/2026 21:00:00,0
30523410,25/6/2026 03:00:00,0
30327830,25/6/2026 03:00:00,0
30525610,25/6/2026 03:00:00,0
30327830,24/6/2026 21:00:00,0
30522800,25/6/2026 03:00:00,0
30324020,24/6/2026 21:00:00,0
30330560,25/6/2026 02:00:00,0
01308A9018,25/6/2026 02:00:00,0
01308A9013,25/6/2026 02:00:00,0
30324715,25/6/2026 03:00:00,0
30526500,24/6/2026 21:00:00,0
80720170,24/6/2026 21:00:00,0
30328125,25/6/2026 02:00:00,0
30522800,25/6/2026 02:00:00,0
30327830,24/6/2026 20:17:00,0.7
30327830,24/6/2026 20:19:00,0.3
01308A9006,25/6/2026 02:00:00,0
01303A5005,25/6/2026 02:00:00,0
30324715,24/6/2026 21:00:00,0
81020010,24/6/2026 21:00:00,0
30330650,24/6/2026 21:00:00,0
30327830,24/6/2026 20:20:00,0.1
30327830,24/6/2026 20:21:00,0.2
30327830,24/6/2026 20:22:00,0.2
30327830,24/6/2026 20:13:00,0.4
30327830,24/6/2026 20:23:00,0.2
30327830,24/6/2026 20:18:00,0.7
82020035,25/6/2026 03:00:00,0
01308A9029,25/6/2026 02:00:00,0
30522835,25/6/2026 02:00:00,0
30327830,24/6/2026 20:26:00,0.1
30330650,25/6/2026 02:00:00,0
30327830,24/6/2026 20:16:00,0.6
30324715,24/6/2026 20:00:00,0
30746315,25/6/2026 02:00:00,0
30330650,24/6/2026 20:00:00,0
30523410,24/6/2026 20:00:00,0
30327830,24/6/2026 20:12:00,0.2
30327830,24/6/2026 20:14:00,0.4
30523410,25/6/2026 02:00:00,0
30328125,24/6/2026 20:00:00,0
30324715,25/6/2026 02:00:00,0
82020035,24/6/2026 21:00:00,0
30327830,24/6/2026 20:11:00,0.4
80720170,25/6/2026 02:00:00,0
01303A9005,25/6/2026 02:00:00,0
30327830,25/6/2026 02:00:00,0
30330410,25/6/2026 02:00:00,0
30324020,25/6/2026 02:00:00,0
80920250,25/6/2026 02:00:00,0
30422100,25/6/2026 02:00:00,0
30524228,25/6/2026 02:00:00,0
01307A5000,25/6/2026 01:00:00,0
01303A9005,25/6/2026 01:00:00,0
30525610,25/6/2026 01:00:00,0
01305A5007,25/6/2026 02:00:00,0
82020035,25/6/2026 02:00:00,0
80720185,25/6/2026 02:00:00,0
01303A9004,25/6/2026 02:00:00,0
01308A9029,25/6/2026 01:00:00,0
30526500,25/6/2026 01:00:00,0
01308A9018,25/6/2026 01:00:00,0
01308A9003,25/6/2026 02:00:00,0
30748000,25/6/2026 02:00:00,0
81020010,25/6/2026 02:00:00,0
30526500,25/6/2026 02:00:00,0
30327830,24/6/2026 20:00:00,0
30328125,24/6/2026 21:00:00,0
01308A9006,25/6/2026 01:00:00,0
30328125,25/6/2026 01:00:00,0
01308A9013,25/6/2026 01:00:00,0
82020030,25/6/2026 01:00:00,0
30330560,25/6/2026 01:00:00,0
30522835,25/6/2026 01:00:00,0
30748000,25/6/2026 01:00:00,0
30522800,25/6/2026 01:00:00,0
30524228,25/6/2026 01:00:00,0
30746315,25/6/2026 01:00:00,0
80920250,25/6/2026 01:00:00,0
82020035,25/6/2026 01:00:00,0
30327830,25/6/2026 01:00:00,0
80720170,25/6/2026 01:00:00,0
30523410,25/6/2026 01:00:00,0
80720185,25/6/2026 01:00:00,0
01308A9018,25/6/2026 00:00:00,0
30525610,25/6/2026 00:00:00,0
81020010,25/6/2026 01:00:00,0
30330410,25/6/2026 01:00:00,0
80920250,24/6/2026 23:00:00,0
01303A5005,25/6/2026 00:00:00,0
01307A5000,25/6/2026 00:00:00,0
30330410,24/6/2026 23:00:00,0
30422100,25/6/2026 01:00:00,0
82020035,24/6/2026 23:00:00,0
30324715,25/6/2026 01:00:00,0
30524228,24/6/2026 23:00:00,0
82020030,25/6/2026 02:00:00,0
30324020,25/6/2026 01:00:00,0
30330650,25/6/2026 01:00:00,0
01303A9004,25/6/2026 01:00:00,0
01303A9004,24/6/2026 23:00:00,0
30330560,25/6/2026 00:00:00,0
30522800,24/6/2026 21:00:00,0
01303A9005,25/6/2026 00:00:00,0
30524228,25/6/2026 00:00:00,0
30526500,25/6/2026 00:00:00,0
80720185,25/6/2026 00:00:00,0
30748000,25/6/2026 00:00:00,0
01308A9013,25/6/2026 00:00:00,0
01303A9004,25/6/2026 00:00:00,0
30422100,25/6/2026 00:00:00,0
30324020,25/6/2026 00:00:00,0
30324715,25/6/2026 00:00:00,0
30746315,25/6/2026 00:00:00,0
01308A9013,24/6/2026 23:00:00,0
30327830,25/6/2026 00:00:00,0
30328125,24/6/2026 23:00:00,0
01308A9029,24/6/2026 23:00:00,0
80920250,25/6/2026 00:00:00,0
30328125,25/6/2026 00:00:00,0
30330650,24/6/2026 23:00:00,0
80720170,25/6/2026 00:00:00,0
30522800,25/6/2026 00:00:00,0
30523410,25/6/2026 00:00:00,0
30330650,25/6/2026 00:00:00,0
30330410,25/6/2026 00:00:00,0
81020010,25/6/2026 00:00:00,0
01305A5007,25/6/2026 00:00:00,0
01308A9018,24/6/2026 23:00:00,0
30748000,24/6/2026 23:00:00,0
01308A9006,24/6/2026 23:00:00,0
01303A5005,24/6/2026 23:00:00,0
01307A5000,24/6/2026 23:00:00,0
30748000,25/6/2026 03:00:00,0
30524228,24/6/2026 21:00:00,0
01308A9003,24/6/2026 23:00:00,0
30525610,24/6/2026 23:00:00,0
01305A5007,24/6/2026 23:00:00,0
80720185,24/6/2026 23:00:00,0
82020030,25/6/2026 00:00:00,0
30522835,25/6/2026 00:00:00,0
30522800,24/6/2026 23:00:00,0
82020035,25/6/2026 00:00:00,0
30324020,24/6/2026 23:00:00,0
30422100,24/6/2026 23:00:00,0
01308A9018,25/6/2026 04:00:00,0
01303A9005,24/6/2026 23:00:00,0
01303A5005,24/6/2026 22:00:00,0
30523410,24/6/2026 23:00:00,0
01308A9006,25/6/2026 04:00:00,0
01303A9005,24/6/2026 22:00:00,0
30330560,24/6/2026 23:00:00,0
01308A9013,24/6/2026 22:00:00,0
30324715,24/6/2026 23:00:00,0
30746315,24/6/2026 23:00:00,0
01308A9003,25/6/2026 00:00:00,0
30526500,24/6/2026 23:00:00,0
30525610,24/6/2026 22:00:00,0
01303A5005,25/6/2026 04:00:00,0
01308A9018,24/6/2026 22:00:00,0
30422100,25/6/2026 03:00:00,0
01307A5000,24/6/2026 22:00:00,0
01303A9005,25/6/2026 04:00:00,0
30522835,24/6/2026 23:00:00,0
81020010,24/6/2026 23:00:00,0
82020030,24/6/2026 23:00:00,0
30327830,24/6/2026 20:15:00,0.5
01308A9003,25/6/2026 04:00:00,0
30522800,24/6/2026 20:00:00,0
30422100,25/6/2026 04:00:00,0
01305A5007,24/6/2026 22:00:00,0
01308A9006,25/6/2026 00:00:00,0
01307A5000,25/6/2026 04:00:00,0
80720170,24/6/2026 23:00:00,0
01305A5007,25/6/2026 01:00:00,0
01303A5005,25/6/2026 01:00:00,0
01305A5007,25/6/2026 04:00:00,0
01308A9029,25/6/2026 00:00:00,0
30330560,25/6/2026 04:00:00,0
30327830,24/6/2026 23:00:00,0
01308A9029,24/6/2026 22:00:00,0
01308A9003,25/6/2026 01:00:00,0
30748000,25/6/2026 04:00:00,0
01303A9004,24/6/2026 22:00:00,0
30330410,24/6/2026 22:00:00,0
80920250,24/6/2026 22:00:00,0
30422100,24/6/2026 22:00:00,0
30522835,25/6/2026 04:00:00,0
30524228,25/6/2026 04:00:00,0
80720170,25/6/2026 04:00:00,0
81020010,24/6/2026 22:00:00,0
82020035,25/6/2026 04:00:00,0
30324020,24/6/2026 22:00:00,0
30328125,25/6/2026 04:00:00,0
80720170,24/6/2026 22:00:00,0
30327830,25/6/2026 04:00:00,0
80720185,24/6/2026 22:00:00,0
30327830,24/6/2026 22:00:00,0
30330650,25/6/2026 04:00:00,0
82020030,24/6/2026 22:00:00,0
30526500,25/6/2026 04:00:00,0
30525610,25/6/2026 04:00:00,0
30748000,24/6/2026 22:00:00,0
82020035,24/6/2026 22:00:00,0
82020030,25/6/2026 04:00:00,0
01303A9004,25/6/2026 04:00:00,0
30746315,25/6/2026 04:00:00,0
30324020,25/6/2026 04:00:00,0
30524228,24/6/2026 22:00:00,0
80720185,25/6/2026 04:00:00,0
30522800,24/6/2026 22:00:00,0
81020010,25/6/2026 04:00:00,0
01303A5005,25/6/2026 03:00:00,0
30522800,25/6/2026 04:00:00,0
30523410,25/6/2026 04:00:00,0
30523410,24/6/2026 22:00:00,0
01308A9013,25/6/2026 03:00:00,0
30328125,24/6/2026 22:00:00,0
01308A9003,24/6/2026 22:00:00,0
80920250,25/6/2026 04:00:00,0
30746315,24/6/2026 22:00:00,0
30330650,24/6/2026 22:00:00,0
01308A9018,25/6/2026 03:00:00,0
01307A5000,24/6/2026 21:00:00,0
01308A9013,25/6/2026 04:00:00,0
30526500,25/6/2026 03:00:00,0
01303A9005,25/6/2026 03:00:00,0
30330560,25/6/2026 03:00:00,0
30324715,25/6/2026 04:00:00,0
30330410,25/6/2026 04:00:00,0
30330560,24/6/2026 21:00:00,0
01308A9003,25/6/2026 03:00:00,0
01308A9013,24/6/2026 21:00:00,0
30324715,24/6/2026 22:00:00,0
30746315,24/6/2026 20:00:00,0
30324020,25/6/2026 03:00:00,0
01308A9029,24/6/2026 21:00:00,0
01305A5007,24/6/2026 21:00:00,0
01303A5005,24/6/2026 21:00:00,0
01308A9003,24/6/2026 21:00:00,0
30525610,24/6/2026 21:00:00,0
01308A9029,25/6/2026 03:00:00,0
01308A9029,25/6/2026 04:00:00,0
30522835,24/6/2026 22:00:00,0
01308A9018,24/6/2026 21:00:00,0
01308A9006,25/6/2026 03:00:00,0
30330560,24/6/2026 22:00:00,0
01307A5000,25/6/2026 03:00:00,0
01308A9006,24/6/2026 22:00:00,0
01303A9005,24/6/2026 21:00:00,0
30526500,24/6/2026 22:00:00,0
01305A5007,25/6/2026 03:00:00,0
30522835,25/6/2026 03:00:00,0
80920240,24/6/2026 21:00:00,0
80920220,24/6/2026 21:00:00,0
30330400,24/6/2026 21:00:00,0
30747960,24/6/2026 21:00:00,0
30524302,24/6/2026 21:00:00,0
30748010,24/6/2026 21:00:00,0
30522970,24/6/2026 21:00:00,0
80620340,24/6/2026 20:27:00,0.2
30746810,25/6/2026 02:00:00,0
80620340,24/6/2026 20:13:00,0.2
30329435,24/6/2026 20:00:00,0
80620340,24/6/2026 20:15:00,0.4
01308A9031,24/6/2026 20:20:00,0
80620340,24/6/2026 20:21:00,0.6
80620340,24/6/2026 20:23:00,0.4
30325550,25/6/2026 02:00:00,0
30327510,24/6/2026 20:00:00,0
30524213,24/6/2026 21:00:00,0
80620350,24/6/2026 21:00:00,0
30747940,25/6/2026 02:00:00,0
30747940,24/6/2026 21:00:00,0
80920255,24/6/2026 21:00:00,0
30747960,25/6/2026 02:00:00,0
30747815,24/6/2026 21:00:00,0
30826900,25/6/2026 02:00:00,0
30746810,24/6/2026 21:00:00,0
80420295,24/6/2026 21:00:00,0
30747420,25/6/2026 03:00:00,0
30329435,24/6/2026 21:00:00,0
30523850,25/6/2026 02:00:00,0
30748010,25/6/2026 02:00:00,0
30327510,24/6/2026 21:00:00,0
30329435,25/6/2026 02:00:00,0
01307A5020,25/6/2026 02:00:00,0
30523850,24/6/2026 21:00:00,0
30421380,24/6/2026 21:00:00,0
80920240,25/6/2026 02:00:00,0
80620340,24/6/2026 20:19:00,0.6
80620340,25/6/2026 02:00:00,0
30747960,24/6/2026 20:00:00,0
30524213,25/6/2026 02:00:00,0
80620340,24/6/2026 20:11:00,0.2
30328600,25/6/2026 02:00:00,0
30421380,25/6/2026 02:00:00,0
30330940,25/6/2026 02:00:00,0
80620340,24/6/2026 20:17:00,0.4
80920255,25/6/2026 02:00:00,0
30330400,25/6/2026 02:00:00,0
30421380,24/6/2026 20:00:00,0
01305A5001,25/6/2026 02:00:00,0
01307A9016,25/6/2026 02:00:00,0
30524302,24/6/2026 20:00:00,0
30325900,25/6/2026 02:00:00,0
80920220,25/6/2026 02:00:00,0
01303A5007,25/6/2026 02:00:00,0
30329120,25/6/2026 01:00:00,0
80620350,25/6/2026 02:00:00,0
01307A5023,25/6/2026 02:00:00,0
80720105,25/6/2026 02:00:00,0
30325550,25/6/2026 01:00:00,0
30746810,24/6/2026 20:00:00,0
30522970,25/6/2026 02:00:00,0
30747940,24/6/2026 20:00:00,0
30745400,25/6/2026 02:00:00,0
30747700,25/6/2026 02:00:00,0
30826785,25/6/2026 02:00:00,0
80720190,25/6/2026 02:00:00,0
30523850,24/6/2026 20:00:00,0
30747420,24/6/2026 21:00:00,0
30747420,24/6/2026 20:00:00,0
30328700,25/6/2026 02:00:00,0
30521660,25/6/2026 02:00:00,0
30421670,25/6/2026 02:00:00,0
30330400,25/6/2026 01:00:00,0
30524213,25/6/2026 01:00:00,0
80420295,25/6/2026 01:00:00,0
80920240,25/6/2026 01:00:00,0
80720105,25/6/2026 01:00:00,0
30524302,25/6/2026 01:00:00,0
80920255,25/6/2026 01:00:00,0
80920220,25/6/2026 01:00:00,0
30329435,25/6/2026 01:00:00,0
80620340,25/6/2026 01:00:00,0
30747700,25/6/2026 00:00:00,0
30826900,25/6/2026 01:00:00,0
01307A5020,25/6/2026 01:00:00,0
30325900,25/6/2026 00:00:00,0
30826785,25/6/2026 01:00:00,0
30745400,25/6/2026 01:00:00,0
01307A5020,25/6/2026 00:00:00,0
30325550,25/6/2026 00:00:00,0
30747815,25/6/2026 02:00:00,0
01307A9016,25/6/2026 00:00:00,0
01305A5001,25/6/2026 01:00:00,0
30328600,25/6/2026 00:00:00,0
01303A5007,25/6/2026 01:00:00,0
30325900,25/6/2026 01:00:00,0
80720190,25/6/2026 01:00:00,0
01307A5023,25/6/2026 01:00:00,0
30747700,25/6/2026 01:00:00,0
30328700,25/6/2026 00:00:00,0
30328700,25/6/2026 01:00:00,0
30522460,25/6/2026 00:00:00,0
80420295,25/6/2026 02:00:00,0
30330940,25/6/2026 00:00:00,0
30747960,25/6/2026 01:00:00,0
30521660,25/6/2026 00:00:00,0
30747940,25/6/2026 01:00:00,0
80920220,25/6/2026 00:00:00,0
01305A5001,25/6/2026 00:00:00,0
30330400,25/6/2026 00:00:00,0
30523850,25/6/2026 01:00:00,0
30524302,25/6/2026 00:00:00,0
80720190,25/6/2026 00:00:00,0
30421380,25/6/2026 01:00:00,0
01303A5007,25/6/2026 00:00:00,0
30330940,25/6/2026 01:00:00,0
80420295,25/6/2026 00:00:00,0
30747815,25/6/2026 00:00:00,0
30746810,25/6/2026 00:00:00,0
30522970,25/6/2026 01:00:00,0
30746810,25/6/2026 01:00:00,0
30747815,25/6/2026 01:00:00,0
80720105,24/6/2026 23:14:00,0.2
30748010,25/6/2026 01:00:00,0
30747960,25/6/2026 00:00:00,0
01307A5023,25/6/2026 00:00:00,0
30327510,25/6/2026 00:00:00,0
30329120,24/6/2026 23:00:00,0
30421380,25/6/2026 00:00:00,0
80620340,25/6/2026 00:00:00,0
30747420,25/6/2026 01:00:00,0
80920255,25/6/2026 00:00:00,0
30745400,25/6/2026 00:00:00,0
30328700,24/6/2026 23:00:00,0
80620350,25/6/2026 01:00:00,0
30329120,25/6/2026 00:00:00,0
30826900,25/6/2026 00:00:00,0
30524302,25/6/2026 02:00:00,0
30327510,25/6/2026 01:00:00,0
80920240,25/6/2026 00:00:00,0
30747940,25/6/2026 00:00:00,0
30747420,25/6/2026 02:00:00,0
30826785,25/6/2026 00:00:00,0
80620350,25/6/2026 00:00:00,0
30521660,24/6/2026 23:00:00,0
80720105,25/6/2026 00:00:00,0
01305A5001,24/6/2026 23:00:00,0
30745400,24/6/2026 23:00:00,0
30748010,25/6/2026 00:00:00,0
30826785,24/6/2026 23:00:00,0
30524213,25/6/2026 00:00:00,0
30522460,24/6/2026 23:00:00,0
30522970,25/6/2026 00:00:00,0
30747700,24/6/2026 23:00:00,0
01307A5020,24/6/2026 23:00:00,0
01303A5007,24/6/2026 23:00:00,0
30421670,25/6/2026 01:00:00,0
30329435,25/6/2026 00:00:00,0
01307A9016,25/6/2026 01:00:00,0
30325550,24/6/2026 23:00:00,0
30328600,25/6/2026 01:00:00,0
30826900,24/6/2026 23:00:00,0
30421670,25/6/2026 00:00:00,0
30328600,24/6/2026 23:00:00,0
30329120,24/6/2026 22:00:00,0
30523850,25/6/2026 00:00:00,0
01307A5020,25/6/2026 04:00:00,0
30421380,25/6/2026 03:00:00,0
30747700,24/6/2026 22:00:00,0
30327510,25/6/2026 02:00:00,0
01303A5007,24/6/2026 22:00:00,0
30329435,25/6/2026 03:00:00,0
30747420,25/6/2026 00:00:00,0
30327510,25/6/2026 03:00:00,0
30524213,24/6/2026 23:00:00,0
30747700,25/6/2026 04:00:00,0
30325900,24/6/2026 23:00:00,0
30747420,24/6/2026 23:00:00,0
30330940,24/6/2026 23:00:00,0
30421670,24/6/2026 23:00:00,0
80920240,24/6/2026 23:00:00,0
80620340,24/6/2026 23:00:00,0
01307A9016,24/6/2026 23:00:00,0
01307A5023,24/6/2026 23:00:00,0
80720190,24/6/2026 23:00:00,0
30748010,24/6/2026 23:00:00,0
80620350,24/6/2026 23:00:00,0
80720105,24/6/2026 23:00:00,0
80920220,24/6/2026 23:00:00,0
30421380,24/6/2026 23:00:00,0
30330400,24/6/2026 23:00:00,0
30747960,24/6/2026 23:00:00,0
30747940,24/6/2026 23:00:00,0
30329435,24/6/2026 23:00:00,0
30522970,24/6/2026 23:00:00,0
30746810,24/6/2026 23:00:00,0
30524302,24/6/2026 23:00:00,0
80920255,24/6/2026 23:00:00,0
30523850,24/6/2026 23:00:00,0
30327510,24/6/2026 23:00:00,0
01307A9016,25/6/2026 04:00:00,0
80420295,24/6/2026 23:00:00,0
30745400,24/6/2026 22:00:00,0
80720105,24/6/2026 22:00:00,0
30747815,24/6/2026 23:00:00,0
30330940,25/6/2026 04:00:00,0
30826785,24/6/2026 22:00:00,0
30826900,25/6/2026 04:00:00,0
30330400,25/6/2026 04:00:00,0
30748010,25/6/2026 04:00:00,0
01307A5023,24/6/2026 22:00:00,0
30747940,25/6/2026 04:00:00,0
30421670,24/6/2026 22:00:00,0
30747815,25/6/2026 04:00:00,0
01305A5001,25/6/2026 04:00:00,0
30325900,25/6/2026 04:00:00,0
30328700,25/6/2026 04:00:00,0
80720105,25/6/2026 04:00:00,0
30421380,24/6/2026 22:01:00,0.5
01307A5020,24/6/2026 22:00:00,0
01303A5007,25/6/2026 04:00:00,0
30325550,25/6/2026 04:00:00,0
30826900,24/6/2026 22:00:00,0
30521660,24/6/2026 22:00:00,0
30325550,24/6/2026 22:00:00,0
30745400,25/6/2026 04:00:00,0
30524302,25/6/2026 04:00:00,0
30522460,24/6/2026 22:00:00,0
30328700,24/6/2026 22:00:00,0
30329120,25/6/2026 04:00:00,0
80620350,25/6/2026 04:00:00,0
80920255,24/6/2026 22:00:00,0
30421670,25/6/2026 04:00:00,0
80920240,24/6/2026 22:00:00,0
30325900,24/6/2026 22:00:00,0
80420295,25/6/2026 04:00:00,0
30521660,25/6/2026 04:00:00,0
30329435,25/6/2026 04:00:00,0
01307A9016,24/6/2026 22:00:00,0
01305A5001,24/6/2026 22:00:00,0
30747420,24/6/2026 22:00:00,0
30330940,24/6/2026 22:00:00,0
30328600,24/6/2026 22:00:00,0
80720190,24/6/2026 22:00:00,0
80920220,24/6/2026 22:00:00,0
30523850,25/6/2026 04:00:00,0
30747960,25/6/2026 04:00:00,0
30421380,24/6/2026 22:00:00,1
30330400,24/6/2026 22:00:00,0
30524213,25/6/2026 04:00:00,0
80420295,24/6/2026 22:00:00,0
30826785,25/6/2026 04:00:00,0
80620340,25/6/2026 04:00:00,0
30746810,24/6/2026 22:00:00,0
30328600,25/6/2026 04:00:00,0
30747815,24/6/2026 22:00:00,0
30327510,25/6/2026 04:00:00,0
30747940,24/6/2026 22:00:00,0
80620350,24/6/2026 22:00:00,0
80920255,25/6/2026 04:00:00,0
80920240,25/6/2026 04:00:00,0
30748010,24/6/2026 22:00:00,0
30522970,25/6/2026 04:00:00,0
30524302,24/6/2026 22:00:00,0
30421380,24/6/2026 21:57:00,0.5
30329435,24/6/2026 22:00:00,0
80920220,25/6/2026 04:00:00,0
30522970,24/6/2026 22:00:00,0
80720190,25/6/2026 04:00:00,0
30747960,24/6/2026 22:00:00,0
30826900,25/6/2026 03:00:00,0
30521660,25/6/2026 03:00:00,0
30826785,25/6/2026 03:00:00,0
30421380,25/6/2026 04:00:00,0
30421380,24/6/2026 21:53:00,1.5
01307A5020,25/6/2026 03:00:00,0
30421380,24/6/2026 21:59:00,0.5
30523850,24/6/2026 22:00:00,0
30421380,24/6/2026 21:54:00,1.5
30421380,24/6/2026 21:55:00,1
30421670,25/6/2026 03:00:00,0
01307A5023,25/6/2026 04:00:00,0
30327510,24/6/2026 22:00:00,0
30421380,24/6/2026 21:50:00,1
30421380,24/6/2026 21:48:00,1.5
30421380,24/6/2026 21:47:00,0.5
30421380,24/6/2026 21:46:00,1
30328700,24/6/2026 21:46:00,0.1
30328700,24/6/2026 21:48:00,0.1
30421380,24/6/2026 21:49:00,1.5
30328600,24/6/2026 21:45:00,1.1
30745400,25/6/2026 03:00:00,0
30421380,24/6/2026 21:51:00,1.5
30328700,24/6/2026 21:45:00,0.1
30421380,24/6/2026 21:45:00,0.5
30329120,24/6/2026 21:00:00,0
30747700,24/6/2026 21:00:00,0
30325550,25/6/2026 03:00:00,0
30421380,24/6/2026 21:52:00,1.5
30325550,24/6/2026 21:00:00,0
30524213,24/6/2026 22:00:00,0
01307A9016,25/6/2026 03:00:00,0
30328600,25/6/2026 03:00:00,0
01307A5020,24/6/2026 21:00:00,0
30745400,24/6/2026 21:00:00,0
30826900,24/6/2026 21:00:00,0
30747420,25/6/2026 04:00:00,0
80920240,25/6/2026 03:00:00,0
80920255,25/6/2026 03:00:00,0
80920220,25/6/2026 03:00:00,0
30747700,25/6/2026 03:00:00,0
01307A5023,25/6/2026 03:00:00,0
30328600,24/6/2026 21:00:00,0
01305A5001,24/6/2026 21:00:00,0
01307A5023,24/6/2026 21:00:00,0
30325900,24/6/2026 21:00:00,0
30524213,25/6/2026 03:00:00,0
30329120,25/6/2026 03:00:00,0
30826785,24/6/2026 21:00:00,0
30421380,24/6/2026 21:58:00,0.5
30748010,25/6/2026 03:00:00,0
30325900,25/6/2026 03:00:00,0
01305A5001,25/6/2026 03:00:00,0
80420295,25/6/2026 03:00:00,0
30330940,25/6/2026 03:00:00,0
30328700,24/6/2026 21:00:00,0
30522460,24/6/2026 21:00:00,0
30328700,25/6/2026 03:00:00,0
30522970,25/6/2026 03:00:00,0
80720105,24/6/2026 21:00:00,0
01307A9016,24/6/2026 21:00:00,0
30747960,25/6/2026 03:00:00,0
80620350,25/6/2026 03:00:00,0
30747940,25/6/2026 03:00:00,0
30330400,25/6/2026 03:00:00,0
80720105,25/6/2026 03:00:00,0
80620340,24/6/2026 21:00:00,0
80620340,25/6/2026 03:00:00,0
30746810,25/6/2026 03:00:00,0
30523850,25/6/2026 03:00:00,0
80720190,24/6/2026 21:00:00,0
30524302,25/6/2026 03:00:00,0
30747815,25/6/2026 03:00:00,0
30521660,25/6/2026 01:00:00,0
01303A5007,25/6/2026 03:00:00,0
30746810,25/6/2026 04:00:00,0
80720190,25/6/2026 03:00:00,0
30421670,24/6/2026 21:00:00,0
30330940,24/6/2026 21:00:00,0
30521660,24/6/2026 21:00:00,0
80620340,24/6/2026 22:00:00,0
01303A5007,24/6/2026 21:00:00,0
30329120,25/6/2026 02:00:00,0
30328420,24/6/2026 23:00:00,0
30524250,24/6/2026 23:00:00,0
82020065,24/6/2026 23:00:00,0
30524304,24/6/2026 23:00:00,0
80620325,24/6/2026 23:00:00,0
30745815,24/6/2026 23:00:00,0
30823800,24/6/2026 23:00:00,0
30746050,24/6/2026 23:00:00,0
30522820,24/6/2026 23:00:00,0
30523300,24/6/2026 23:00:00,0
30329170,24/6/2026 23:00:00,0
30329010,24/6/2026 23:00:00,0
30524300,24/6/2026 23:00:00,0
30329250,24/6/2026 23:00:00,0
30327900,24/6/2026 23:00:00,0
30526095,24/6/2026 23:00:00,0
01307A9015,24/6/2026 22:00:00,0
01308A9017,24/6/2026 22:00:00,0
30422050,25/6/2026 04:00:00,0
01307A5025,25/6/2026 04:00:00,0
30325540,24/6/2026 23:00:00,0
30747800,25/6/2026 04:00:00,0
01307A9011,25/6/2026 04:00:00,0
80720150,25/6/2026 04:00:00,0
01307A9004,25/6/2026 04:00:00,0
01307A9011,24/6/2026 22:00:00,0
30421960,24/6/2026 22:00:00,0
30524304,25/6/2026 04:00:00,0
30827900,24/6/2026 22:00:00,0
30746250,24/6/2026 22:00:00,0
30746250,25/6/2026 04:00:00,0
30747800,24/6/2026 22:00:00,0
30526095,25/6/2026 04:00:00,0
01308A9020,24/6/2026 22:00:00,0
30747000,25/6/2026 04:00:00,0
30328420,24/6/2026 22:00:00,0
01303A5000,25/6/2026 04:00:00,0
30328420,25/6/2026 04:00:00,0
30526095,24/6/2026 22:00:00,0
30823800,25/6/2026 04:00:00,0
30747000,24/6/2026 22:00:00,0
30524250,25/6/2026 04:00:00,0
30329250,25/6/2026 04:00:00,0
30524300,25/6/2026 04:00:00,0
30327900,25/6/2026 04:00:00,0
30329010,25/6/2026 04:00:00,0
80720150,24/6/2026 22:00:00,0
01307A5025,24/6/2026 22:00:00,0
30325450,25/6/2026 04:00:00,0
30746050,25/6/2026 04:00:00,0
30325540,25/6/2026 04:00:00,0
30524250,24/6/2026 22:00:00,0
30325450,24/6/2026 23:00:00,0
30329170,25/6/2026 04:00:00,0
30745815,24/6/2026 22:00:00,0
80620325,25/6/2026 04:00:00,0
30329010,24/6/2026 22:00:00,0
82020065,25/6/2026 04:00:00,0
30329170,24/6/2026 22:00:00,0
30524300,24/6/2026 22:00:00,0
30422050,24/6/2026 22:00:00,0
30746050,24/6/2026 22:00:00,0
80620325,24/6/2026 22:00:00,0
30745815,25/6/2026 04:00:00,0
30421960,25/6/2026 03:00:00,0
30522820,25/6/2026 04:00:00,0
01307A9004,25/6/2026 03:00:00,0
30327900,24/6/2026 22:00:00,0
30523300,25/6/2026 04:00:00,0
30329250,24/6/2026 22:00:00,0
30325450,24/6/2026 22:00:00,0
30747800,25/6/2026 03:00:00,0
30325540,24/6/2026 22:00:00,0
01307A9004,24/6/2026 22:00:00,0
01303A5000,24/6/2026 22:00:00,0
82020065,24/6/2026 22:00:00,0
30747000,24/6/2026 21:00:00,0
01308A9020,24/6/2026 21:00:00,0
30746250,25/6/2026 03:00:00,0
01307A9004,24/6/2026 21:00:00,0
30827900,25/6/2026 03:00:00,0
01307A5025,25/6/2026 03:00:00,0
30823800,24/6/2026 22:00:00,0
80720150,25/6/2026 03:00:00,0
01307A9015,25/6/2026 03:00:00,0
01308A9017,25/6/2026 03:00:00,0
80620325,25/6/2026 03:00:00,0
30747800,24/6/2026 21:00:00,0
30827900,24/6/2026 21:00:00,0
01308A9020,25/6/2026 03:00:00,0
01308A9017,24/6/2026 21:00:00,0
80620325,24/6/2026 21:00:00,0
01303A5000,24/6/2026 21:00:00,0
30522820,24/6/2026 22:00:00,0
01307A9015,24/6/2026 21:00:00,0
30524304,24/6/2026 22:00:00,0
30523300,24/6/2026 22:00:00,0
30422050,24/6/2026 21:00:00,0
30823800,25/6/2026 03:00:00,0
01307A5025,24/6/2026 21:00:00,0
30524300,25/6/2026 03:00:00,0
30329010,25/6/2026 03:00:00,0
01307A9011,24/6/2026 21:00:00,0
30421960,24/6/2026 21:00:00,0
30329250,25/6/2026 03:00:00,0
30523300,25/6/2026 03:00:00,0
30522820,25/6/2026 03:00:00,0
01307A9015,25/6/2026 02:00:00,0
82020065,24/6/2026 21:00:00,0
30325540,25/6/2026 03:00:00,0
30328420,24/6/2026 21:00:00,0
30325450,25/6/2026 03:00:00,0
30327900,25/6/2026 03:00:00,0
30524250,25/6/2026 03:00:00,0
30524304,25/6/2026 03:00:00,0
01308A9020,25/6/2026 04:00:00,0
30745815,25/6/2026 03:00:00,0
30329170,25/6/2026 03:00:00,0
30328420,25/6/2026 03:00:00,0
30526095,25/6/2026 03:00:00,0
30746050,25/6/2026 03:00:00,0
30329170,24/6/2026 21:00:00,0
30325540,24/6/2026 21:00:00,0
01307A9011,25/6/2026 03:00:00,0
30329250,24/6/2026 21:00:00,0
30523300,24/6/2026 21:00:00,0
30746050,24/6/2026 21:00:00,0
30746250,24/6/2026 21:00:00,0
30522820,24/6/2026 21:00:00,0
30524300,24/6/2026 21:00:00,0
30526095,24/6/2026 21:00:00,0
30522820,25/6/2026 02:00:00,0
30329250,25/6/2026 02:00:00,0
30745815,25/6/2026 02:00:00,0
30823800,25/6/2026 02:00:00,0
30524250,25/6/2026 02:00:00,0
30329010,25/6/2026 02:00:00,0
30325540,25/6/2026 02:00:00,0
30526095,25/6/2026 02:00:00,0
01308A9020,25/6/2026 02:00:00,0
30827900,25/6/2026 02:00:00,0
30422050,25/6/2026 02:00:00,0
01307A9004,25/6/2026 02:00:00,0
30747800,25/6/2026 02:00:00,0
30523300,25/6/2026 02:00:00,0
01307A5025,25/6/2026 02:00:00,0
30421960,25/6/2026 02:00:00,0
82020065,25/6/2026 02:00:00,0
30746250,25/6/2026 02:00:00,0
01307A9011,25/6/2026 01:00:00,0
30327900,25/6/2026 02:00:00,0
01307A9015,25/6/2026 01:00:00,0
30823800,24/6/2026 21:00:00,0
80620325,25/6/2026 02:00:00,0
30329170,25/6/2026 02:00:00,0
30524300,25/6/2026 02:00:00,0
30327900,24/6/2026 20:00:00,0
30746050,25/6/2026 02:00:00,0
30329170,24/6/2026 20:00:00,0
30329250,24/6/2026 20:00:00,0
30325450,24/6/2026 21:00:00,0
80720150,25/6/2026 02:00:00,0
30325450,25/6/2026 02:00:00,0
01307A9004,25/6/2026 01:00:00,0
80720150,24/6/2026 21:00:00,0
30746050,24/6/2026 20:00:00,0
30524300,24/6/2026 20:00:00,0
30523300,24/6/2026 20:00:00,0
01308A9020,25/6/2026 01:00:00,0
30747800,25/6/2026 01:00:00,0
30422050,25/6/2026 01:00:00,0
82020065,25/6/2026 01:00:00,0
30524304,25/6/2026 01:00:00,0
30325540,24/6/2026 20:00:00,0
30746050,25/6/2026 01:00:00,0
30524250,24/6/2026 21:00:00,0
30327900,24/6/2026 21:00:00,0
30522820,24/6/2026 20:00:00,0
30325450,24/6/2026 20:00:00,0
30329010,24/6/2026 20:00:00,0
30524304,25/6/2026 02:00:00,0
01307A9011,25/6/2026 02:00:00,0
01303A5000,25/6/2026 02:00:00,0
30421960,25/6/2026 01:00:00,0
30328420,25/6/2026 02:00:00,0
01308A9017,25/6/2026 01:00:00,0
01308A9017,25/6/2026 02:00:00,0
01307A5025,25/6/2026 01:00:00,0
30747000,25/6/2026 02:00:00,0
80720150,25/6/2026 01:00:00,0
01303A5000,25/6/2026 01:00:00,0
30524250,25/6/2026 01:00:00,0
30524304,24/6/2026 21:00:00,0
30524300,25/6/2026 00:00:00,0
82020065,25/6/2026 00:00:00,0
30526095,25/6/2026 00:00:00,0
30325540,25/6/2026 01:00:00,0
30325450,25/6/2026 01:00:00,0
30328420,25/6/2026 01:00:00,0
30329170,25/6/2026 01:00:00,0
01303A5000,25/6/2026 00:00:00,0
30746250,25/6/2026 00:00:00,0
30827900,25/6/2026 01:00:00,0
30747000,25/6/2026 01:00:00,0
01307A9015,25/6/2026 00:00:00,0
80620325,25/6/2026 01:00:00,0
30327900,25/6/2026 01:00:00,0
30827900,25/6/2026 00:00:00,0
30524300,25/6/2026 01:00:00,0
30329250,25/6/2026 01:00:00,0
30747000,25/6/2026 00:00:00,0
30422050,25/6/2026 00:00:00,0
30747800,25/6/2026 00:00:00,0
80720150,25/6/2026 00:00:00,0
01308A9017,25/6/2026 00:00:00,0
30524304,25/6/2026 00:00:00,0
30745815,25/6/2026 01:00:00,0
01308A9020,25/6/2026 00:00:00,0
30524250,25/6/2026 00:00:00,0
01307A5025,25/6/2026 00:00:00,0
30421960,25/6/2026 00:00:00,0
30328420,25/6/2026 00:00:00,0
30522820,25/6/2026 01:00:00,0
01307A9011,25/6/2026 00:00:00,0
01307A9004,25/6/2026 00:00:00,0
30523300,25/6/2026 01:00:00,0
80620325,25/6/2026 00:00:00,0
30746250,25/6/2026 01:00:00,0
30526095,25/6/2026 01:00:00,0
82020065,25/6/2026 03:00:00,0
30745815,25/6/2026 00:00:00,0
30329010,25/6/2026 00:00:00,0
30329010,25/6/2026 01:00:00,0
30823800,25/6/2026 00:00:00,0
01308A9017,25/6/2026 04:00:00,0
30329170,25/6/2026 00:00:00,0
30523300,25/6/2026 00:00:00,0
30522820,25/6/2026 00:00:00,0
30327900,25/6/2026 00:00:00,0
01303A5000,24/6/2026 23:00:00,0
30329250,25/6/2026 00:00:00,0
01303A5000,25/6/2026 03:00:00,0
30823800,25/6/2026 01:00:00,0
30747800,24/6/2026 23:00:00,0
30746250,24/6/2026 23:00:00,0
30747000,24/6/2026 23:00:00,0
01307A9015,24/6/2026 23:00:00,0
01307A9004,24/6/2026 23:00:00,0
01308A9017,24/6/2026 23:00:00,0
01308A9020,24/6/2026 23:00:00,0
30746050,25/6/2026 00:00:00,0
01307A9011,24/6/2026 23:00:00,0
01307A5025,24/6/2026 23:00:00,0
30827900,24/6/2026 23:00:00,0
30325450,25/6/2026 00:00:00,0
30325540,25/6/2026 00:00:00,0
30422050,25/6/2026 03:00:00,0
30329010,24/6/2026 21:00:00,0
30422050,24/6/2026 23:00:00,0
01307A9015,25/6/2026 04:00:00,0
30745815,24/6/2026 21:00:00,0
30421960,24/6/2026 23:00:00,0
30421960,25/6/2026 04:00:00,0
30747000,25/6/2026 03:00:00,0
30827900,25/6/2026 04:00:00,0
80720150,24/6/2026 23:00:00,0
30420600,25/6/2026 03:00:00,0
30328100,25/6/2026 03:00:00,0
30745945,25/6/2026 03:00:00,0
01305A3769,25/6/2026 02:00:00,0
01303A5014,25/6/2026 02:00:00,0
30328100,24/6/2026 21:00:00,0
30523795,24/6/2026 21:00:00,0
30828035,25/6/2026 02:00:00,0
30524245,24/6/2026 21:00:00,0
30745945,24/6/2026 21:00:00,0
30420600,25/6/2026 02:00:00,0
30420600,24/6/2026 21:00:00,0
30523795,25/6/2026 02:00:00,0
30328100,25/6/2026 02:00:00,0
82020040,24/6/2026 20:46:00,0.2
30524245,25/6/2026 02:00:00,0
80120255,25/6/2026 02:00:00,0
30745945,25/6/2026 02:00:00,0
01307A5012,25/6/2026 02:00:00,0
80920225,24/6/2026 21:00:00,0
30746455,24/6/2026 21:00:00,0
30328100,24/6/2026 20:00:00,0
01308A9001,25/6/2026 02:00:00,0
30420600,24/6/2026 20:00:00,0
82020040,25/6/2026 02:00:00,0
80120255,24/6/2026 21:00:00,0
30329130,25/6/2026 02:00:00,0
30523795,24/6/2026 20:00:00,0
30323700,25/6/2026 02:00:00,0
30748630,25/6/2026 02:00:00,0
30522980,25/6/2026 02:00:00,0
01307A5014,25/6/2026 02:00:00,0
30522980,25/6/2026 03:00:00,0
80920225,25/6/2026 02:00:00,0
80520330,25/6/2026 02:00:00,0
30747100,25/6/2026 02:00:00,0
80520330,24/6/2026 21:00:00,0
30523795,25/6/2026 03:00:00,0
30828035,24/6/2026 21:00:00,0
30746455,25/6/2026 02:00:00,0
30522980,25/6/2026 01:00:00,0
30746750,25/6/2026 01:00:00,0
30828035,25/6/2026 01:00:00,0
80120255,25/6/2026 01:00:00,0
30524245,25/6/2026 01:00:00,0
30747100,25/6/2026 01:00:00,0
30746750,25/6/2026 02:00:00,0
30328100,25/6/2026 01:00:00,0
30522730,25/6/2026 02:00:00,0
30523795,25/6/2026 01:45:00,0.1
01307A5012,25/6/2026 01:00:00,0
30827600,25/6/2026 02:00:00,0
01305A3769,25/6/2026 01:00:00,0
30748630,25/6/2026 01:00:00,0
30522730,25/6/2026 01:00:00,0
30827600,25/6/2026 01:00:00,0
30323700,25/6/2026 01:00:00,0
30329130,25/6/2026 01:00:00,0
30745945,25/6/2026 01:00:00,0
82020040,25/6/2026 01:00:00,0
30522110,25/6/2026 00:00:00,0
01307A5014,25/6/2026 01:00:00,0
30827600,25/6/2026 00:00:00,0
30332550,25/6/2026 02:00:00,0
30332550,25/6/2026 00:00:00,0
30332550,25/6/2026 01:00:00,0
30329130,25/6/2026 00:00:00,0
30521900,25/6/2026 01:00:00,0
30521900,25/6/2026 00:00:00,0
01303A5014,25/6/2026 01:00:00,0
01308A9001,25/6/2026 01:00:00,0
30522110,25/6/2026 01:00:00,0
30746455,25/6/2026 01:00:00,0
30828035,25/6/2026 00:00:00,0
30521900,25/6/2026 02:00:00,0
80120255,25/6/2026 03:00:00,0
30746455,25/6/2026 00:00:00,0
30746750,25/6/2026 00:00:00,0
30747100,25/6/2026 00:00:00,0
30420600,25/6/2026 00:00:00,0
30523795,25/6/2026 00:00:00,0
30328100,25/6/2026 00:00:00,0
01307A5012,25/6/2026 00:00:00,0
30748630,25/6/2026 00:00:00,0
01308A9001,25/6/2026 00:00:00,0
80520330,25/6/2026 03:00:00,0
80920225,25/6/2026 01:00:00,0
30323700,25/6/2026 00:00:00,0
01305A3769,25/6/2026 00:00:00,0
30522730,24/6/2026 23:00:00,0
30748630,24/6/2026 23:00:00,0
80520330,25/6/2026 00:00:00,0
80920225,25/6/2026 00:00:00,0
30522980,25/6/2026 00:00:00,0
80120255,25/6/2026 00:00:00,0
30420600,24/6/2026 23:05:00,0.1
30524245,25/6/2026 00:00:00,0
01305A3769,24/6/2026 23:00:00,0
01303A5014,24/6/2026 23:00:00,0
30746750,24/6/2026 23:00:00,0
30827600,24/6/2026 23:00:00,0
01308A9001,24/6/2026 23:00:00,0
30523795,25/6/2026 01:00:00,0
30522110,24/6/2026 23:00:00,0
30323700,24/6/2026 23:00:00,0
01307A5014,24/6/2026 23:00:00,0
30420600,25/6/2026 01:00:00,0
30420600,24/6/2026 23:04:00,0.1
30332550,24/6/2026 23:00:00,0
30745945,25/6/2026 00:00:00,0
30747100,24/6/2026 23:00:00,0
01307A5012,24/6/2026 23:00:00,0
30521900,24/6/2026 23:00:00,0
01303A5014,25/6/2026 00:00:00,0
80520330,25/6/2026 01:00:00,0
30522730,25/6/2026 00:00:00,0
30420600,24/6/2026 22:50:00,0.1
30522110,25/6/2026 02:00:00,0
30828035,24/6/2026 23:00:00,0
30329130,24/6/2026 21:00:00,0
30420600,24/6/2026 22:48:00,0.1
82020040,24/6/2026 21:00:00,0
30328100,24/6/2026 23:00:00,0
30521900,25/6/2026 04:00:00,0
80520330,24/6/2026 23:00:00,0
30747100,25/6/2026 04:00:00,0
30524245,24/6/2026 23:00:00,0
01305A3769,25/6/2026 04:00:00,0
30329130,24/6/2026 23:00:00,0
01308A9001,25/6/2026 04:00:00,0
30420600,24/6/2026 22:53:00,0.1
30748630,24/6/2026 22:00:00,0
30420600,24/6/2026 22:46:00,0.2
30828035,24/6/2026 22:00:00,0
30420600,24/6/2026 22:37:00,0.8
80920225,24/6/2026 22:00:00,0
30420600,24/6/2026 22:32:00,0.7
30420600,24/6/2026 22:33:00,0.7
30420600,24/6/2026 22:39:00,0.3
30420600,24/6/2026 22:28:00,1.3
30420600,24/6/2026 22:29:00,1.5
30420600,24/6/2026 22:43:00,0.2
30420600,24/6/2026 22:30:00,2.1
30420600,24/6/2026 22:45:00,0.6
01303A5014,24/6/2026 22:00:00,0
30748630,25/6/2026 04:00:00,0
80120255,24/6/2026 22:00:00,0
30420600,24/6/2026 22:24:00,0.2
30747100,24/6/2026 22:00:00,0
80120255,25/6/2026 04:00:00,0
30828035,25/6/2026 04:00:00,0
30332550,24/6/2026 22:00:00,0
30523795,25/6/2026 04:00:00,0
30329130,25/6/2026 04:00:00,0
30745945,25/6/2026 04:00:00,0
30420600,24/6/2026 22:27:00,0.7
01308A9001,24/6/2026 22:00:00,0
30746455,25/6/2026 04:00:00,0
01305A3769,24/6/2026 22:00:00,0
30521900,24/6/2026 22:00:00,0
30522730,25/6/2026 04:00:00,0
30522110,25/6/2026 04:00:00,0
30522110,24/6/2026 22:00:00,0
30827600,24/6/2026 22:00:00,0
30332550,25/6/2026 04:00:00,0
01303A5014,25/6/2026 04:00:00,0
30323700,25/6/2026 04:00:00,0
30524245,25/6/2026 04:00:00,0
30522980,24/6/2026 22:00:00,0
30745945,24/6/2026 22:00:00,0
01307A5014,24/6/2026 22:00:00,0
30746750,24/6/2026 22:00:00,0
30746750,25/6/2026 04:00:00,0
30323700,25/6/2026 03:00:00,0
30329130,24/6/2026 22:00:00,0
01303A5014,25/6/2026 03:00:00,0
30522730,25/6/2026 03:00:00,0
30746455,24/6/2026 22:00:00,0
30328100,24/6/2026 22:00:00,0
01307A5012,24/6/2026 22:00:00,0
30521900,25/6/2026 03:00:00,0
01307A5012,25/6/2026 03:00:00,0
80520330,24/6/2026 22:00:00,0
30522980,25/6/2026 04:00:00,0
30523795,24/6/2026 23:00:00,0
30328100,25/6/2026 04:00:00,0
30745945,24/6/2026 23:00:00,0
30746455,24/6/2026 23:00:00,0
30420600,24/6/2026 22:00:00,0
80920225,24/6/2026 23:00:00,0
82020040,24/6/2026 23:00:00,0
80120255,24/6/2026 23:00:00,0
30420600,24/6/2026 23:00:00,0
30420600,24/6/2026 22:40:00,0.2
30420600,24/6/2026 22:41:00,0.2
30420600,24/6/2026 22:42:00,0.3
30420600,25/6/2026 04:00:00,0
30420600,24/6/2026 22:38:00,0.5
80520330,25/6/2026 04:00:00,0
82020040,25/6/2026 04:00:00,0
82020040,24/6/2026 22:00:00,0
01308A9001,25/6/2026 03:00:00,0
30420600,24/6/2026 22:34:00,0.4
30523795,25/6/2026 03:20:00,0.1
30827600,25/6/2026 03:00:00,0
01305A3769,24/6/2026 21:00:00,0
30323700,24/6/2026 21:00:00,0
30522110,25/6/2026 03:00:00,0
80920225,25/6/2026 04:00:00,0
30420600,24/6/2026 22:44:00,0.8
30746750,25/6/2026 03:00:00,0
30420600,24/6/2026 22:36:00,0.3
01307A5014,24/6/2026 21:00:00,0
01307A5014,25/6/2026 04:00:00,0
30747100,25/6/2026 03:00:00,0
30522980,24/6/2026 23:00:00,0
01305A3769,25/6/2026 03:00:00,0
30420600,24/6/2026 22:26:00,0.3
30827600,25/6/2026 04:00:00,0
30323700,24/6/2026 22:00:00,0
30522730,24/6/2026 22:00:00,0
01307A5012,25/6/2026 04:00:00,0
30420600,24/6/2026 22:49:00,0.1
30420600,24/6/2026 22:31:00,1.5
30420600,24/6/2026 22:35:00,0.3
30748630,25/6/2026 03:00:00,0
30332550,25/6/2026 03:00:00,0
30522730,24/6/2026 21:00:00,0
30748630,24/6/2026 21:00:00,0
01307A5014,25/6/2026 03:00:00,0
30523795,24/6/2026 22:00:00,0
30329130,25/6/2026 03:00:00,0
30828035,25/6/2026 03:00:00,0
01308A9001,24/6/2026 21:00:00,0
80920225,25/6/2026 03:00:00,0
01307A5012,24/6/2026 21:00:00,0
82020040,25/6/2026 03:00:00,0
30746455,25/6/2026 03:00:00,0
30521900,24/6/2026 21:00:00,0
01303A5014,24/6/2026 21:00:00,0
30827600,24/6/2026 21:00:00,0
01307A5014,25/6/2026 00:00:00,0
30522110,24/6/2026 21:00:00,0
30524245,24/6/2026 22:00:00,0
30746750,24/6/2026 21:00:00,0
82020040,25/6/2026 00:00:00,0
30332550,24/6/2026 21:00:00,0
30747100,24/6/2026 21:00:00,0
30522980,24/6/2026 21:00:00,0
30524245,25/6/2026 03:00:00,0
30329400,25/6/2026 02:00:00,0
80720155,25/6/2026 02:00:00,0
30827000,25/6/2026 02:00:00,0
30828020,25/6/2026 02:00:00,0
01303A5018,25/6/2026 02:00:00,0
30325400,25/6/2026 02:00:00,0
01303A9016,25/6/2026 02:00:00,0
01303A9009,25/6/2026 02:00:00,0
81020005,25/6/2026 02:00:00,0
30827000,25/6/2026 01:00:00,0
01303A9016,25/6/2026 01:00:00,0
30325600,25/6/2026 01:00:00,0
30521970,25/6/2026 01:00:00,0
30325400,25/6/2026 01:00:00,0
30329400,25/6/2026 01:00:00,0
30828020,25/6/2026 01:00:00,0
80120295,25/6/2026 01:00:00,0
30524345,25/6/2026 01:00:00,0
80920230,25/6/2026 02:00:00,0
80720155,25/6/2026 01:00:00,0
30330050,24/6/2026 21:00:00,0
01304A9007,25/6/2026 01:00:00,0
30522760,24/6/2026 21:00:00,0
01303A5018,25/6/2026 01:00:00,0
01308A9000,25/6/2026 02:00:00,0
01307A5009,25/6/2026 01:00:00,0
30523760,25/6/2026 01:00:00,0
01308A9026,25/6/2026 01:00:00,0
01303A5017,25/6/2026 02:00:00,0
30322400,25/6/2026 01:00:00,0
30526130,24/6/2026 21:00:00,0
80120295,25/6/2026 00:00:00,0
30322400,24/6/2026 21:00:00,0
30523110,25/6/2026 01:00:00,0
30330050,25/6/2026 02:00:00,0
30745700,25/6/2026 00:00:00,0
01303A7001,24/6/2026 21:00:00,0
30522760,25/6/2026 02:00:00,0
30524610,25/6/2026 02:00:00,0
01303A7001,25/6/2026 02:00:00,0
30523110,24/6/2026 21:00:00,0
30523760,25/6/2026 02:00:00,0
30330050,24/6/2026 20:00:00,0
30322400,25/6/2026 02:00:00,0
30523110,24/6/2026 20:00:00,0
01304A9007,25/6/2026 02:00:00,0
30523760,24/6/2026 20:00:00,0
30521970,25/6/2026 00:00:00,0
30523760,24/6/2026 21:00:00,0
30827000,25/6/2026 00:00:00,0
01308A9026,25/6/2026 02:00:00,0
80720155,25/6/2026 00:00:00,0
80120295,24/6/2026 21:00:00,0
30747808,24/6/2026 21:00:00,0
30828020,25/6/2026 00:00:00,0
01304A9007,24/6/2026 21:00:00,0
30523110,25/6/2026 02:00:00,0
01303A5018,25/6/2026 00:00:00,0
01303A5010,25/6/2026 02:00:00,0
30325200,25/6/2026 00:00:00,0
01307A5009,25/6/2026 02:00:00,0
30325600,25/6/2026 00:00:00,0
30522760,24/6/2026 20:00:00,0
30526130,24/6/2026 20:00:00,0
30524345,25/6/2026 02:00:00,0
30747808,25/6/2026 02:00:00,0
30322400,24/6/2026 20:00:00,0
30526130,25/6/2026 02:00:00,0
30828020,24/6/2026 21:00:00,0
30524345,25/6/2026 00:00:00,0
01304A9007,25/6/2026 00:00:00,0
01303A5017,25/6/2026 01:00:00,0
01303A3200,25/6/2026 00:00:00,0
81020005,25/6/2026 00:00:00,0
01303A7001,25/6/2026 01:00:00,0
30826890,25/6/2026 02:00:00,0
80120295,25/6/2026 02:00:00,0
30522760,25/6/2026 03:00:00,0
30325200,25/6/2026 02:00:00,0
30520950,25/6/2026 02:00:00,0
30524610,24/6/2026 23:00:00,0
01303A5010,24/6/2026 23:00:00,0
01303A9009,24/6/2026 23:00:00,0
30745700,24/6/2026 23:00:00,0
01303A5010,25/6/2026 01:00:00,0
30325200,25/6/2026 01:00:00,0
30826890,25/6/2026 01:00:00,0
01303A9009,25/6/2026 01:00:00,0
80920230,25/6/2026 01:00:00,0
30747808,25/6/2026 01:00:00,0
30826890,25/6/2026 00:00:00,0
01307A5009,25/6/2026 00:00:00,0
01308A9000,25/6/2026 00:00:00,0
30330050,25/6/2026 01:00:00,0
01307A5009,24/6/2026 23:00:00,0
30745700,25/6/2026 01:00:00,0
01303A9016,25/6/2026 00:00:00,0
81020005,25/6/2026 01:00:00,0
30330050,25/6/2026 00:00:00,0
30522760,25/6/2026 01:00:00,0
30325600,24/6/2026 23:00:00,0
30526130,25/6/2026 01:00:00,0
30329400,25/6/2026 00:00:00,0
80920230,25/6/2026 00:00:00,0
01303A5017,25/6/2026 00:00:00,0
01308A9026,25/6/2026 00:00:00,0
30325400,25/6/2026 00:00:00,0
01303A5018,24/6/2026 23:00:00,0
01303A3200,24/6/2026 23:00:00,0
01303A7001,25/6/2026 00:00:00,0
30524610,25/6/2026 00:00:00,0
01303A9009,25/6/2026 00:00:00,0
01303A5017,24/6/2026 23:00:00,0
01308A9000,25/6/2026 01:00:00,0
30523760,25/6/2026 00:00:00,0
01308A9026,24/6/2026 23:00:00,0
01303A3200,25/6/2026 01:00:00,0
30520950,25/6/2026 00:00:00,0
30747808,25/6/2026 00:00:00,0
30329400,24/6/2026 23:00:00,0
30526130,25/6/2026 00:00:00,0
30523110,25/6/2026 03:00:00,0
01303A5010,25/6/2026 00:00:00,0
30322400,25/6/2026 00:00:00,0
01308A9000,24/6/2026 23:00:00,0
80120295,24/6/2026 23:00:00,0
30523110,25/6/2026 00:00:00,0
30523760,25/6/2026 03:00:00,0
01303A7001,24/6/2026 23:00:00,0
81020005,24/6/2026 23:00:00,0
30522760,25/6/2026 00:00:00,0
30828020,24/6/2026 23:00:00,0
30520950,25/6/2026 01:00:00,0
30523110,24/6/2026 23:00:00,0
01303A9016,24/6/2026 23:00:00,0
30521970,24/6/2026 23:00:00,0
01304A9007,24/6/2026 23:00:00,0
30325200,24/6/2026 23:00:00,0
30826890,24/6/2026 23:00:00,0
01303A3200,25/6/2026 04:00:00,0
30827000,24/6/2026 23:00:00,0
30520950,24/6/2026 23:00:00,0
30524610,25/6/2026 01:00:00,0
01303A3200,25/6/2026 02:00:00,0
30521970,25/6/2026 02:00:00,0
30325400,24/6/2026 23:00:00,0
30524345,24/6/2026 23:00:00,0
30526130,24/6/2026 23:00:00,0
30747808,24/6/2026 23:00:00,0
30325600,25/6/2026 04:00:00,0
80920230,24/6/2026 23:00:00,0
30745700,24/6/2026 22:00:00,0
80720155,24/6/2026 23:00:00,0
30826890,24/6/2026 22:00:00,0
30521970,25/6/2026 04:00:00,0
01308A9000,25/6/2026 04:00:00,0
80120295,25/6/2026 04:00:00,0
01307A5009,24/6/2026 22:00:00,0
30523760,24/6/2026 23:00:00,0
30520950,25/6/2026 04:00:00,0
01303A7001,24/6/2026 22:00:00,0
30325200,25/6/2026 04:00:00,0
30520950,24/6/2026 22:00:00,0
30325600,24/6/2026 22:00:00,0
30521970,24/6/2026 22:00:00,0
01303A5018,25/6/2026 04:00:00,0
30329400,24/6/2026 22:00:00,0
01303A5010,25/6/2026 04:00:00,0
30322400,24/6/2026 23:00:00,0
30828020,25/6/2026 04:00:00,0
01308A9026,25/6/2026 04:00:00,0
01303A9009,24/6/2026 22:00:00,0
01303A5010,24/6/2026 22:00:00,0
30826890,25/6/2026 04:00:00,0
01303A5018,24/6/2026 22:00:00,0
01303A3200,24/6/2026 22:00:00,0
30325200,24/6/2026 22:00:00,0
80720155,24/6/2026 22:00:00,0
01307A5009,25/6/2026 04:00:00,0
81020005,24/6/2026 22:00:00,0
30827000,25/6/2026 04:00:00,0
30325400,24/6/2026 22:00:00,0
01303A5017,25/6/2026 04:00:00,0
30526130,25/6/2026 04:00:00,0
01303A9009,25/6/2026 04:00:00,0
30747808,24/6/2026 22:00:00,0
80120295,24/6/2026 22:00:00,0
30325400,25/6/2026 04:00:00,0
30745700,25/6/2026 04:00:00,0
30827000,24/6/2026 22:00:00,0
30747808,25/6/2026 04:00:00,0
30522760,24/6/2026 23:00:00,0
01308A9026,24/6/2026 22:00:00,0
30523760,25/6/2026 04:00:00,0
01303A5017,24/6/2026 22:00:00,0
30524345,25/6/2026 04:00:00,0
01308A9000,24/6/2026 22:00:00,0
30828020,24/6/2026 22:00:00,0
01304A9007,24/6/2026 22:00:00,0
80920230,25/6/2026 04:00:00,0
80920230,24/6/2026 22:00:00,0
30524610,24/6/2026 22:00:00,0
30330050,25/6/2026 04:00:00,0
01303A5017,25/6/2026 03:00:00,0
30322400,25/6/2026 04:00:00,0
01308A9026,25/6/2026 03:00:00,0
30523760,24/6/2026 22:00:00,0
30522760,24/6/2026 22:00:00,0
30524610,25/6/2026 04:00:00,0
30526130,24/6/2026 22:00:00,0
30322400,24/6/2026 22:00:00,0
30329400,25/6/2026 04:00:00,0
81020005,25/6/2026 04:00:00,0
01303A7001,25/6/2026 03:00:00,0
30522760,25/6/2026 04:00:00,0
80120295,25/6/2026 03:00:00,0
01304A9007,25/6/2026 04:00:00,0
30523110,24/6/2026 22:00:00,0
30330050,24/6/2026 22:00:00,0
30523110,25/6/2026 04:00:00,0
01307A5009,24/6/2026 21:00:00,0
30524345,24/6/2026 22:00:00,0
01303A5010,24/6/2026 21:00:00,0
30520950,25/6/2026 03:00:00,0
30745700,25/6/2026 03:00:00,0
01307A5009,25/6/2026 03:00:00,0
81020005,25/6/2026 03:00:00,0
30325400,25/6/2026 03:00:00,0
30325600,25/6/2026 03:00:00,0
30524610,24/6/2026 21:00:00,0
30826890,25/6/2026 03:00:00,0
30520950,24/6/2026 21:00:00,0
30745700,24/6/2026 21:00:00,0
01303A9016,24/6/2026 21:00:00,0
01303A9009,25/6/2026 03:00:00,0
30828020,25/6/2026 03:00:00,0
01304A9007,25/6/2026 03:00:00,0
80720155,25/6/2026 03:00:00,0
30325200,25/6/2026 03:00:00,0
30521970,25/6/2026 03:00:00,0
01303A5018,25/6/2026 03:00:00,0
30329400,25/6/2026 03:00:00,0
30521970,24/6/2026 21:00:00,0
01308A9026,24/6/2026 21:00:00,0
01303A5010,25/6/2026 03:00:00,0
30827000,25/6/2026 03:00:00,0
30747808,25/6/2026 03:00:00,0
01308A9000,25/6/2026 03:00:00,0
01303A3200,25/6/2026 03:00:00,0
01303A5018,24/6/2026 21:00:00,0
30827000,24/6/2026 21:00:00,0
01308A9000,24/6/2026 21:00:00,0
01303A9016,25/6/2026 03:00:00,0
01303A3200,24/6/2026 21:00:00,0
30524345,24/6/2026 21:00:00,0
80720155,24/6/2026 21:00:00,0
81020005,24/6/2026 21:00:00,0
30325200,24/6/2026 21:00:00,0
30329400,24/6/2026 21:00:00,0
30325400,24/6/2026 21:00:00,0
30745700,25/6/2026 02:00:00,0
80920230,24/6/2026 21:00:00,0
01303A5017,24/6/2026 21:00:00,0
30322400,25/6/2026 03:00:00,0
30330050,25/6/2026 03:00:00,0
30325600,24/6/2026 21:00:00,0
80920230,25/6/2026 03:00:00,0
30524610,25/6/2026 03:00:00,0
01303A9016,25/6/2026 04:00:00,0
01303A9016,24/6/2026 22:00:00,0
30826890,24/6/2026 21:00:00,0
80720155,25/6/2026 04:00:00,0
30524345,25/6/2026 03:00:00,0
30526130,25/6/2026 03:00:00,0
01303A9009,24/6/2026 21:00:00,0
01303A7001,25/6/2026 04:00:00,0
30330050,24/6/2026 23:00:00,0
30325600,25/6/2026 02:00:00,0
01308A9025,24/6/2026 22:00:00,0
01308A9016,24/6/2026 22:00:00,0
30323825,25/6/2026 04:00:00,0
30525900,25/6/2026 04:00:00,0
01303A9002,25/6/2026 04:00:00,0
30329240,24/6/2026 22:00:00,0
01303A5011,24/6/2026 22:00:00,0
01307A5026,25/6/2026 04:00:00,0
01308A9025,25/6/2026 04:00:00,0
01308A9021,25/6/2026 04:00:00,0
30324000,25/6/2026 04:00:00,0
01303A9008,25/6/2026 04:00:00,0
80120280,24/6/2026 23:00:00,0
01304A9006,24/6/2026 22:00:00,0
30522420,25/6/2026 04:00:00,0
30323900,25/6/2026 04:00:00,0
30521700,24/6/2026 22:00:00,0
01303A9014,25/6/2026 04:00:00,0
01303A9014,25/6/2026 00:00:00,0
30525900,25/6/2026 00:00:00,0
30745500,25/6/2026 00:00:00,0
01307A5021,25/6/2026 00:00:00,0
01308A9021,25/6/2026 00:00:00,0
30746260,25/6/2026 00:00:00,0
30323900,25/6/2026 01:00:00,0
30747370,25/6/2026 00:00:00,0
01307A9000,25/6/2026 00:00:00,0
01307A5021,24/6/2026 22:00:00,0
30522475,24/6/2026 22:00:00,0
01308A9025,25/6/2026 00:00:00,0
30323900,24/6/2026 22:00:00,0
01303A5011,25/6/2026 04:00:00,0
30323900,25/6/2026 00:00:00,0
80620335,25/6/2026 04:00:00,0
80120260,25/6/2026 04:00:00,0
30324000,24/6/2026 22:00:00,0
30323825,25/6/2026 00:00:00,0
80120280,25/6/2026 01:00:00,0
80920235,25/6/2026 00:00:00,0
80120280,25/6/2026 04:00:00,0
80420315,25/6/2026 04:00:00,0
80120260,24/6/2026 22:00:00,0
30745500,24/6/2026 22:00:00,0
80420315,24/6/2026 22:00:00,0
01307A5026,25/6/2026 00:00:00,0
80420305,24/6/2026 22:00:00,0
80620365,24/6/2026 22:00:00,0
01303A5011,25/6/2026 00:00:00,0
30747600,24/6/2026 22:00:00,0
30323835,25/6/2026 04:00:00,0
01304A9006,25/6/2026 00:00:00,0
80420315,25/6/2026 01:00:00,0
30747600,25/6/2026 00:00:00,0
30746075,25/6/2026 00:00:00,0
80120280,25/6/2026 00:00:00,0
30746075,25/6/2026 04:00:00,0
80420305,25/6/2026 00:00:00,0
30323835,24/6/2026 22:00:00,0
30323935,25/6/2026 00:00:00,0
30746075,24/6/2026 22:00:00,0
30747370,24/6/2026 22:00:00,0
30747600,25/6/2026 04:00:00,0
30323935,24/6/2026 22:00:00,0
01304A9006,25/6/2026 03:00:00,0
01307A5021,24/6/2026 23:00:00,0
30323825,25/6/2026 03:00:00,0
30525900,25/6/2026 03:00:00,0
01308A9021,24/6/2026 23:00:00,0
30746260,25/6/2026 03:00:00,0
01303A9008,24/6/2026 21:00:00,0
01308A9025,24/6/2026 23:00:00,0
01303A5011,24/6/2026 21:00:00,0
30323900,24/6/2026 23:00:00,0
80520335,25/6/2026 03:00:00,0
30525900,24/6/2026 23:00:00,0
01303A9002,24/6/2026 21:00:00,0
30745500,24/6/2026 23:00:00,0
30324000,25/6/2026 03:00:00,0
30324000,24/6/2026 23:00:00,0
01308A9016,24/6/2026 23:00:00,0
30747370,24/6/2026 23:00:00,0
01307A9000,24/6/2026 23:00:00,0
01303A9014,24/6/2026 23:00:00,0
80620365,24/6/2026 23:00:00,0
80520335,24/6/2026 21:00:00,0
30747600,24/6/2026 23:00:00,0
01308A9021,25/6/2026 03:00:00,0
80920235,24/6/2026 23:00:00,0
30522475,24/6/2026 23:00:00,0
01307A9000,25/6/2026 03:00:00,0
01307A5021,25/6/2026 03:00:00,0
80920235,25/6/2026 03:00:00,0
01307A5026,25/6/2026 03:00:00,0
01308A9025,25/6/2026 03:00:00,0
30323935,24/6/2026 23:00:00,0
30745500,24/6/2026 21:00:00,0
30525900,24/6/2026 21:00:00,0
30746075,24/6/2026 23:00:00,0
80120260,25/6/2026 03:00:00,0
01307A9000,24/6/2026 21:00:00,0
30522420,24/6/2026 21:00:00,0
80120280,25/6/2026 03:00:00,0
30747370,25/6/2026 04:00:00,0
30747370,24/6/2026 21:00:00,0
01307A5026,24/6/2026 23:00:00,0
01307A5021,24/6/2026 21:00:00,0
80420305,25/6/2026 03:00:00,0
80620335,24/6/2026 21:00:00,0
30323900,24/6/2026 21:00:00,0
01307A5026,24/6/2026 21:00:00,0
80420315,24/6/2026 23:00:00,0
01303A9008,25/6/2026 03:00:00,0
30522475,25/6/2026 03:00:00,0
30746260,24/6/2026 22:00:00,0
80420315,25/6/2026 03:00:00,0
80620365,25/6/2026 03:00:00,0
80520335,24/6/2026 22:00:00,0
01304A9006,25/6/2026 04:00:00,0
30323900,25/6/2026 03:00:00,0
01303A9008,24/6/2026 22:00:00,0
01308A9021,24/6/2026 22:00:00,0
30323935,25/6/2026 03:00:00,0
80620335,25/6/2026 03:00:00,0
01303A9014,24/6/2026 22:00:00,0
30746260,25/6/2026 04:00:00,0
01307A5021,25/6/2026 04:00:00,0
30521700,25/6/2026 04:00:00,0
01307A9000,25/6/2026 04:00:00,0
30522475,25/6/2026 04:00:00,0
80720130,24/6/2026 23:00:00,0
80120260,24/6/2026 23:00:00,0
01308A9016,25/6/2026 04:00:00,0
30525900,24/6/2026 22:00:00,0
30524214,24/6/2026 23:00:00,0
30329240,25/6/2026 04:00:00,0
80920235,24/6/2026 22:00:00,0
80420305,24/6/2026 23:00:00,0
80620335,24/6/2026 23:00:00,0
80120280,24/6/2026 22:00:00,0
01303A9014,25/6/2026 03:00:00,0
01303A9002,24/6/2026 22:00:00,0
30323835,24/6/2026 23:00:00,0
01307A5026,24/6/2026 22:00:00,0
01307A9000,24/6/2026 22:00:00,0
30521700,24/6/2026 23:00:00,0
30524214,25/6/2026 04:00:00,0
80720130,24/6/2026 22:00:00,0
30323835,25/6/2026 02:00:00,0
30323825,24/6/2026 22:00:00,0
30323935,24/6/2026 21:00:00,0
80620365,25/6/2026 04:00:00,0
80120280,25/6/2026 02:00:00,0
80720130,25/6/2026 04:00:00,0
30323935,25/6/2026 02:00:00,0
30745500,25/6/2026 04:00:00,0
80520335,25/6/2026 04:00:00,0
30524214,25/6/2026 02:00:00,0
80920235,25/6/2026 04:00:00,0
30329240,25/6/2026 03:00:00,0
30524214,24/6/2026 22:00:00,0
30747370,25/6/2026 03:00:00,0
30524214,24/6/2026 21:00:00,0
30745500,25/6/2026 03:00:00,0
01303A5011,25/6/2026 03:00:00,0
30746075,25/6/2026 02:00:00,0
80620335,24/6/2026 22:00:00,0
80120260,25/6/2026 02:00:00,0
30329240,24/6/2026 21:00:00,0
30323935,24/6/2026 20:00:00,0
30746260,24/6/2026 21:00:00,0
80620335,24/6/2026 20:14:00,0.4
80620335,24/6/2026 20:39:00,0.2
30524214,24/6/2026 20:00:00,0
80120260,24/6/2026 21:00:00,0
30521700,25/6/2026 03:00:00,0
80620335,24/6/2026 20:17:00,0.2
80620335,25/6/2026 02:00:00,0
30324000,25/6/2026 02:00:00,0
30323900,25/6/2026 02:00:00,0
80120280,24/6/2026 21:00:00,0
01308A9016,24/6/2026 21:00:00,0
01303A9014,24/6/2026 21:00:00,0
30521700,25/6/2026 02:00:00,0
30522420,25/6/2026 03:00:00,0
30323935,25/6/2026 04:00:00,0
01307A5021,25/6/2026 02:00:00,0
01307A5026,25/6/2026 02:00:00,0
80420305,24/6/2026 21:00:00,0
01304A9006,25/6/2026 02:00:00,0
80420315,25/6/2026 02:00:00,0
01303A9014,25/6/2026 02:00:00,0
30525900,25/6/2026 02:00:00,0
01303A9014,25/6/2026 01:00:00,0
01303A9002,25/6/2026 03:00:00,0
01308A9016,25/6/2026 03:00:00,0
01308A9021,24/6/2026 21:00:00,0
80420305,25/6/2026 04:00:00,0
01303A5011,25/6/2026 01:00:00,0
30329240,25/6/2026 01:00:00,0
30746260,25/6/2026 01:00:00,0
80720130,25/6/2026 02:00:00,0
01308A9025,25/6/2026 02:00:00,0
30323825,25/6/2026 01:00:00,0
01304A9006,24/6/2026 21:00:00,0
30746075,25/6/2026 03:00:00,0
01307A5026,25/6/2026 01:00:00,0
30524214,25/6/2026 03:00:00,0
80620365,24/6/2026 21:00:00,0
80720130,25/6/2026 03:00:00,0
30746260,25/6/2026 02:00:00,0
30323835,25/6/2026 03:00:00,0
30323825,24/6/2026 21:00:00,0
80920235,24/6/2026 21:00:00,0
30522475,24/6/2026 21:00:00,0
80720130,24/6/2026 21:00:00,0
80520335,25/6/2026 02:00:00,0
01303A9008,25/6/2026 01:00:00,0
30747600,25/6/2026 02:00:00,0
30746075,24/6/2026 21:00:00,0
01307A9000,25/6/2026 01:00:00,0
80420315,24/6/2026 21:00:00,0
30522475,25/6/2026 01:00:00,0
80420305,25/6/2026 02:00:00,0
30324000,24/6/2026 21:00:00,0
80420305,25/6/2026 01:00:00,0
30323835,24/6/2026 21:00:00,0
80620365,25/6/2026 01:00:00,0
30747600,24/6/2026 21:00:00,0
30747600,25/6/2026 01:00:00,0
80120260,25/6/2026 01:00:00,0
01307A5021,25/6/2026 01:00:00,0
01303A5011,25/6/2026 02:00:00,0
30521700,25/6/2026 01:00:00,0
80920235,25/6/2026 01:00:00,0
80720130,25/6/2026 01:00:00,0
30329240,25/6/2026 00:00:00,0
80620335,24/6/2026 20:10:00,0.8
80520335,25/6/2026 00:00:00,0
80620335,24/6/2026 20:08:00,0.4
01303A9002,25/6/2026 00:00:00,0
01308A9025,24/6/2026 21:00:00,0
30522420,25/6/2026 00:00:00,0
30524214,25/6/2026 01:00:00,0
80620335,24/6/2026 20:11:00,0
30323835,24/6/2026 20:00:00,0
80920235,25/6/2026 02:00:00,0
01303A9008,25/6/2026 00:00:00,0
30323900,24/6/2026 20:00:00,0
30323935,25/6/2026 01:00:00,0
30746075,24/6/2026 20:00:00,0
30324000,25/6/2026 00:00:00,0
80620335,24/6/2026 20:12:00,1.6
30521700,25/6/2026 00:00:00,0
30747600,24/6/2026 20:00:00,0
01303A9002,25/6/2026 02:00:00,0
01308A9016,25/6/2026 00:00:00,0
30522475,25/6/2026 00:00:00,0
30323835,25/6/2026 01:00:00,0
30745500,25/6/2026 02:00:00,0
01307A9000,25/6/2026 02:00:00,0
30746075,25/6/2026 01:00:00,0
80620365,25/6/2026 00:00:00,0
30747370,25/6/2026 02:00:00,0
01303A9008,25/6/2026 02:00:00,0
30522420,25/6/2026 02:00:00,0
30521700,24/6/2026 21:00:00,0
80520335,24/6/2026 23:00:00,0
30522475,25/6/2026 02:00:00,0
30329240,24/6/2026 23:00:00,0
01308A9016,25/6/2026 01:00:00,0
30323835,25/6/2026 00:00:00,0
01303A5011,24/6/2026 23:00:00,0
01303A9008,24/6/2026 23:00:00,0
30524214,25/6/2026 00:00:00,0
30746260,24/6/2026 23:00:00,0
30323825,24/6/2026 23:00:00,0
80120260,25/6/2026 00:00:00,0
80520335,25/6/2026 01:00:00,0
01304A9006,24/6/2026 23:00:00,0
01308A9021,25/6/2026 02:00:00,0
01303A9002,24/6/2026 23:00:00,0
30745500,25/6/2026 01:00:00,0
30525900,25/6/2026 01:00:00,0
80420315,25/6/2026 00:00:00,0
30323825,25/6/2026 02:00:00,0
01308A9021,25/6/2026 01:00:00,0
80620335,25/6/2026 00:00:00,0
01303A9002,25/6/2026 01:00:00,0
01304A9006,25/6/2026 01:00:00,0
01308A9025,25/6/2026 01:00:00,0
01308A9016,25/6/2026 02:00:00,0
30522420,25/6/2026 01:00:00,0
30747370,25/6/2026 01:00:00,0
30324000,25/6/2026 01:00:00,0
80620365,25/6/2026 02:00:00,0
30329240,25/6/2026 02:00:00,0
80620335,25/6/2026 01:00:00,0
30747600,25/6/2026 03:00:00,0
30522420,24/6/2026 23:00:00,0
80720130,25/6/2026 00:00:00,0
30522420,24/6/2026 22:00:00,0
30748570,25/6/2026 00:00:00,0
30827500,25/6/2026 00:00:00,0
30746150,25/6/2026 00:00:00,0
30747910,25/6/2026 00:00:00,0
30827950,25/6/2026 00:00:00,0
30522780,25/6/2026 00:00:00,0
01305A6000,24/6/2026 23:00:00,0
30522380,24/6/2026 23:00:00,0
30522785,24/6/2026 23:00:00,0
30827230,24/6/2026 23:00:00,0
01307A5005,24/6/2026 22:00:00,0
01305A5000,24/6/2026 22:00:00,0
30827230,24/6/2026 22:00:00,0
30522785,24/6/2026 22:00:00,0
30422010,25/6/2026 04:00:00,0
01307A5005,25/6/2026 04:00:00,0
30522785,25/6/2026 04:00:00,0
30322600,25/6/2026 04:00:00,0
80720200,25/6/2026 04:00:00,0
30747980,25/6/2026 04:00:00,0
30322300,24/6/2026 23:00:00,0
01307A5007,25/6/2026 04:00:00,0
01303A5020,24/6/2026 23:00:00,0
01307A9001,24/6/2026 23:00:00,0
30828055,25/6/2026 00:00:00,0
30745900,25/6/2026 04:00:00,0
30522380,25/6/2026 00:00:00,0
01307A9001,25/6/2026 04:00:00,0
01305A6000,24/6/2026 22:00:00,0
80720200,25/6/2026 00:00:00,0
30745900,24/6/2026 22:00:00,0
80220035,24/6/2026 23:00:00,0
30526700,25/6/2026 00:00:00,0
80920260,24/6/2026 23:00:00,0
30525550,24/6/2026 23:00:00,0
30827950,24/6/2026 23:00:00,0
30746150,24/6/2026 23:00:00,0
30322600,25/6/2026 00:00:00,0
80620316,24/6/2026 23:00:00,0
30322300,25/6/2026 00:00:00,0
30325500,24/6/2026 23:00:00,0
80120265,25/6/2026 00:00:00,0
30329450,24/6/2026 23:00:00,0
30329450,25/6/2026 00:00:00,0
30421000,24/6/2026 23:00:00,0
30421000,25/6/2026 00:00:00,0
30828055,24/6/2026 23:00:00,0
30522780,24/6/2026 23:00:00,0
30523680,25/6/2026 00:00:00,0
01305A5003,25/6/2026 04:00:00,0
01303A5020,25/6/2026 04:00:00,0
80920260,25/6/2026 00:00:00,0
01307A9005,25/6/2026 04:00:00,0
30748570,24/6/2026 23:00:00,0
80720200,24/6/2026 22:13:00,0.2
30827500,24/6/2026 23:00:00,0
80120285,25/6/2026 00:00:00,0
80620316,25/6/2026 00:00:00,0
30747980,24/6/2026 23:00:00,0
30421000,24/6/2026 22:03:00,1.2
30421000,24/6/2026 22:01:00,0.7
30421000,24/6/2026 22:04:00,1.3
80620380,25/6/2026 00:00:00,0
80220035,25/6/2026 00:00:00,0
80420325,25/6/2026 00:00:00,0
30331260,25/6/2026 00:00:00,0
30745570,25/6/2026 00:00:00,0
30521400,25/6/2026 00:00:00,0
30525550,25/6/2026 00:00:00,0
30421000,24/6/2026 22:10:00,0.1
30421000,24/6/2026 22:09:00,0.2
30745775,25/6/2026 00:00:00,0
30521400,24/6/2026 23:00:00,0
01307A5007,24/6/2026 23:00:00,0
30421000,24/6/2026 22:07:00,0.1
30746270,24/6/2026 22:00:00,0
30322600,24/6/2026 22:00:00,0
30325500,24/6/2026 22:00:00,0
01307A5005,24/6/2026 23:00:00,0
01305A5003,24/6/2026 23:00:00,0
80120285,24/6/2026 22:00:00,0
30422010,24/6/2026 23:00:00,0
80720200,24/6/2026 22:00:00,0
30322600,24/6/2026 23:00:00,0
30524210,25/6/2026 04:00:00,0
30745900,24/6/2026 23:00:00,0
30327380,25/6/2026 00:00:00,0
01307A9005,24/6/2026 23:00:00,0
01305A5000,24/6/2026 23:00:00,0
30522785,25/6/2026 00:00:00,0
30745900,25/6/2026 00:00:00,0
30747910,25/6/2026 04:00:00,0
01307A9001,25/6/2026 00:00:00,0
80120265,25/6/2026 04:00:00,0
30747980,25/6/2026 00:00:00,0
30747980,24/6/2026 22:00:00,0
30746270,24/6/2026 23:00:00,0
01307A9005,25/6/2026 00:00:00,0
30827230,25/6/2026 00:00:00,0
30522380,25/6/2026 04:00:00,0
30745775,25/6/2026 04:00:00,0
80120285,24/6/2026 21:00:00,0
30525550,24/6/2026 21:00:00,0
80220035,24/6/2026 21:00:00,0
30327380,24/6/2026 21:00:00,0
30522780,25/6/2026 03:00:00,0
30748570,24/6/2026 21:00:00,0
30827500,24/6/2026 21:00:00,0
30745775,24/6/2026 21:00:00,0
30828055,25/6/2026 02:00:00,0
80620380,24/6/2026 22:00:00,0
30745570,25/6/2026 02:00:00,0
30748570,25/6/2026 04:00:00,0
30331260,25/6/2026 02:00:00,0
30327380,25/6/2026 04:00:00,0
30525550,25/6/2026 02:00:00,0
80420325,25/6/2026 04:00:00,0
30524210,25/6/2026 02:00:00,0
30322300,24/6/2026 22:00:00,0
30746150,24/6/2026 21:00:00,0
80720200,25/6/2026 02:00:00,0
30745775,25/6/2026 02:00:00,0
30522780,24/6/2026 20:00:00,0
30746150,24/6/2026 20:00:00,0
30748570,24/6/2026 20:00:00,0
30522780,24/6/2026 22:00:00,0
30828055,24/6/2026 21:00:00,0
30745570,24/6/2026 22:00:00,0
30327380,24/6/2026 20:00:00,0
30827500,24/6/2026 22:00:00,0
30745570,24/6/2026 21:00:00,0
80120265,25/6/2026 02:00:00,0
30522380,25/6/2026 02:00:00,0
80420325,25/6/2026 02:00:00,0
30526700,25/6/2026 02:00:00,0
30827230,25/6/2026 02:00:00,0
80220035,24/6/2026 22:00:00,0
30747980,25/6/2026 02:00:00,0
80220035,25/6/2026 04:00:00,0
30331260,24/6/2026 22:00:00,0
30422010,25/6/2026 02:00:00,0
80120285,25/6/2026 04:00:00,0
30526700,25/6/2026 04:00:00,0
30421000,24/6/2026 21:56:00,0.1
30421000,24/6/2026 21:57:00,0.1
30421000,24/6/2026 21:59:00,0.3
30522785,25/6/2026 02:00:00,0
30746150,25/6/2026 04:00:00,0
30325500,25/6/2026 02:00:00,0
30322300,25/6/2026 03:00:00,0
30322600,25/6/2026 02:00:00,0
30421000,25/6/2026 02:00:00,0
80920260,25/6/2026 03:00:00,0
01307A9005,25/6/2026 02:00:00,0
30746270,25/6/2026 01:00:00,0
30827230,25/6/2026 01:00:00,0
30421000,24/6/2026 21:55:00,0.1
01307A9005,25/6/2026 01:00:00,0
30322300,25/6/2026 01:00:00,0
30522785,25/6/2026 03:00:00,0
01305A5000,25/6/2026 03:00:00,0
30421000,24/6/2026 21:54:00,0.1
80720200,24/6/2026 21:52:00,0.8
80720200,24/6/2026 21:54:00,0.8
30421000,24/6/2026 21:49:00,0.1
01307A9001,25/6/2026 03:00:00,0
80420325,25/6/2026 03:00:00,0
30421000,25/6/2026 01:00:00,0
30521400,25/6/2026 01:00:00,0
30422010,25/6/2026 01:00:00,0
80720200,25/6/2026 01:00:00,0
80920260,25/6/2026 01:00:00,0
30325500,25/6/2026 01:00:00,0
01305A6000,25/6/2026 01:00:00,0
30747980,25/6/2026 03:00:00,0
30526700,25/6/2026 01:00:00,0
80220035,25/6/2026 01:00:00,0
01305A5003,25/6/2026 03:00:00,0
30747910,25/6/2026 01:00:00,0
80620380,25/6/2026 01:00:00,0
80720200,24/6/2026 21:49:00,0
01305A5003,25/6/2026 02:00:00,0
80120285,25/6/2026 03:00:00,0
30522780,25/6/2026 01:00:00,0
80220035,25/6/2026 03:00:00,0
30524210,25/6/2026 01:00:00,0
30521400,25/6/2026 02:00:00,0
30746270,24/6/2026 21:00:00,0
80620316,25/6/2026 01:00:00,0
01307A5007,24/6/2026 21:00:00,0
30745570,25/6/2026 01:00:00,0
30325500,25/6/2026 03:00:00,0
30745775,25/6/2026 01:00:00,0
01305A5000,25/6/2026 00:00:00,0
30746150,25/6/2026 03:00:00,0
30745900,24/6/2026 21:00:00,0
80620316,25/6/2026 02:00:00,0
01307A9005,24/6/2026 21:00:00,0
30521400,24/6/2026 21:00:00,0
80120265,25/6/2026 03:00:00,0
01307A5007,25/6/2026 00:00:00,0
30522785,24/6/2026 21:00:00,0
01305A5000,24/6/2026 21:00:00,0
30746270,25/6/2026 03:00:00,0
80920260,24/6/2026 21:00:00,0
30746150,25/6/2026 01:00:00,0
30329450,24/6/2026 21:00:00,0
30322600,24/6/2026 21:00:00,0
30422010,25/6/2026 00:00:00,0
80620380,25/6/2026 02:00:00,0
30421000,25/6/2026 03:00:00,0
30745570,25/6/2026 03:00:00,0
30748570,25/6/2026 03:00:00,0
30526700,24/6/2026 23:00:00,0
30523680,24/6/2026 23:00:00,0
30523680,25/6/2026 03:00:00,0
80120265,24/6/2026 23:00:00,0
80420325,24/6/2026 21:00:00,0
30745775,24/6/2026 23:00:00,0
30421000,24/6/2026 21:00:00,0
30747910,24/6/2026 23:00:00,0
30524210,25/6/2026 03:00:00,0
30745570,24/6/2026 23:00:00,0
30525550,25/6/2026 03:00:00,0
30422010,25/6/2026 04:38:00,0.5
30747910,25/6/2026 03:00:00,0
30827500,25/6/2026 03:00:00,0
80620316,25/6/2026 03:00:00,0
30327380,25/6/2026 03:00:00,0
30827950,25/6/2026 03:00:00,0
80620316,24/6/2026 21:00:00,0
80120265,24/6/2026 21:00:00,0
80620380,24/6/2026 21:00:00,0
30524210,24/6/2026 21:00:00,0
80120285,24/6/2026 23:00:00,0
30747910,24/6/2026 21:00:00,0
30746270,25/6/2026 02:00:00,0
30746270,25/6/2026 04:00:00,0
30828055,25/6/2026 03:00:00,0
30522380,24/6/2026 21:00:00,0
01305A5000,25/6/2026 04:00:00,0
30827230,25/6/2026 04:00:00,0
80420325,24/6/2026 23:00:00,0
30421000,24/6/2026 22:05:00,1.2
30421000,24/6/2026 22:02:00,0.9
30421000,24/6/2026 22:06:00,0.3
30521400,24/6/2026 22:00:00,0
30522780,24/6/2026 21:00:00,0
01305A5003,24/6/2026 22:00:00,0
30421000,24/6/2026 22:08:00,0.1
30523680,24/6/2026 21:00:00,0
30327380,24/6/2026 23:00:00,0
01305A6000,25/6/2026 04:00:00,0
30526700,24/6/2026 21:00:00,0
80620380,25/6/2026 03:00:00,0
30521400,25/6/2026 04:00:00,0
80920260,25/6/2026 04:00:00,0
80120285,25/6/2026 02:00:00,0
30329450,24/6/2026 22:00:00,0
30827950,25/6/2026 02:00:00,0
80220035,25/6/2026 02:00:00,0
30322300,25/6/2026 04:00:00,0
30421000,25/6/2026 04:00:00,0
30748570,25/6/2026 02:00:00,0
30422010,24/6/2026 22:00:00,0
30331260,24/6/2026 23:00:00,0
30747910,25/6/2026 02:00:00,0
30525550,25/6/2026 04:00:00,0
30827950,24/6/2026 21:00:00,0
01303A5020,24/6/2026 22:00:00,0
01307A5007,25/6/2026 02:00:00,0
30522380,24/6/2026 22:00:00,0
30827500,25/6/2026 02:00:00,0
30525550,24/6/2026 22:00:00,0
80920260,24/6/2026 22:00:00,0
30746150,25/6/2026 02:00:00,0
30524210,24/6/2026 23:00:00,0
80120265,24/6/2026 22:00:00,0
30327380,25/6/2026 02:00:00,0
30526700,24/6/2026 22:00:00,0
01307A9005,24/6/2026 22:00:00,0
30331260,25/6/2026 04:00:00,0
30331260,24/6/2026 21:00:00,0
80720200,24/6/2026 23:00:00,0
30827500,24/6/2026 20:00:00,0
30745570,24/6/2026 20:00:00,0
30524210,24/6/2026 20:00:00,0
80920260,25/6/2026 02:00:00,0
80620380,24/6/2026 23:00:00,0
30747910,24/6/2026 20:00:00,0
30523680,25/6/2026 02:00:00,0
30828055,24/6/2026 20:00:00,0
30745900,25/6/2026 02:00:00,0
30329450,25/6/2026 02:00:00,0
30828055,25/6/2026 04:00:00,0
30331260,24/6/2026 20:00:00,0
30827950,25/6/2026 04:00:00,0
80620380,25/6/2026 04:00:00,0
30325500,25/6/2026 04:00:00,0
01307A5007,24/6/2026 22:00:00,0
01307A9001,24/6/2026 22:00:00,0
30329450,25/6/2026 04:00:00,0
80620316,24/6/2026 22:00:00,0
30746150,24/6/2026 22:00:00,0
30747910,24/6/2026 22:00:00,0
30745570,25/6/2026 04:00:00,0
30522780,25/6/2026 02:00:00,0
80420325,24/6/2026 22:00:00,0
01303A5020,25/6/2026 02:00:00,0
30421000,24/6/2026 22:00:00,0.4
01307A9001,25/6/2026 02:00:00,0
30322300,25/6/2026 02:00:00,0
30745775,24/6/2026 20:00:00,0
30827500,25/6/2026 04:00:00,0
01307A5005,25/6/2026 02:00:00,0
80620316,25/6/2026 04:00:00,0
01305A5003,25/6/2026 01:00:00,0
30327380,24/6/2026 22:00:00,0
30523680,24/6/2026 22:00:00,0
30524210,24/6/2026 22:00:00,0
30745775,24/6/2026 22:00:00,0
30421000,24/6/2026 21:58:00,0.2
30748570,24/6/2026 22:00:00,0
30522780,25/6/2026 04:00:00,0
30827950,24/6/2026 22:00:00,0
30745900,25/6/2026 01:00:00,0
01307A5005,25/6/2026 01:00:00,0
30747980,25/6/2026 01:00:00,0
01307A9001,25/6/2026 01:00:00,0
30522380,25/6/2026 01:00:00,0
30523680,25/6/2026 01:00:00,0
80420325,25/6/2026 01:00:00,0
30525550,25/6/2026 01:00:00,0
30523680,25/6/2026 04:00:00,0
80120265,25/6/2026 01:00:00,0
01303A5020,25/6/2026 03:00:00,0
80120285,25/6/2026 01:00:00,0
30745900,25/6/2026 03:00:00,0
30827230,25/6/2026 03:00:00,0
30421000,24/6/2026 21:50:00,0.1
30522380,25/6/2026 03:00:00,0
30828055,25/6/2026 01:00:00,0
30526700,25/6/2026 03:00:00,0
30329450,25/6/2026 01:00:00,0
30521400,25/6/2026 03:00:00,0
01305A5000,25/6/2026 01:00:00,0
30522785,25/6/2026 01:00:00,0
30322600,25/6/2026 01:00:00,0
30327380,25/6/2026 01:00:00,0
01307A5005,24/6/2026 21:00:00,0
01307A5005,25/6/2026 03:00:00,0
01307A9005,25/6/2026 03:00:00,0
01307A5007,25/6/2026 03:00:00,0
30322600,25/6/2026 03:00:00,0
01305A5003,24/6/2026 21:00:00,0
80720200,25/6/2026 03:00:00,0
01303A5020,24/6/2026 21:00:00,0
30329450,25/6/2026 03:00:00,0
30331260,25/6/2026 01:00:00,0
30827500,25/6/2026 01:00:00,0
30422010,25/6/2026 03:00:00,0
30827950,25/6/2026 01:00:00,0
30747980,24/6/2026 21:00:00,0
01307A5007,25/6/2026 01:00:00,0
30322300,24/6/2026 21:00:00,0
30827230,24/6/2026 21:00:00,0
30422010,24/6/2026 21:00:00,0
80720200,24/6/2026 21:48:00,0.6
01305A6000,24/6/2026 21:00:00,0
30748570,25/6/2026 01:00:00,0
80720200,24/6/2026 21:50:00,0.4
01305A6000,25/6/2026 00:00:00,0
01305A6000,25/6/2026 03:00:00,0
01305A5003,25/6/2026 00:00:00,0
30745775,25/6/2026 03:00:00,0
01303A5020,25/6/2026 01:00:00,0
80720200,24/6/2026 21:00:00,0
30325500,25/6/2026 00:00:00,0
01303A5020,25/6/2026 00:00:00,0
01307A9001,24/6/2026 21:00:00,0
30325500,24/6/2026 21:00:00,0
30746270,25/6/2026 00:00:00,0
30331260,25/6/2026 03:00:00,0
30828055,24/6/2026 22:00:00,0
01307A5005,25/6/2026 00:00:00,0
01305A5000,25/6/2026 02:00:00,0
01305A6000,25/6/2026 02:00:00,0
30524210,25/6/2026 00:00:00,0
80720140,24/6/2026 22:58:00,0.2
30523420,24/6/2026 23:00:00,0
80720140,24/6/2026 22:31:00,0.2
30828007,24/6/2026 23:00:00,0
80720140,24/6/2026 22:30:00,0.4
01304A9005,25/6/2026 04:10:00,0.5
01305A5002,25/6/2026 04:00:00,0
01308A9012,25/6/2026 04:00:00,0
30323970,25/6/2026 04:00:00,0
30421450,24/6/2026 22:02:00,1.5
30421450,24/6/2026 22:06:00,0.5
01304A9005,24/6/2026 22:25:00,8
01303A5002,25/6/2026 04:00:00,0
01304A9005,25/6/2026 04:00:00,0
01308A9023,24/6/2026 22:00:00,0
82020000,24/6/2026 22:00:00,0
80620395,24/6/2026 22:00:00,0
30330000,24/6/2026 22:00:00,0
30520900,24/6/2026 22:00:00,0
30524125,24/6/2026 22:00:00,0
30745800,24/6/2026 22:00:00,0
80620395,25/6/2026 04:00:00,0
30421450,24/6/2026 21:57:00,0.5
01308A9012,25/6/2026 03:00:00,0
30522125,25/6/2026 03:00:00,0
80720140,24/6/2026 22:28:00,0.4
30421450,24/6/2026 21:58:00,0.5
30522125,24/6/2026 22:00:00,0
30522125,25/6/2026 04:00:00,0
80920215,24/6/2026 22:00:00,0
01305A5002,24/6/2026 22:00:00,0
30523650,24/6/2026 22:00:00,0
30523420,25/6/2026 04:00:00,0
80920215,24/6/2026 23:00:00,0
01308A9019,24/6/2026 22:00:00,0
01304A9005,24/6/2026 22:30:00,5.5
30520900,25/6/2026 04:00:00,0
30521950,25/6/2026 04:00:00,0
30421450,24/6/2026 22:00:00,0.5
01307A5019,24/6/2026 22:00:00,0
30827660,24/6/2026 22:00:00,0
30520900,25/6/2026 03:00:00,0
01304A9005,24/6/2026 22:00:00,0
30828007,24/6/2026 22:00:00,0
30521950,24/6/2026 22:00:00,0
30521950,24/6/2026 23:00:00,0
30323970,24/6/2026 22:00:00,0
30524227,24/6/2026 23:00:00,0
80620395,24/6/2026 23:00:00,0
30745800,25/6/2026 04:00:00,0
01304A9005,24/6/2026 22:40:00,1
80720140,24/6/2026 22:47:00,0.2
81120010,24/6/2026 23:00:00,0
01308A9023,25/6/2026 04:00:00,0
81120010,24/6/2026 22:00:00,0
80720140,24/6/2026 22:00:00,0
30523650,25/6/2026 04:00:00,0
30330000,24/6/2026 23:00:00,0
30523530,24/6/2026 23:00:00,0
30745800,24/6/2026 23:00:00,0
30421450,24/6/2026 23:00:00,0
80720140,24/6/2026 23:00:00,0
82020000,24/6/2026 23:00:00,0
80720140,24/6/2026 22:49:00,0.2
30421450,25/6/2026 04:00:00,0
01304A9005,24/6/2026 22:35:00,1
30421450,24/6/2026 22:01:00,1
01303A5002,24/6/2026 22:00:00,0
30327860,25/6/2026 04:00:00,0
30328400,25/6/2026 04:00:00,0
01307A5019,25/6/2026 04:00:00,0
30522150,24/6/2026 22:00:00,0
30522100,25/6/2026 04:00:00,0
01308A9012,24/6/2026 22:00:00,0
01308A9019,25/6/2026 04:00:00,0
30522150,25/6/2026 04:00:00,0
30522100,24/6/2026 22:00:00,0
30328400,24/6/2026 22:00:00,0
30524227,24/6/2026 22:00:00,0
30327860,24/6/2026 22:00:00,0
30524125,24/6/2026 23:00:00,0
01305A5002,25/6/2026 03:00:00,0
80720140,25/6/2026 04:00:00,0
01308A9019,25/6/2026 03:00:00,0
30827660,25/6/2026 04:00:00,0
30523420,24/6/2026 22:00:00,0
01304A9005,24/6/2026 22:20:00,2
80920215,25/6/2026 04:00:00,0
80720140,24/6/2026 22:29:00,0
81120010,25/6/2026 04:00:00,0
30421450,24/6/2026 21:55:00,0.5
01303A5002,25/6/2026 03:00:00,0
01308A9019,24/6/2026 23:00:00,0
30523650,25/6/2026 03:00:00,0
82020000,25/6/2026 03:00:00,0
30522150,25/6/2026 03:00:00,0
30523530,24/6/2026 22:00:00,0
30523530,25/6/2026 04:00:00,0
01308A9012,24/6/2026 21:00:00,0
01307A5019,25/6/2026 03:00:00,0
30827660,25/6/2026 03:00:00,0
30521950,25/6/2026 03:00:00,0
30328400,25/6/2026 03:00:00,0
30522150,24/6/2026 21:00:00,0
30827660,24/6/2026 21:00:00,0
30522100,25/6/2026 03:00:00,0
81120010,25/6/2026 03:00:00,0
30421450,25/6/2026 03:00:00,0
01308A9023,25/6/2026 03:00:00,0
30328400,24/6/2026 21:00:00,0
30745800,25/6/2026 03:00:00,0
80720140,25/6/2026 03:00:00,0
01308A9023,24/6/2026 21:00:00,0
30421450,24/6/2026 21:00:00,0
30330000,25/6/2026 04:00:00,0
80920215,25/6/2026 03:00:00,0
30520900,24/6/2026 21:00:00,0
01305A5002,24/6/2026 21:00:00,0
30523650,24/6/2026 21:00:00,0
30524125,25/6/2026 03:00:00,0
01304A9005,24/6/2026 21:00:00,0
30745800,24/6/2026 21:00:00,0
80620395,24/6/2026 21:00:00,0
30323970,25/6/2026 03:00:00,0
30521950,24/6/2026 21:00:00,0
30327860,25/6/2026 03:00:00,0
80720140,24/6/2026 21:00:00,0
81120010,24/6/2026 21:00:00,0
01308A9019,24/6/2026 21:00:00,0
30524227,25/6/2026 03:00:00,0
30828007,25/6/2026 03:00:00,0
30323970,24/6/2026 21:00:00,0
01308A9012,25/6/2026 02:00:00,0
30523530,24/6/2026 21:00:00,0
80920215,24/6/2026 21:00:00,0
30524227,24/6/2026 21:00:00,0
30327860,24/6/2026 21:00:00,0
30524227,24/6/2026 20:00:00,0
30523420,24/6/2026 20:00:00,0
80620395,25/6/2026 03:00:00,0
30523530,24/6/2026 20:00:00,0
30330000,25/6/2026 03:00:00,0
30523420,25/6/2026 03:00:00,0
01305A5002,25/6/2026 02:00:00,0
30524125,25/6/2026 04:00:00,0
30524125,24/6/2026 21:00:00,0
30523530,25/6/2026 03:00:00,0
30523420,24/6/2026 21:00:00,0
30523530,25/6/2026 02:00:00,0
01304A9005,25/6/2026 03:00:00,0
80720140,25/6/2026 02:00:00,0
82020000,24/6/2026 21:00:00,0
30522100,24/6/2026 21:00:00,0
01303A5002,24/6/2026 21:00:00,0
30524227,25/6/2026 02:00:00,0
82020000,25/6/2026 02:00:00,0
30828007,25/6/2026 02:00:00,0
30421450,25/6/2026 02:00:00,0
30522125,25/6/2026 02:00:00,0
81120010,25/6/2026 02:00:00,0
30523420,25/6/2026 02:00:00,0
30524227,25/6/2026 04:00:00,0
80920215,25/6/2026 02:00:00,0
30522150,25/6/2026 02:00:00,0
30524125,25/6/2026 02:00:00,0
01303A5002,25/6/2026 02:00:00,0
30327860,25/6/2026 02:00:00,0
30328400,25/6/2026 02:00:00,0
30330000,25/6/2026 02:00:00,0
30522100,25/6/2026 02:00:00,0
01307A5019,25/6/2026 01:00:00,0
30523650,25/6/2026 01:00:00,0
01305A5002,25/6/2026 01:00:00,0
01308A9012,25/6/2026 01:00:00,0
01308A9019,25/6/2026 01:00:00,0
30330000,24/6/2026 21:00:00,0
01308A9019,25/6/2026 02:00:00,0
80620395,25/6/2026 02:00:00,0
30522150,25/6/2026 01:00:00,0
30522100,25/6/2026 01:00:00,0
30323970,25/6/2026 01:00:00,0
30522125,25/6/2026 01:00:00,0
01303A5002,25/6/2026 01:00:00,0
01308A9023,25/6/2026 02:00:00,0
01304A9005,25/6/2026 02:00:00,0
30520900,25/6/2026 01:00:00,0
30323970,25/6/2026 02:00:00,0
30520900,25/6/2026 02:00:00,0
01307A5019,24/6/2026 21:00:00,0
30828007,24/6/2026 21:00:00,0
30521950,25/6/2026 02:00:00,0
30524125,25/6/2026 01:00:00,0
01308A9023,25/6/2026 01:00:00,0
82020000,25/6/2026 01:00:00,0
80920215,25/6/2026 01:00:00,0
80620395,25/6/2026 01:00:00,0
30330000,25/6/2026 01:00:00,0
30827660,25/6/2026 00:00:00,0
30523420,25/6/2026 01:00:00,0
30524227,25/6/2026 01:00:00,0
30421450,25/6/2026 01:00:00,0
80720140,25/6/2026 01:00:00,0
30523650,25/6/2026 00:00:00,0
81120010,25/6/2026 01:00:00,0
30828007,25/6/2026 01:00:00,0
30523530,25/6/2026 01:00:00,0
01305A5002,25/6/2026 00:00:00,0
30421450,25/6/2026 00:00:00,0
30327860,25/6/2026 01:00:00,0
30521950,25/6/2026 00:00:00,0
30745800,25/6/2026 01:00:00,0
01307A5019,25/6/2026 00:00:00,0
01308A9012,25/6/2026 00:00:00,0
80620395,25/6/2026 00:00:00,0
30522100,25/6/2026 00:00:00,0
01308A9023,25/6/2026 00:00:00,0
01307A5019,25/6/2026 02:00:00,0
30522125,25/6/2026 00:00:00,0
30827660,25/6/2026 01:00:00,0
30328400,25/6/2026 00:00:00,0
01304A9005,25/6/2026 00:00:00,0
80720140,25/6/2026 00:00:00,0
30323970,25/6/2026 00:00:00,0
30520900,25/6/2026 00:00:00,0
30327860,25/6/2026 00:00:00,0
30523530,25/6/2026 00:00:00,0
80920215,25/6/2026 00:00:00,0
82020000,25/6/2026 00:00:00,0
30524125,25/6/2026 00:00:00,0
01303A5002,25/6/2026 00:00:00,0
01308A9012,24/6/2026 23:00:00,0
01308A9023,24/6/2026 23:00:00,0
30330000,25/6/2026 00:00:00,0
01304A9005,24/6/2026 23:00:00,0
30522150,25/6/2026 00:00:00,0
30522125,24/6/2026 23:00:00,0
30327860,24/6/2026 23:00:00,0
81120010,25/6/2026 00:00:00,0
01307A5019,24/6/2026 23:00:00,0
01303A5002,24/6/2026 23:00:00,0
01305A5002,24/6/2026 23:00:00,0
30522100,24/6/2026 23:00:00,0
80720140,24/6/2026 23:02:00,0.2
30523420,25/6/2026 00:00:00,0
30523650,24/6/2026 23:00:00,0
30828007,25/6/2026 00:00:00,0
30520900,24/6/2026 23:00:00,0
30328400,24/6/2026 23:00:00,0
30827660,24/6/2026 23:00:00,0
30522150,24/6/2026 23:00:00,0
01308A9019,25/6/2026 00:00:00,0
30521950,25/6/2026 01:00:00,0
30323970,24/6/2026 23:00:00,0
30523650,25/6/2026 02:00:00,0
30745800,25/6/2026 00:00:00,0
30828007,25/6/2026 04:00:00,0
30827660,25/6/2026 02:00:00,0
30524227,25/6/2026 00:00:00,0
30328400,25/6/2026 01:00:00,0
30522125,24/6/2026 21:00:00,0
30745800,25/6/2026 02:00:00,0
01304A9005,25/6/2026 01:00:00,0
80720140,24/6/2026 22:43:00,0.2
30827660,24/6/2026 13:00:00,0
30745800,24/6/2026 13:00:00,0
01308A9012,24/6/2026 13:00:00,0
30323970,24/6/2026 13:00:00,0
01308A9019,24/6/2026 13:00:00,0
01308A9023,24/6/2026 13:00:00,0
30523650,24/6/2026 13:00:00,0
01305A5002,24/6/2026 13:00:00,0
30520900,24/6/2026 13:00:00,0
30522150,24/6/2026 13:00:00,0
30828007,24/6/2026 17:00:00,0
30828007,24/6/2026 07:00:00,0
30524125,24/6/2026 17:00:00,0
80920215,24/6/2026 07:00:00,0
30327860,24/6/2026 13:00:00,0
30328400,24/6/2026 13:00:00,0
30421450,24/6/2026 07:00:00,0
01308A9023,24/6/2026 07:00:00,0
30522150,24/6/2026 07:00:00,0
30328400,24/6/2026 07:00:00,0
30523650,24/6/2026 07:00:00,0
30827660,24/6/2026 07:00:00,0
01308A9019,24/6/2026 07:00:00,0
01304A9005,24/6/2026 07:00:00,0
01303A5002,24/6/2026 13:00:00,0
01307A5019,24/6/2026 07:00:00,0
30745800,24/6/2026 07:00:00,0
80720140,24/6/2026 07:00:00,0
80920215,24/6/2026 12:00:00,0
30520900,24/6/2026 07:00:00,0
30330000,24/6/2026 07:00:00,0
01304A9005,24/6/2026 13:00:00,0
30323970,24/6/2026 07:00:00,0
30330000,24/6/2026 12:00:00,0
30521950,24/6/2026 07:00:00,0
30522100,24/6/2026 13:00:00,0
80620395,24/6/2026 07:00:00,0
30828007,24/6/2026 19:00:00,0
81120010,24/6/2026 19:00:00,0
82020000,24/6/2026 19:00:00,0
01303A5002,24/6/2026 05:00:00,0
80720140,24/6/2026 19:00:00,0
80620395,24/6/2026 19:00:00,0
30520900,24/6/2026 16:00:00,0
30323970,24/6/2026 16:00:00,0
30328400,24/6/2026 16:00:00,0
81120010,24/6/2026 12:00:00,0
30522125,24/6/2026 05:00:00,0
01305A5002,24/6/2026 16:00:00,0
30524227,24/6/2026 06:00:00,0
30522150,24/6/2026 16:00:00,0
01308A9012,24/6/2026 11:00:00,0
30522100,24/6/2026 05:00:00,0
01308A9019,24/6/2026 16:00:00,0
01308A9023,24/6/2026 05:00:00,0
01308A9012,24/6/2026 16:00:00,0
30522100,24/6/2026 16:00:00,0
01304A9005,24/6/2026 11:00:00,0
01308A9023,24/6/2026 16:00:00,0
30745800,24/6/2026 16:00:00,0
01307A5019,24/6/2026 05:00:00,0
30523650,24/6/2026 05:00:00,0
01304A9005,24/6/2026 16:00:00,0
30523420,24/6/2026 07:00:00,0
30522125,24/6/2026 16:00:00,0
30421450,24/6/2026 12:00:00,0
30745800,24/6/2026 12:00:00,0
30521950,24/6/2026 12:00:00,0
01303A5002,24/6/2026 16:00:00,0
01303A5002,24/6/2026 07:00:00,0
30323970,24/6/2026 10:00:00,0
30323970,24/6/2026 05:00:00,0
82020000,24/6/2026 07:00:00,0
81120010,24/6/2026 07:00:00,0
01308A9012,24/6/2026 12:00:00,0
30328400,24/6/2026 10:00:00,0
82020000,24/6/2026 12:00:00,0
30520900,24/6/2026 10:00:00,0
01308A9012,24/6/2026 20:00:00,0
30522100,24/6/2026 11:00:00,0
30520900,24/6/2026 12:00:00,0
30523530,24/6/2026 06:00:00,0
01307A5019,24/6/2026 12:00:00,0
80720140,24/6/2026 12:00:00,0
30522100,24/6/2026 07:00:00,0
01303A5002,24/6/2026 12:00:00,0
30522125,24/6/2026 07:00:00,0
30523650,24/6/2026 12:00:00,0
30328400,24/6/2026 12:00:00,0
01305A5002,24/6/2026 05:00:00,0
01308A9012,24/6/2026 07:00:00,0
30421450,24/6/2026 16:00:00,0
01305A5002,24/6/2026 07:00:00,0
01308A9019,24/6/2026 12:00:00,0
01308A9019,24/6/2026 05:00:00,0
30522100,24/6/2026 20:00:00,0
30521950,24/6/2026 16:00:00,0
30522125,24/6/2026 13:00:00,0
01304A9005,24/6/2026 05:00:00,0
01308A9012,24/6/2026 05:00:00,0
01308A9023,24/6/2026 06:00:00,0
30522150,24/6/2026 05:00:00,0
30525150,24/6/2026 06:00:00,0
80920215,24/6/2026 06:00:00,0
30828007,24/6/2026 06:00:00,0
80720140,24/6/2026 06:00:00,0
30327860,24/6/2026 12:00:00,0
30330000,24/6/2026 06:00:00,0
01304A9005,24/6/2026 12:00:00,0
80620395,24/6/2026 06:00:00,0
30522125,24/6/2026 12:00:00,0
30327860,24/6/2026 05:00:00,0
30523420,24/6/2026 16:00:00,0
30327860,24/6/2026 19:01:00,0.1
30523530,24/6/2026 16:00:00,0
30521950,24/6/2026 19:00:00,0
30522100,24/6/2026 19:00:00,0
30520900,24/6/2026 05:00:00,0
30524125,24/6/2026 16:00:00,0
80920215,24/6/2026 19:00:00,0
80720140,24/6/2026 16:00:00,0
30524125,24/6/2026 10:00:00,0
30524125,24/6/2026 19:00:00,0
30828007,24/6/2026 16:00:00,0
30523650,24/6/2026 16:00:00,0
30523530,24/6/2026 19:00:00,0
80920215,24/6/2026 16:00:00,0
30327860,24/6/2026 16:00:00,0
30327860,24/6/2026 10:00:00,0
30421450,24/6/2026 10:00:00,0
30827660,24/6/2026 16:00:00,0
30523650,24/6/2026 10:00:00,0
30330000,24/6/2026 10:00:00,0
01307A5019,24/6/2026 16:00:00,0
01308A9023,24/6/2026 19:00:00,0
30525150,24/6/2026 16:00:00,0
82020000,24/6/2026 16:00:00,0
30524227,24/6/2026 19:00:00,0
30421450,24/6/2026 06:00:00,0
01308A9023,24/6/2026 12:00:00,0
30522100,24/6/2026 12:00:00,0
01308A9012,24/6/2026 19:00:00,0
30323970,24/6/2026 12:00:00,0
30523420,24/6/2026 19:00:00,0
30828007,24/6/2026 12:00:00,0
30327860,24/6/2026 19:00:00,0
30525150,24/6/2026 10:00:00,0
01304A9005,24/6/2026 19:00:00,0
01305A5002,24/6/2026 19:00:00,0
30522100,24/6/2026 10:00:00,0
30522150,24/6/2026 19:00:00,0
30523650,24/6/2026 19:00:00,0
01308A9019,24/6/2026 19:00:00,0
30522125,24/6/2026 10:00:00,0
30522150,24/6/2026 10:00:00,0
01303A5002,24/6/2026 19:00:00,0
30522125,24/6/2026 19:00:00,0
30523530,24/6/2026 10:00:00,0
80620395,24/6/2026 16:00:00,0
81120010,24/6/2026 16:00:00,0
30523420,24/6/2026 10:00:00,0
30745800,24/6/2026 19:00:00,0
01303A5002,24/6/2026 10:00:00,0
30330000,24/6/2026 16:00:00,0
30421450,24/6/2026 19:00:00,0
30828007,24/6/2026 10:00:00,0
30827660,24/6/2026 19:00:00,0
01307A5019,24/6/2026 19:00:00,0
30525150,24/6/2026 15:00:00,0
30827660,24/6/2026 10:00:00,0
30524227,24/6/2026 16:00:00,0
30523420,24/6/2026 06:00:00,0
80920215,24/6/2026 10:00:00,0
81120010,24/6/2026 15:00:00,0
01305A5002,24/6/2026 10:00:00,0
01308A9023,24/6/2026 11:00:00,0
30421450,24/6/2026 15:00:00,0
30330000,24/6/2026 15:00:00,0
30323970,24/6/2026 19:00:00,0
30523530,24/6/2026 09:00:00,0
30328400,24/6/2026 19:00:00,0
30520900,24/6/2026 19:00:00,0
30327860,24/6/2026 18:53:00,0.2
01308A9019,24/6/2026 10:00:00,0
30327860,24/6/2026 18:57:00,0.1
01304A9005,24/6/2026 10:00:00,0
30523530,24/6/2026 15:00:00,0
30327860,24/6/2026 18:55:00,0.1
30327860,24/6/2026 18:50:00,0.1
30327860,24/6/2026 18:00:00,0
30522150,24/6/2026 18:00:00,0
30327860,24/6/2026 18:49:00,0.2
30522125,24/6/2026 18:00:00,0
30327860,24/6/2026 18:51:00,0.1
30327860,24/6/2026 18:52:00,0.1
30524227,24/6/2026 15:00:00,0
30328400,24/6/2026 18:44:00,0.1
01307A5019,24/6/2026 10:00:00,0
30323970,24/6/2026 18:00:00,0
30827660,24/6/2026 15:00:00,0
30828007,24/6/2026 15:00:00,0
01308A9012,24/6/2026 10:00:00,0
82020000,24/6/2026 15:00:00,0
01308A9023,24/6/2026 10:00:00,0
30328400,24/6/2026 18:41:00,0.1
30523420,24/6/2026 09:00:00,0
30524227,24/6/2026 09:00:00,0
30521950,24/6/2026 15:00:00,0
30328400,24/6/2026 18:39:00,0.1
80920215,24/6/2026 15:00:00,0
30524125,24/6/2026 09:00:00,0
30523420,24/6/2026 15:00:00,0
01308A9023,24/6/2026 18:00:00,0
30330000,24/6/2026 19:00:00,0
30520900,24/6/2026 15:00:00,0
30330000,24/6/2026 09:00:00,0
81120010,24/6/2026 09:00:00,0
30328400,24/6/2026 09:00:00,0
01303A5002,24/6/2026 18:00:00,0
30421450,24/6/2026 09:00:00,0
30525150,24/6/2026 09:00:00,0
01307A5019,24/6/2026 18:00:00,0
80720140,24/6/2026 18:00:00,0
30524125,24/6/2026 15:00:00,0
30330000,24/6/2026 18:00:00,0
80620395,24/6/2026 10:00:00,0
01308A9012,24/6/2026 18:00:00,0
30522100,24/6/2026 18:00:00,0
01308A9019,24/6/2026 18:00:00,0
30828007,24/6/2026 09:00:00,0
30522150,24/6/2026 15:00:00,0
01307A5019,24/6/2026 15:00:00,0
01303A5002,24/6/2026 15:00:00,0
30827660,24/6/2026 18:00:00,0
80720140,24/6/2026 15:00:00,0
30745800,24/6/2026 15:00:00,0
30328400,24/6/2026 18:00:00,0
80620395,24/6/2026 15:00:00,0
30323970,24/6/2026 15:00:00,0
30328400,24/6/2026 15:00:00,0
01305A5002,24/6/2026 18:00:00,0
80720140,24/6/2026 10:00:00,0
01308A9012,24/6/2026 15:00:00,0
82020000,24/6/2026 09:00:00,0
30521950,24/6/2026 09:00:00,0
01304A9005,24/6/2026 18:00:00,0
01308A9019,24/6/2026 15:00:00,0
30520900,24/6/2026 18:00:00,0
01308A9023,24/6/2026 15:00:00,0
80720140,24/6/2026 09:00:00,0
30745800,24/6/2026 09:00:00,0
30745800,24/6/2026 18:00:00,0
30827660,24/6/2026 09:00:00,0
01308A9012,24/6/2026 09:00:00,0
01304A9005,24/6/2026 15:00:00,0
30523650,24/6/2026 15:00:00,0
81120010,24/6/2026 18:00:00,0
01303A5002,24/6/2026 09:00:00,0
01304A9005,24/6/2026 09:00:00,0
01305A5002,24/6/2026 09:00:00,0
80920215,24/6/2026 18:00:00,0
30421450,24/6/2026 18:00:00,0
30327860,24/6/2026 15:00:00,0
01307A5019,24/6/2026 09:00:00,0
81120010,24/6/2026 10:00:00,0
30522125,24/6/2026 11:00:00,0
01308A9023,24/6/2026 09:00:00,0
30520900,24/6/2026 09:00:00,0
30745800,24/6/2026 10:00:00,0
80620395,24/6/2026 09:00:00,0
30523650,24/6/2026 09:00:00,0
30522100,24/6/2026 15:00:00,0
30522125,24/6/2026 15:00:00,0
30522100,24/6/2026 09:00:00,0
01305A5002,24/6/2026 15:00:00,0
30524227,24/6/2026 10:00:00,0
82020000,24/6/2026 10:00:00,0
01305A5002,24/6/2026 12:00:00,0
30521950,24/6/2026 18:00:00,0
01307A5019,24/6/2026 06:00:00,0
30522150,24/6/2026 09:00:00,0
30327860,24/6/2026 06:00:00,0
01303A5002,24/6/2026 06:00:00,0
30522125,24/6/2026 20:00:00,0
80720140,24/6/2026 11:00:00,0
30327860,24/6/2026 09:00:00,0
30522125,24/6/2026 09:00:00,0
30828007,24/6/2026 20:00:00,0
01308A9019,24/6/2026 09:00:00,0
80720140,24/6/2026 20:00:00,0
30323970,24/6/2026 09:00:00,0
80920215,24/6/2026 09:00:00,0
82020000,24/6/2026 20:00:00,0
30524125,24/6/2026 06:00:00,0
30524227,24/6/2026 12:00:00,0
30523650,24/6/2026 18:00:00,0
30522150,24/6/2026 12:00:00,0
01303A5002,24/6/2026 11:00:00,0
01304A9005,24/6/2026 06:00:00,0
30328400,24/6/2026 06:00:00,0
30524125,24/6/2026 11:00:00,0
30520900,24/6/2026 06:00:00,0
30828007,24/6/2026 11:00:00,0
80620395,24/6/2026 20:00:00,0
30827660,24/6/2026 08:00:00,0
30827660,24/6/2026 06:00:00,0
81120010,24/6/2026 06:00:00,0
01308A9019,24/6/2026 08:00:00,0
80920215,24/6/2026 20:00:00,0
01303A5002,24/6/2026 08:00:00,0
01308A9012,24/6/2026 08:00:00,0
80620395,24/6/2026 12:00:00,0
30323970,24/6/2026 06:00:00,0
30523530,24/6/2026 13:00:00,0
80720140,24/6/2026 17:00:00,0
30524227,24/6/2026 13:00:00,0
30828007,24/6/2026 13:00:00,0
30523530,24/6/2026 17:00:00,0
80920215,24/6/2026 17:00:00,0
30525150,24/6/2026 13:00:00,0
30330000,24/6/2026 13:00:00,0
30421450,24/6/2026 13:00:00,0
30522150,24/6/2026 06:00:00,0
30525150,24/6/2026 07:00:00,0
30523530,24/6/2026 11:00:00,0
01307A5019,24/6/2026 17:00:00,0
30523650,24/6/2026 06:00:00,0
01308A9023,24/6/2026 08:00:00,0
30525150,24/6/2026 05:00:00,0
30521950,24/6/2026 13:00:00,0
30524227,24/6/2026 05:00:00,0
30524227,24/6/2026 07:00:00,0
01308A9012,24/6/2026 06:00:00,0
01305A5002,24/6/2026 06:00:00,0
30523530,24/6/2026 05:00:00,0
30524125,24/6/2026 07:00:00,0
30525150,24/6/2026 11:00:00,0
30523420,24/6/2026 11:00:00,0
30827660,24/6/2026 20:00:00,0
30745800,24/6/2026 20:00:00,0
01308A9019,24/6/2026 06:00:00,0
30521950,24/6/2026 20:00:00,0
30525150,24/6/2026 12:00:00,0
30524125,24/6/2026 12:00:00,0
30827660,24/6/2026 12:00:00,0
80620395,24/6/2026 13:00:00,0
30327860,24/6/2026 17:25:00,0.5
30327860,24/6/2026 17:24:00,0.6
30524125,24/6/2026 08:00:00,0
30521950,24/6/2026 06:00:00,0
30524227,24/6/2026 17:00:00,0
30327860,24/6/2026 17:22:00,0.3
30327860,24/6/2026 17:23:00,0.5
30745800,24/6/2026 06:00:00,0
30524227,24/6/2026 08:00:00,0
30327860,24/6/2026 17:19:00,0.1
30327860,24/6/2026 17:20:00,0.1
30525150,24/6/2026 08:00:00,0
80620395,24/6/2026 14:00:00,0
30421450,24/6/2026 17:01:00,0.5
30523420,24/6/2026 17:00:00,0
30828007,24/6/2026 08:00:00,0
30327860,24/6/2026 17:09:00,0.1
80620395,24/6/2026 17:00:00,0
30523420,24/6/2026 13:00:00,0
30520900,24/6/2026 20:00:00,0
30523530,24/6/2026 07:00:00,0
30421450,24/6/2026 20:00:00,0
81120010,24/6/2026 17:00:00,0
30523420,24/6/2026 12:00:00,0
30827660,24/6/2026 14:00:00,0
30327860,24/6/2026 17:13:00,0.1
80720140,24/6/2026 13:00:00,0
30524227,24/6/2026 08:01:00,0
82020000,24/6/2026 06:00:00,0
30523530,24/6/2026 18:00:00,0
30828007,24/6/2026 18:00:00,0
30523420,24/6/2026 18:00:00,0
01308A9012,24/6/2026 14:00:00,0
30524125,24/6/2026 18:00:00,0
01305A5002,24/6/2026 14:00:00,0
30523420,24/6/2026 08:00:00,0
30328400,24/6/2026 14:00:00,0
30828007,24/6/2026 08:01:00,0
30523530,24/6/2026 08:00:00,0
30327860,24/6/2026 17:21:00,0.2
30323970,24/6/2026 14:00:00,0
30327860,24/6/2026 14:00:00,0
30327860,24/6/2026 17:26:00,0.2
30330000,24/6/2026 14:00:00,0
01307A5019,24/6/2026 14:00:00,0
30525150,24/6/2026 14:00:00,0
80920215,24/6/2026 14:00:00,0
30828007,24/6/2026 14:00:00,0
81120010,24/6/2026 14:00:00,0
30327860,24/6/2026 17:17:00,0.2
82020000,24/6/2026 14:00:00,0
30524227,24/6/2026 18:00:00,0
30523420,24/6/2026 14:00:00,0
30523420,24/6/2026 08:01:00,0
80620395,24/6/2026 18:00:00,0
30327860,24/6/2026 17:15:00,0.2
01308A9023,24/6/2026 17:00:00,0
30327860,24/6/2026 17:14:00,0.1
30327860,24/6/2026 17:00:00,0
30327860,24/6/2026 17:16:00,0.1
30327860,24/6/2026 17:18:00,0.1
80720140,24/6/2026 14:00:00,0
30521950,24/6/2026 14:00:00,0
30421450,24/6/2026 14:00:00,0
30745800,24/6/2026 14:00:00,0
01308A9019,24/6/2026 14:00:00,0
30328400,24/6/2026 17:00:00,0
30522150,24/6/2026 17:00:00,0
30523530,24/6/2026 14:00:00,0
01308A9012,24/6/2026 17:00:00,0
30327860,24/6/2026 17:11:00,0.1
30524125,24/6/2026 14:00:00,0
80920215,24/6/2026 08:00:00,0
30523650,24/6/2026 17:00:00,0
30745800,24/6/2026 08:00:00,0
30827660,24/6/2026 17:00:00,0
81120010,24/6/2026 08:00:00,0
01305A5002,24/6/2026 17:00:00,0
30328400,24/6/2026 08:00:00,0
30330000,24/6/2026 08:00:00,0
01307A5019,24/6/2026 08:00:00,0
30421450,24/6/2026 08:00:00,0
30522150,24/6/2026 20:00:00,0
01303A5002,24/6/2026 17:00:00,0
30323970,24/6/2026 17:00:00,0
30827660,24/6/2026 11:00:00,0
30745800,24/6/2026 17:00:00,0
30327860,24/6/2026 08:00:00,0
30522100,24/6/2026 17:00:00,0
01303A5002,24/6/2026 14:00:00,0
01308A9023,24/6/2026 14:00:00,0
30522150,24/6/2026 14:00:00,0
30520900,24/6/2026 17:00:00,0
30523650,24/6/2026 14:00:00,0
81120010,24/6/2026 13:00:00,0
30323970,24/6/2026 08:00:00,0
30521950,24/6/2026 10:00:00,0
30520900,24/6/2026 14:00:00,0
80620395,24/6/2026 05:00:00,0
01308A9023,24/6/2026 20:00:00,0
01304A9005,24/6/2026 20:00:00,0
30328400,24/6/2026 20:00:00,0
30524125,24/6/2026 13:00:00,0
01305A5002,24/6/2026 20:00:00,0
30523650,24/6/2026 08:00:00,0
30327860,24/6/2026 20:00:00,0
30323970,24/6/2026 20:00:00,0
30745800,24/6/2026 05:00:00,0
80620395,24/6/2026 08:00:00,0
01303A5002,24/6/2026 20:00:00,0
30522100,24/6/2026 14:00:00,0
30421450,24/6/2026 11:00:00,0
30522125,24/6/2026 14:00:00,0
30522100,24/6/2026 08:00:00,0
30521950,24/6/2026 08:00:00,0
30520900,24/6/2026 11:00:00,0
01304A9005,24/6/2026 08:00:00,0
01308A9019,24/6/2026 11:00:00,0
30828007,24/6/2026 05:00:00,0
82020000,24/6/2026 05:00:00,0
01308A9019,24/6/2026 17:00:00,0
01307A5019,24/6/2026 11:00:00,0
30521950,24/6/2026 05:00:00,0
30522100,24/6/2026 06:00:00,0
30421450,24/6/2026 17:00:00,0
30521950,24/6/2026 17:00:00,0
01304A9005,24/6/2026 14:00:00,0
01308A9019,24/6/2026 20:00:00,0
30524125,24/6/2026 20:00:00,0
81120010,24/6/2026 20:00:00,0
30523650,24/6/2026 20:00:00,0
30521950,24/6/2026 11:00:00,0
30330000,24/6/2026 11:00:00,0
80620395,24/6/2026 11:00:00,0
01307A5019,24/6/2026 20:00:00,0
30523420,24/6/2026 05:00:00,0
30330000,24/6/2026 20:00:00,0
30330000,24/6/2026 05:00:00,0
30323970,24/6/2026 11:00:00,0
01304A9005,24/6/2026 17:00:00,0
30524125,24/6/2026 05:00:00,0
01305A5002,24/6/2026 08:00:00,0
30330000,24/6/2026 17:00:00,0
30328400,24/6/2026 11:00:00,0
80720140,24/6/2026 08:00:00,0
30523530,24/6/2026 12:00:00,0
30745800,24/6/2026 11:00:00,0
30522150,24/6/2026 11:00:00,0
01304A9005,24/6/2026 05:45:00,0.5
80920215,24/6/2026 11:00:00,0
01305A5002,24/6/2026 11:00:00,0
30421450,24/6/2026 05:00:00,0
30522125,24/6/2026 06:00:00,0
30522150,24/6/2026 08:00:00,0
80920215,24/6/2026 05:00:00,0
30524227,24/6/2026 11:00:00,0
30522125,24/6/2026 08:00:00,0
30522125,24/6/2026 17:00:00,0
81120010,24/6/2026 05:00:00,0
82020000,24/6/2026 17:00:00,0
30328400,24/6/2026 05:00:00,0
30827660,24/6/2026 05:00:00,0
30523650,24/6/2026 11:00:00,0
80720140,24/6/2026 05:00:00,0
30327860,24/6/2026 11:00:00,0
30524227,24/6/2026 14:00:00,0
82020000,24/6/2026 13:00:00,0
30520900,24/6/2026 08:00:00,0
80920215,24/6/2026 13:00:00,0
81120010,24/6/2026 11:00:00,0
30327860,24/6/2026 07:00:00,0
01307A5019,24/6/2026 13:00:00,0
30828055,24/6/2026 18:00:00,0
30523680,24/6/2026 18:00:00,0
30327380,24/6/2026 18:00:00,0
30748570,24/6/2026 18:00:00,0
30747910,24/6/2026 18:00:00,0
30422010,24/6/2026 17:54:00,0.5
30422010,24/6/2026 17:42:00,0.5
30521400,24/6/2026 09:00:00,0
01305A5003,24/6/2026 09:00:00,0
30524210,24/6/2026 14:00:00,0
30422010,24/6/2026 17:40:00,1
30745775,24/6/2026 18:00:00,0
30422010,24/6/2026 17:57:00,0.5
01303A5020,24/6/2026 09:00:00,0
30827500,24/6/2026 14:00:00,0
30745570,24/6/2026 14:00:00,0
30746270,24/6/2026 09:00:00,0
30331260,24/6/2026 08:01:00,0
30421000,24/6/2026 09:00:00,0
01305A5000,24/6/2026 09:00:00,0
30522780,24/6/2026 08:00:00,0
30422010,24/6/2026 09:00:00,0
30525550,24/6/2026 08:01:00,0
30827950,24/6/2026 14:00:00,0
30747910,24/6/2026 08:00:00,0
30746150,24/6/2026 08:00:00,0
01303A5020,24/6/2026 18:00:00,0
30827500,24/6/2026 18:00:00,0
30827950,24/6/2026 18:00:00,0
30422010,24/6/2026 17:51:00,0.5
30422010,24/6/2026 17:49:00,0.5
30331260,24/6/2026 18:00:00,0
30422010,24/6/2026 17:44:00,0.5
30422010,24/6/2026 17:46:00,0.5
30522780,24/6/2026 18:00:00,0
30422010,24/6/2026 17:41:00,1
30524210,24/6/2026 18:00:00,0
30827500,24/6/2026 08:00:00,0
30422010,24/6/2026 17:43:00,0.5
30745570,24/6/2026 18:00:00,0
30748570,24/6/2026 08:00:00,0
30828055,24/6/2026 14:00:00,0
30522780,24/6/2026 14:00:00,0
30331260,24/6/2026 14:00:00,0
30331260,24/6/2026 08:00:00,0
30327380,24/6/2026 14:00:00,0
80120285,24/6/2026 08:00:00,0
80620316,24/6/2026 14:00:00,0
30523680,24/6/2026 14:00:00,0
80420325,24/6/2026 14:00:00,0
30422010,24/6/2026 17:39:00,1.5
80120285,24/6/2026 14:00:00,0
30525550,24/6/2026 14:00:00,0
30524210,24/6/2026 08:01:00,0
80120265,24/6/2026 14:00:00,0
30327380,24/6/2026 08:00:00,0
80720200,24/6/2026 14:00:00,0
80920260,24/6/2026 14:00:00,0
30322300,24/6/2026 14:00:00,0
30747910,24/6/2026 14:00:00,0
30746270,24/6/2026 17:00:00,0
01307A5005,24/6/2026 09:00:00,0
30522785,24/6/2026 09:00:00,0
30745775,24/6/2026 08:00:00,0
30422010,24/6/2026 17:38:00,1
30827950,24/6/2026 08:00:00,0
30745570,24/6/2026 08:00:00,0
80220035,24/6/2026 14:00:00,0
30522380,24/6/2026 09:00:00,0
80120265,24/6/2026 08:00:00,0
30748570,24/6/2026 14:00:00,0
01307A9001,24/6/2026 14:00:00,0
80620380,24/6/2026 14:00:00,0
30523680,24/6/2026 08:00:00,0
30421000,24/6/2026 08:00:00,0
01305A6000,24/6/2026 14:00:00,0
30745900,24/6/2026 08:00:00,0
30748570,24/6/2026 13:00:00,0
30327380,24/6/2026 13:00:00,0
30526700,24/6/2026 08:00:00,0
01307A5007,24/6/2026 08:00:00,0
30422010,24/6/2026 08:00:00,0
01307A9001,24/6/2026 08:00:00,0
30331260,24/6/2026 13:00:00,0
30745900,24/6/2026 17:00:00,0
01303A5020,24/6/2026 17:00:00,0
30746270,24/6/2026 08:00:00,0
80620316,24/6/2026 08:00:00,0
80120265,24/6/2026 17:00:00,0
30525550,24/6/2026 08:00:00,0
80720200,24/6/2026 08:00:00,0
01307A5007,24/6/2026 14:00:00,0
30325500,24/6/2026 14:00:00,0
30522380,24/6/2026 08:00:00,0
30322600,24/6/2026 08:00:00,0
30522785,24/6/2026 14:00:00,0
30329450,24/6/2026 14:00:00,0
80620380,24/6/2026 17:00:00,0
30745900,24/6/2026 14:00:00,0
30747980,24/6/2026 14:00:00,0
01305A6000,24/6/2026 08:00:00,0
30322300,24/6/2026 08:00:00,0
80220035,24/6/2026 08:00:00,0
30522780,24/6/2026 13:00:00,0
01305A5003,24/6/2026 08:00:00,0
30522785,24/6/2026 17:00:00,0
80920260,24/6/2026 13:00:00,0
01307A5005,24/6/2026 17:00:00,0
30524210,24/6/2026 17:00:00,0
01305A5000,24/6/2026 17:00:00,0
80720200,24/6/2026 13:00:00,0
30325500,24/6/2026 17:00:00,0
01305A6000,24/6/2026 17:00:00,0
01307A9005,24/6/2026 17:00:00,0
80720200,24/6/2026 17:00:00,0
30524210,24/6/2026 08:00:00,0
30827230,24/6/2026 17:00:00,0
30329450,24/6/2026 17:00:00,0
01307A5007,24/6/2026 13:25:00,0.5
80420325,24/6/2026 08:00:00,0
30523680,24/6/2026 13:00:00,0
01307A5005,24/6/2026 14:00:00,0
80120285,24/6/2026 13:00:00,0
80620380,24/6/2026 08:00:00,0
80420325,24/6/2026 13:00:00,0
30747980,24/6/2026 08:00:00,0
30421000,24/6/2026 13:00:00,0
80920260,24/6/2026 08:00:00,0
30331260,24/6/2026 07:00:00,0
80620316,24/6/2026 13:00:00,0
80220035,24/6/2026 13:00:00,0
01307A9005,24/6/2026 14:00:00,0
30748570,24/6/2026 07:00:00,0
30828055,24/6/2026 08:00:00,0
30327380,24/6/2026 07:00:00,0
30322600,24/6/2026 14:00:00,0
30827500,24/6/2026 07:00:00,0
30329450,24/6/2026 08:00:00,0
30746270,24/6/2026 14:00:00,0
01305A5000,24/6/2026 08:00:00,0
30325500,24/6/2026 08:00:00,0
30422010,24/6/2026 14:00:00,0
30526700,24/6/2026 14:00:00,0
30422010,24/6/2026 17:00:00,0
30322600,24/6/2026 17:00:00,0
01305A5003,24/6/2026 17:00:00,0
30521400,24/6/2026 17:00:00,0
01307A5007,24/6/2026 17:00:00,0
30524210,24/6/2026 13:00:00,0
30522785,24/6/2026 08:00:00,0
30745570,24/6/2026 13:00:00,0
30747910,24/6/2026 13:00:00,0
30329450,24/6/2026 13:00:00,0
30827950,24/6/2026 07:00:00,0
30828055,24/6/2026 07:00:00,0
80120285,24/6/2026 07:00:00,0
30523680,24/6/2026 07:00:00,0
80620316,24/6/2026 07:00:00,0
01303A5020,24/6/2026 08:00:00,0
30331260,24/6/2026 17:00:00,0
30827230,24/6/2026 08:00:00,0
30828055,24/6/2026 17:00:00,0
01307A5005,24/6/2026 08:00:00,0
80420325,24/6/2026 17:00:00,0
30827500,24/6/2026 13:00:00,0
30523680,24/6/2026 17:00:00,0
30522380,24/6/2026 17:00:00,0
80720200,24/6/2026 07:00:00,0
01307A9001,24/6/2026 17:00:00,0
01305A6000,24/6/2026 13:00:00,0
01307A9001,24/6/2026 13:00:00,0
80720200,24/6/2026 16:59:00,0.2
30526700,24/6/2026 13:00:00,0
30747980,24/6/2026 13:00:00,0
30421000,24/6/2026 17:00:00,0
30748570,24/6/2026 17:00:00,0
01307A9005,24/6/2026 08:00:00,0
30522380,24/6/2026 13:00:00,0
30522785,24/6/2026 13:00:00,0
30524210,24/6/2026 07:00:00,0
30745900,24/6/2026 13:00:00,0
30827500,24/6/2026 17:00:00,0
01305A5000,24/6/2026 14:00:00,0
80120285,24/6/2026 17:00:00,0
30827950,24/6/2026 17:00:00,0
01303A5020,24/6/2026 13:00:00,0
01305A5003,24/6/2026 14:00:00,0
80620316,24/6/2026 17:00:00,0
30827230,24/6/2026 13:00:00,0
30747910,24/6/2026 07:00:00,0
80920260,24/6/2026 17:00:00,0
80220035,24/6/2026 17:00:00,0
30828055,24/6/2026 13:00:00,0
80620380,24/6/2026 13:00:00,0
01303A5020,24/6/2026 14:00:00,0
30745775,24/6/2026 13:00:00,0
80120265,24/6/2026 07:00:00,0
80620380,24/6/2026 07:00:00,0
30322300,24/6/2026 13:00:00,0
30422010,24/6/2026 13:00:00,0
01307A5005,24/6/2026 13:00:00,0
01305A5003,24/6/2026 13:00:00,0
80120265,24/6/2026 13:00:00,0
30746150,24/6/2026 13:00:00,0
30525550,24/6/2026 13:00:00,0
30325500,24/6/2026 07:00:00,0
30827950,24/6/2026 13:00:00,0
30322300,24/6/2026 17:00:00,0
30745775,24/6/2026 07:00:00,0
80420325,24/6/2026 07:00:00,0
80920260,24/6/2026 12:00:00,0
30746150,24/6/2026 07:00:00,0
30329450,24/6/2026 07:00:00,0
30421000,24/6/2026 07:00:00,0
30421000,24/6/2026 12:00:00,0
30525550,24/6/2026 17:00:00,0
80220035,24/6/2026 07:00:00,0
30525550,24/6/2026 12:00:00,0
30745570,24/6/2026 07:00:00,0
30747910,24/6/2026 17:00:00,0
30322600,24/6/2026 07:00:00,0
30522780,24/6/2026 17:00:00,0
01307A9001,24/6/2026 12:00:00,0
30745570,24/6/2026 17:00:00,0
30827230,24/6/2026 07:00:00,0
30524210,24/6/2026 06:00:00,0
01303A5020,24/6/2026 07:00:00,0
30422010,24/6/2026 07:00:00,0
30522380,24/6/2026 12:00:00,0
30746150,24/6/2026 17:00:00,0
30327380,24/6/2026 06:00:00,0
30522780,24/6/2026 07:00:00,0
30745775,24/6/2026 17:00:00,0
30526700,24/6/2026 12:00:00,0
30521400,24/6/2026 08:00:00,0
30325500,24/6/2026 13:00:00,0
30522380,24/6/2026 14:00:00,0
30521400,24/6/2026 14:00:00,0
30521400,24/6/2026 13:00:00,0
80920260,24/6/2026 07:00:00,0
01307A9005,24/6/2026 13:00:00,0
30322300,24/6/2026 07:00:00,0
30521400,24/6/2026 07:00:00,0
30522380,24/6/2026 07:00:00,0
30522785,24/6/2026 07:00:00,0
30526700,24/6/2026 07:00:00,0
01305A5000,24/6/2026 07:00:00,0
30746270,24/6/2026 13:00:00,0
01307A5007,24/6/2026 12:00:00,0
01305A5000,24/6/2026 13:00:00,0
30827950,24/6/2026 06:00:00,0
30745900,24/6/2026 07:00:00,0
01305A5003,24/6/2026 12:00:00,0
01305A6000,24/6/2026 12:00:00,0
01305A5003,24/6/2026 07:00:00,0
30827230,24/6/2026 12:00:00,0
30745900,24/6/2026 12:00:00,0
80120285,24/6/2026 06:00:00,0
80220035,24/6/2026 06:00:00,0
80420325,24/6/2026 06:00:00,0
80120265,24/6/2026 06:00:00,0
30523680,24/6/2026 06:00:00,0
30325500,24/6/2026 06:00:00,0
30522785,24/6/2026 12:00:00,0
30745775,24/6/2026 06:00:00,0
30747980,24/6/2026 12:00:00,0
30422010,24/6/2026 12:00:00,0
30325500,24/6/2026 12:00:00,0
01307A9005,24/6/2026 07:00:00,0
01307A9001,24/6/2026 07:00:00,0
01305A6000,24/6/2026 07:00:00,0
01307A5005,24/6/2026 07:00:00,0
30329450,24/6/2026 12:00:00,0
30746270,24/6/2026 07:00:00,0
01307A5007,24/6/2026 13:00:00,0
01307A5007,24/6/2026 07:00:00,0
30331260,24/6/2026 12:00:00,0
30747980,24/6/2026 07:00:00,0
30524210,24/6/2026 12:00:00,0
30322600,24/6/2026 12:00:00,0
30827500,24/6/2026 12:00:00,0
30748570,24/6/2026 12:00:00,0
30827950,24/6/2026 12:00:00,0
30745570,24/6/2026 06:00:00,0
01307A9005,24/6/2026 12:00:00,0
80420325,24/6/2026 12:00:00,0
30322300,24/6/2026 12:00:00,0
30521400,24/6/2026 12:00:00,0
30522780,24/6/2026 06:00:00,0
30525550,24/6/2026 07:00:00,0
01307A5005,24/6/2026 12:00:00,0
01307A5005,24/6/2026 06:00:00,0
30746150,24/6/2026 06:00:00,0
80620380,24/6/2026 12:00:00,0
30747910,24/6/2026 06:00:00,0
80720200,24/6/2026 12:00:00,0
30828055,24/6/2026 12:00:00,0
30828055,24/6/2026 06:00:00,0
80120285,24/6/2026 12:00:00,0
01305A5000,24/6/2026 12:00:00,0
80620316,24/6/2026 12:00:00,0
01303A5020,24/6/2026 12:00:00,0
30526700,24/6/2026 17:00:00,0
80620380,24/6/2026 06:00:00,0
80720200,24/6/2026 06:00:00,0
80920260,24/6/2026 06:00:00,0
80620316,24/6/2026 06:00:00,0
30525550,24/6/2026 06:00:00,0
30748570,24/6/2026 06:00:00,0
30421000,24/6/2026 06:00:00,0
30827230,24/6/2026 06:00:00,0
30746270,24/6/2026 12:00:00,0
30523680,24/6/2026 12:00:00,0
01307A9001,24/6/2026 06:00:00,0
80220035,24/6/2026 12:00:00,0
80120265,24/6/2026 20:00:00,0
01307A5007,24/6/2026 06:00:00,0
30526700,24/6/2026 06:00:00,0
30746150,24/6/2026 11:00:00,0
30747910,24/6/2026 11:00:00,0
30827950,24/6/2026 11:00:00,0
30748570,24/6/2026 11:00:00,0
30522780,24/6/2026 12:00:00,0
30827500,24/6/2026 11:00:00,0
30329450,24/6/2026 06:00:00,0
80120265,24/6/2026 12:00:00,0
30827500,24/6/2026 06:00:00,0
30745570,24/6/2026 12:00:00,0
30747910,24/6/2026 12:00:00,0
30745775,24/6/2026 12:00:00,0
30746150,24/6/2026 12:00:00,0
01307A9005,24/6/2026 06:00:00,0
30522785,24/6/2026 06:00:00,0
30746270,24/6/2026 06:00:00,0
30745900,24/6/2026 06:00:00,0
01305A5003,24/6/2026 06:00:00,0
30522380,24/6/2026 06:00:00,0
80120265,24/6/2026 11:00:00,0
30422010,24/6/2026 06:00:00,0
30331260,24/6/2026 05:00:00,0
30521400,24/6/2026 06:00:00,0
30747980,24/6/2026 06:00:00,0
30331260,24/6/2026 06:00:00,0
01303A5020,24/6/2026 20:00:00,0
30322600,24/6/2026 13:00:00,0
30322300,24/6/2026 06:00:00,0
01305A5000,24/6/2026 06:00:00,0
30522780,24/6/2026 05:00:00,0
30331260,24/6/2026 11:00:00,0
80120285,24/6/2026 11:00:00,0
30745570,24/6/2026 05:00:00,0
30745775,24/6/2026 05:00:00,0
30748570,24/6/2026 05:00:00,0
30327380,24/6/2026 05:00:00,0
30524210,24/6/2026 05:00:00,0
30745570,24/6/2026 11:00:00,0
80220035,24/6/2026 11:00:00,0
01303A5020,24/6/2026 06:00:00,0
30522780,24/6/2026 11:00:00,0
30525550,24/6/2026 20:00:00,0
30523680,24/6/2026 05:00:00,0
30327380,24/6/2026 11:00:00,0
30745775,24/6/2026 11:00:00,0
80120285,24/6/2026 20:00:00,0
30523680,24/6/2026 20:00:00,0
30827950,24/6/2026 20:00:00,0
01307A9001,24/6/2026 11:00:00,0
80420325,24/6/2026 11:00:00,0
80920260,24/6/2026 20:00:00,0
30524210,24/6/2026 11:00:00,0
30747980,24/6/2026 20:00:00,0
80920260,24/6/2026 11:00:00,0
80220035,24/6/2026 20:00:00,0
80620316,24/6/2026 11:00:00,0
30327380,24/6/2026 12:00:00,0
30828055,24/6/2026 11:00:00,0
30522380,24/6/2026 20:00:00,0
01305A6000,24/6/2026 06:00:00,0
30322600,24/6/2026 06:00:00,0
80620316,24/6/2026 20:00:00,0
80720200,24/6/2026 11:00:00,0
30827500,24/6/2026 05:00:00,0
30747910,24/6/2026 05:00:00,0
80720200,24/6/2026 20:00:00,0
30827230,24/6/2026 14:00:00,0
30521400,24/6/2026 20:00:00,0
80720200,24/6/2026 05:00:00,0
01307A9001,24/6/2026 20:00:00,0
01305A6000,24/6/2026 11:00:00,0
30745900,24/6/2026 11:00:00,0
30523680,24/6/2026 11:00:00,0
30329450,24/6/2026 20:00:00,0
30526700,24/6/2026 11:00:00,0
30525550,24/6/2026 11:00:00,0
01307A9005,24/6/2026 11:00:00,0
30521400,24/6/2026 11:00:00,0
30421000,24/6/2026 11:00:00,0
01307A5007,24/6/2026 11:00:00,0
30522785,24/6/2026 11:00:00,0
30325500,24/6/2026 11:00:00,0
30322300,24/6/2026 11:00:00,0
01305A5000,24/6/2026 11:00:00,0
30322600,24/6/2026 11:00:00,0
30421000,24/6/2026 20:00:00,0
30522380,24/6/2026 11:00:00,0
30329450,24/6/2026 11:00:00,0
01307A5005,24/6/2026 11:00:00,0
30827950,24/6/2026 05:00:00,0
01307A5005,24/6/2026 05:00:00,0
80120285,24/6/2026 05:00:00,0
80120265,24/6/2026 05:00:00,0
80420325,24/6/2026 20:00:00,0
80620380,24/6/2026 05:00:00,0
80620380,24/6/2026 11:00:00,0
80420325,24/6/2026 05:00:00,0
30329450,24/6/2026 05:00:00,0
30325500,24/6/2026 05:00:00,0
30421000,24/6/2026 05:00:00,0
30525550,24/6/2026 05:00:00,0
30828055,24/6/2026 05:00:00,0
01307A5007,24/6/2026 20:00:00,0
01305A5003,24/6/2026 16:00:00,0
30322300,24/6/2026 20:00:00,0
30746270,24/6/2026 20:00:00,0
30322600,24/6/2026 20:00:00,0
01305A5000,24/6/2026 20:00:00,0
01305A5003,24/6/2026 20:00:00,0
30526700,24/6/2026 20:00:00,0
30827230,24/6/2026 20:00:00,0
30422010,24/6/2026 16:00:00,0
80720200,24/6/2026 16:53:00,0.2
01305A6000,24/6/2026 20:00:00,0
80620380,24/6/2026 20:00:00,0
30746270,24/6/2026 11:00:00,0
01305A5003,24/6/2026 11:00:00,0
01303A5020,24/6/2026 11:00:00,0
30422010,24/6/2026 20:00:00,0
30526700,24/6/2026 05:00:00,0
01307A9005,24/6/2026 16:00:00,0
30322600,24/6/2026 10:00:00,0
01307A5007,24/6/2026 05:00:00,0
01307A5007,24/6/2026 16:00:00,0
30521400,24/6/2026 05:00:00,0
01305A5000,24/6/2026 05:00:00,0
01307A5005,24/6/2026 20:00:00,0
30322300,24/6/2026 05:00:00,0
30422010,24/6/2026 11:00:00,0
30746270,24/6/2026 16:00:00,0
01305A5000,24/6/2026 16:00:00,0
30747980,24/6/2026 05:00:00,0
30745900,24/6/2026 20:00:00,0
30747980,24/6/2026 11:00:00,0
80220035,24/6/2026 19:00:00,0
80120265,24/6/2026 19:00:00,0
01307A5005,24/6/2026 16:00:00,0
30827230,24/6/2026 11:00:00,0
30327380,24/6/2026 10:00:00,0
01307A9005,24/6/2026 20:00:00,0
80220035,24/6/2026 05:00:00,0
30522380,24/6/2026 05:00:00,0
01307A9005,24/6/2026 05:00:00,0
80420325,24/6/2026 19:00:00,0
30827950,24/6/2026 19:00:00,0
30421000,24/6/2026 19:00:00,0
01305A5003,24/6/2026 05:00:00,0
30522785,24/6/2026 05:00:00,0
30322600,24/6/2026 05:00:00,0
30746270,24/6/2026 05:00:00,0
30827230,24/6/2026 05:00:00,0
30745900,24/6/2026 05:00:00,0
30522780,24/6/2026 10:00:00,0
01303A5020,24/6/2026 05:00:00,0
30522380,24/6/2026 10:00:00,0
30422010,24/6/2026 05:00:00,0
30421000,24/6/2026 10:00:00,0
30422010,24/6/2026 10:00:00,0
30525550,24/6/2026 10:00:00,0
30525550,24/6/2026 16:00:00,0
30322300,24/6/2026 10:00:00,0
30746270,24/6/2026 10:00:00,0
30745775,24/6/2026 19:00:00,0
30747910,24/6/2026 10:00:00,0
30524210,24/6/2026 10:00:00,0
30745570,24/6/2026 19:00:00,0
30745900,24/6/2026 16:00:00,0
30522780,24/6/2026 19:00:00,0
01307A9001,24/6/2026 05:00:00,0
30322600,24/6/2026 16:00:00,0
30526700,24/6/2026 09:00:00,0
30524210,24/6/2026 19:00:00,0
80120285,24/6/2026 19:00:00,0
80920260,24/6/2026 19:00:00,0
01307A9001,24/6/2026 19:00:00,0
30523680,24/6/2026 19:00:00,0
80620316,24/6/2026 19:00:00,0
30827230,24/6/2026 16:00:00,0
80720200,24/6/2026 19:00:00,0
30526700,24/6/2026 16:00:00,0
80620380,24/6/2026 19:00:00,0
30522380,24/6/2026 16:00:00,0
01303A5020,24/6/2026 19:00:00,0
30422010,24/6/2026 19:00:00,0
80620316,24/6/2026 05:00:00,0
01305A6000,24/6/2026 05:00:00,0
30331260,24/6/2026 19:00:00,0
80920260,24/6/2026 05:00:00,0
30522785,24/6/2026 20:00:00,0
30525550,24/6/2026 19:00:00,0
01305A5003,24/6/2026 19:00:00,0
30521400,24/6/2026 16:00:00,0
30327380,24/6/2026 17:00:00,0
30325500,24/6/2026 10:00:00,0
30522785,24/6/2026 10:00:00,0
30421000,24/6/2026 14:00:00,0
30329450,24/6/2026 10:00:00,0
30746150,24/6/2026 05:00:00,0
30521400,24/6/2026 10:00:00,0
30747980,24/6/2026 10:00:00,0
30327380,24/6/2026 19:00:00,0
30523680,24/6/2026 10:00:00,0
30526700,24/6/2026 10:00:00,0
30828055,24/6/2026 19:00:00,0
30331260,24/6/2026 10:00:00,0
30748570,24/6/2026 19:00:00,0
30746270,24/6/2026 19:00:00,0
80220035,24/6/2026 10:00:00,0
30745775,24/6/2026 10:00:00,0
80120285,24/6/2026 10:00:00,0
30827500,24/6/2026 19:00:00,0
30746150,24/6/2026 10:00:00,0
30747980,24/6/2026 16:00:00,0
30827950,24/6/2026 10:00:00,0
30327380,24/6/2026 16:00:00,0
30421000,24/6/2026 16:00:00,0
01307A5007,24/6/2026 19:00:00,0
30748570,24/6/2026 10:00:00,0
30747910,24/6/2026 19:00:00,0
30746150,24/6/2026 19:00:00,0
30827230,24/6/2026 10:00:00,0
01307A9001,24/6/2026 16:00:00,0
30523680,24/6/2026 16:00:00,0
30329450,24/6/2026 16:00:00,0
30827230,24/6/2026 19:00:00,0
01305A6000,24/6/2026 16:00:00,0
30325500,24/6/2026 16:00:00,0
01307A5007,24/6/2026 10:00:00,0
01305A5000,24/6/2026 19:00:00,0
30747980,24/6/2026 19:00:00,0
80620316,24/6/2026 10:00:00,0
80420325,24/6/2026 10:00:00,0
30325500,24/6/2026 20:00:00,0
80920260,24/6/2026 16:00:00,0
30522785,24/6/2026 16:00:00,0
30746150,24/6/2026 16:00:00,0
30322300,24/6/2026 16:00:00,0
80720200,24/6/2026 10:00:00,0
80920260,24/6/2026 10:00:00,0
30522785,24/6/2026 19:00:00,0
80420325,24/6/2026 16:00:00,0
30828055,24/6/2026 16:00:00,0
80120285,24/6/2026 16:00:00,0
30522780,24/6/2026 16:00:00,0
80720200,24/6/2026 16:00:00,0
30524210,24/6/2026 16:00:00,0
30745900,24/6/2026 19:00:00,0
30745900,24/6/2026 10:00:00,0
30745570,24/6/2026 16:00:00,0
80620316,24/6/2026 16:00:00,0
30827500,24/6/2026 16:00:00,0
30747910,24/6/2026 16:00:00,0
30748570,24/6/2026 15:00:00,0
30827950,24/6/2026 16:00:00,0
30327380,24/6/2026 15:00:00,0
80120265,24/6/2026 10:00:00,0
30329450,24/6/2026 19:00:00,0
80620380,24/6/2026 16:00:00,0
30331260,24/6/2026 15:00:00,0
30331260,24/6/2026 09:00:00,0
30827500,24/6/2026 09:00:00,0
30526700,24/6/2026 19:00:00,0
30522780,24/6/2026 09:00:00,0
01307A5005,24/6/2026 10:00:00,0
01307A5005,24/6/2026 19:00:00,0
01307A9005,24/6/2026 19:00:00,0
01303A5020,24/6/2026 10:00:00,0
01305A5000,24/6/2026 18:00:00,0
30745775,24/6/2026 16:00:00,0
30827230,24/6/2026 18:00:00,0
30331260,24/6/2026 16:00:00,0
30748570,24/6/2026 09:00:00,0
30322600,24/6/2026 19:00:00,0
01305A6000,24/6/2026 10:00:00,0
01307A5007,24/6/2026 18:00:00,0
80620380,24/6/2026 10:00:00,0
01307A9005,24/6/2026 10:00:00,0
30748570,24/6/2026 16:00:00,0
30522780,24/6/2026 15:00:00,0
30827500,24/6/2026 10:00:00,0
30747910,24/6/2026 15:00:00,0
30745775,24/6/2026 15:00:00,0
30524210,24/6/2026 15:00:00,0
30746150,24/6/2026 15:00:00,0
01307A9001,24/6/2026 10:00:00,0
30828055,24/6/2026 10:00:00,0
01305A5000,24/6/2026 10:00:00,0
01305A5003,24/6/2026 10:00:00,0
30745570,24/6/2026 10:00:00,0
30322300,24/6/2026 19:00:00,0
80120265,24/6/2026 16:00:00,0
30421000,24/6/2026 15:00:00,0
30422010,24/6/2026 18:00:00,0
30827500,24/6/2026 15:00:00,0
01307A5005,24/6/2026 18:00:00,0
30322600,24/6/2026 18:00:00,0
30745570,24/6/2026 15:00:00,0
30747980,24/6/2026 17:00:00,0
30325500,24/6/2026 18:00:00,0
80120265,24/6/2026 15:00:00,0
30525550,24/6/2026 15:00:00,0
80220035,24/6/2026 15:00:00,0
30325500,24/6/2026 19:00:00,0
80720200,24/6/2026 15:00:00,0
30745570,24/6/2026 09:00:00,0
80620380,24/6/2026 15:00:00,0
01307A9001,24/6/2026 15:00:00,0
30828055,24/6/2026 09:00:00,0
30521400,24/6/2026 15:00:00,0
80120285,24/6/2026 09:00:00,0
80420325,24/6/2026 15:00:00,0
30745775,24/6/2026 09:00:00,0
30747910,24/6/2026 09:00:00,0
30827950,24/6/2026 09:00:00,0
80220035,24/6/2026 09:00:00,0
30325500,24/6/2026 15:00:00,0
30746150,24/6/2026 09:00:00,0
30828055,24/6/2026 15:00:00,0
30322300,24/6/2026 15:00:00,0
30523680,24/6/2026 15:00:00,0
30329450,24/6/2026 09:00:00,0
80420325,24/6/2026 09:00:00,0
30524210,24/6/2026 09:00:00,0
30747980,24/6/2026 15:00:00,0
80620316,24/6/2026 15:00:00,0
30521400,24/6/2026 18:00:00,0
30827950,24/6/2026 15:00:00,0
80620316,24/6/2026 09:00:00,0
01305A6000,24/6/2026 19:00:00,0
80120285,24/6/2026 15:00:00,0
01305A6000,24/6/2026 09:00:00,0
30322300,24/6/2026 09:00:00,0
30522380,24/6/2026 18:00:00,0
30322600,24/6/2026 09:00:00,0
80620380,24/6/2026 09:00:00,0
30329450,24/6/2026 15:00:00,0
30747980,24/6/2026 09:00:00,0
30322600,24/6/2026 15:00:00,0
30421000,24/6/2026 18:00:00,0
01305A5003,24/6/2026 18:00:00,0
80620316,24/6/2026 18:00:00,0
80920260,24/6/2026 15:00:00,0
30329450,24/6/2026 18:00:00,0
30745900,24/6/2026 18:00:00,0
30522785,24/6/2026 15:00:00,0
01307A9005,24/6/2026 18:00:00,0
30522380,24/6/2026 15:00:00,0
30526700,24/6/2026 15:00:00,0
30422010,24/6/2026 15:00:00,0
80120265,24/6/2026 18:00:00,0
80220035,24/6/2026 18:00:00,0
80620380,24/6/2026 18:00:00,0
80720200,24/6/2026 09:00:00,0
30526700,24/6/2026 18:00:00,0
30525550,24/6/2026 09:00:00,0
30747980,24/6/2026 18:00:00,0
01305A6000,24/6/2026 18:00:00,0
30325500,24/6/2026 09:00:00,0
30522785,24/6/2026 18:00:00,0
80120265,24/6/2026 09:00:00,0
30746150,24/6/2026 18:00:00,0
80720200,24/6/2026 18:00:00,0
80920260,24/6/2026 09:00:00,0
80420325,24/6/2026 18:00:00,0
30521400,24/6/2026 19:00:00,0
01303A5020,24/6/2026 15:00:00,0
80920260,24/6/2026 18:00:00,0
30525550,24/6/2026 18:00:00,0
01305A5003,24/6/2026 15:00:00,0
01305A5000,24/6/2026 15:00:00,0
01305A6000,24/6/2026 15:00:00,0
30745900,24/6/2026 15:00:00,0
01307A9005,24/6/2026 15:00:00,0
30746150,24/6/2026 14:00:00,0
01307A9001,24/6/2026 18:00:00,0
30322300,24/6/2026 18:00:00,0
30827230,24/6/2026 15:00:00,0
01307A5007,24/6/2026 09:00:00,0
01307A5007,24/6/2026 15:00:00,0
30746270,24/6/2026 18:00:00,0
30522380,24/6/2026 19:00:00,0
30745775,24/6/2026 14:00:00,0
30327380,24/6/2026 09:00:00,0
01307A5005,24/6/2026 15:00:00,0
30523680,24/6/2026 09:00:00,0
30746270,24/6/2026 15:00:00,0
80220035,24/6/2026 16:00:00,0
01303A5020,24/6/2026 16:00:00,0
30745900,24/6/2026 09:00:00,0
01307A9001,24/6/2026 09:00:00,0
01307A9005,24/6/2026 09:00:00,0
30827230,24/6/2026 09:00:00,0
80120285,24/6/2026 18:00:00,0
30330050,24/6/2026 19:00:00,0
30747808,24/6/2026 19:00:00,0
30524610,24/6/2026 19:00:00,0
30523110,24/6/2026 19:00:00,0
30522760,24/6/2026 19:00:00,0
01303A3200,24/6/2026 19:00:00,0
30747808,24/6/2026 16:00:00,0
30826890,24/6/2026 10:00:00,0
80920230,24/6/2026 10:00:00,0
30523110,24/6/2026 16:00:00,0
80720155,24/6/2026 16:00:00,0
01303A7001,24/6/2026 16:00:00,0
80920230,24/6/2026 16:00:00,0
81020005,24/6/2026 16:00:00,0
30522760,24/6/2026 10:00:00,0
30745700,24/6/2026 10:00:00,0
30322400,24/6/2026 16:00:00,0
30523110,24/6/2026 10:00:00,0
30330050,24/6/2026 10:00:00,0
30520950,24/6/2026 10:00:00,0
30524345,24/6/2026 16:00:00,0
30521970,24/6/2026 10:00:00,0
30524610,24/6/2026 10:00:00,0
30330050,24/6/2026 16:00:00,0
30329400,24/6/2026 10:00:00,0
01303A7001,24/6/2026 10:00:00,0
30747808,24/6/2026 10:00:00,0
81020005,24/6/2026 10:00:00,0
01303A5017,24/6/2026 10:00:00,0
30524345,24/6/2026 10:00:00,0
01308A9000,24/6/2026 19:00:00,0
01303A5018,24/6/2026 10:00:00,0
30526130,24/6/2026 10:00:00,0
01303A9016,24/6/2026 19:00:00,0
30520950,24/6/2026 19:00:00,0
30826890,24/6/2026 19:00:00,0
30522760,24/6/2026 16:00:00,0
30828020,24/6/2026 10:00:00,0
30747808,24/6/2026 15:00:00,0
30526130,24/6/2026 15:00:00,0
30745700,24/6/2026 19:00:00,0
01304A9007,24/6/2026 10:00:00,0
01303A9009,24/6/2026 10:00:00,0
30526130,24/6/2026 19:00:00,0
01303A5017,24/6/2026 15:00:00,0
01308A9026,24/6/2026 19:00:00,0
30325400,24/6/2026 19:00:00,0
01303A9009,24/6/2026 19:00:00,0
01303A5017,24/6/2026 19:00:00,0
30523110,24/6/2026 09:00:00,0
01308A9000,24/6/2026 16:00:00,0
01308A9026,24/6/2026 10:00:00,0
30520950,24/6/2026 18:00:00,0
30322400,24/6/2026 19:00:00,0
30524610,24/6/2026 18:00:00,0
01303A5018,24/6/2026 18:00:00,0
30827000,24/6/2026 18:00:00,0
30330050,24/6/2026 09:00:00,0
01303A7001,24/6/2026 19:00:00,0
01303A9016,24/6/2026 18:00:00,0
30828020,24/6/2026 16:00:00,0
30523760,24/6/2026 10:00:00,0
80120295,24/6/2026 16:00:00,0
01303A5010,24/6/2026 19:00:00,0
30827000,24/6/2026 10:00:00,0
30745700,24/6/2026 18:00:00,0
30526130,24/6/2026 16:00:00,0
80120295,24/6/2026 18:00:00,0
30325200,24/6/2026 18:00:00,0
80920230,24/6/2026 15:00:00,0
30329400,24/6/2026 18:00:00,0
30325200,24/6/2026 19:00:00,0
30329400,24/6/2026 15:00:00,0
01304A9007,24/6/2026 19:00:00,0
30521970,24/6/2026 19:00:00,0
30522760,24/6/2026 15:00:00,0
30827000,24/6/2026 19:00:00,0
30523760,24/6/2026 16:00:00,0
30523110,24/6/2026 15:00:00,0
30330050,24/6/2026 15:00:00,0
30524345,24/6/2026 15:00:00,0
01308A9000,24/6/2026 10:00:00,0
80720155,24/6/2026 15:00:00,0
30523760,24/6/2026 15:00:00,0
30325200,24/6/2026 15:00:00,0
30325600,24/6/2026 15:00:00,0
30526130,24/6/2026 09:00:00,0
01303A9009,24/6/2026 18:00:00,0
01308A9026,24/6/2026 18:00:00,0
30325600,24/6/2026 19:00:00,0
01303A5010,24/6/2026 15:00:00,0
30523760,24/6/2026 09:00:00,0
30329400,24/6/2026 09:00:00,0
81020005,24/6/2026 09:00:00,0
80120295,24/6/2026 10:00:00,0
01303A7001,24/6/2026 09:00:00,0
01303A7001,24/6/2026 18:00:00,0
30322400,24/6/2026 09:00:00,0
30826890,24/6/2026 18:00:00,0
30522760,24/6/2026 09:00:00,0
01303A3200,24/6/2026 18:00:00,0
30828020,24/6/2026 18:00:00,0
01303A9016,24/6/2026 10:00:00,0
01308A9000,24/6/2026 18:00:00,0
01303A3200,24/6/2026 10:00:00,0
30325600,24/6/2026 18:00:00,0
30524345,24/6/2026 09:00:00,0
30322400,24/6/2026 15:00:00,0
01307A5009,24/6/2026 10:00:00,0
30828020,24/6/2026 15:00:00,0
01303A3200,24/6/2026 09:00:00,0
01303A5018,24/6/2026 09:00:00,0
01303A7001,24/6/2026 15:00:00,0
30521970,24/6/2026 15:00:00,0
30745700,24/6/2026 15:00:00,0
30747808,24/6/2026 18:00:00,0
30747808,24/6/2026 09:00:00,0
81020005,24/6/2026 15:00:00,0
81020005,24/6/2026 18:00:00,0
30828020,24/6/2026 09:00:00,0
30325400,24/6/2026 15:00:00,0
01303A3200,24/6/2026 15:00:00,0
30827000,24/6/2026 15:00:00,0
01308A9000,24/6/2026 15:00:00,0
01303A5018,24/6/2026 15:00:00,0
80120295,24/6/2026 15:00:00,0
30329400,24/6/2026 19:00:00,0
30520950,24/6/2026 15:00:00,0
01303A9016,24/6/2026 15:00:00,0
30826890,24/6/2026 15:00:00,0
30325600,24/6/2026 09:00:00,0
30325400,24/6/2026 18:00:00,0
80720155,24/6/2026 09:00:00,0
01307A5009,24/6/2026 09:00:00,0
30325200,24/6/2026 09:00:00,0
30521970,24/6/2026 09:00:00,0
80920230,24/6/2026 09:00:00,0
30521970,24/6/2026 18:00:00,0
01303A5017,24/6/2026 18:00:00,0
30325400,24/6/2026 09:00:00,0
30826890,24/6/2026 09:00:00,0
01307A5009,24/6/2026 15:00:00,0
01303A9009,24/6/2026 09:00:00,0
01303A9009,24/6/2026 15:00:00,0
30520950,24/6/2026 09:00:00,0
01308A9026,24/6/2026 15:00:00,0
30524610,24/6/2026 15:00:00,0
01308A9000,24/6/2026 09:00:00,0
30745700,24/6/2026 09:00:00,0
30524345,24/6/2026 18:00:00,0
30524610,24/6/2026 09:00:00,0
01303A9016,24/6/2026 09:00:00,0
80120295,24/6/2026 09:00:00,0
01303A5010,24/6/2026 18:00:00,0
01307A5009,24/6/2026 19:00:00,0
01308A9026,24/6/2026 09:00:00,0
01303A5017,24/6/2026 09:00:00,0
01304A9007,24/6/2026 18:00:00,0
01304A9007,24/6/2026 09:00:00,0
81020005,24/6/2026 14:00:00,0
80720155,24/6/2026 14:00:00,0
01304A9007,24/6/2026 15:00:00,0
01303A5017,24/6/2026 16:00:00,0
30827000,24/6/2026 09:00:00,0
01303A5010,24/6/2026 10:00:00,0
30522760,24/6/2026 14:00:00,0
30523110,24/6/2026 08:00:00,0
30828020,24/6/2026 08:01:00,0
30330050,24/6/2026 17:12:00,0.2
30330050,24/6/2026 17:02:00,0.2
30523110,24/6/2026 14:00:00,0
30523110,24/6/2026 08:01:00,0
30523110,24/6/2026 18:00:00,0
30828020,24/6/2026 14:00:00,0
80920230,24/6/2026 14:00:00,0
30329400,24/6/2026 16:00:00,0
30325400,24/6/2026 16:00:00,0
30524345,24/6/2026 14:00:00,0
30322400,24/6/2026 14:00:00,0
30523760,24/6/2026 08:01:00,0
01307A5009,24/6/2026 18:00:00,0
30330050,24/6/2026 14:00:00,0
80720155,24/6/2026 10:00:00,0
01303A5010,24/6/2026 14:00:00,0
80720155,24/6/2026 18:00:00,0
30522760,24/6/2026 18:00:00,0
30322400,24/6/2026 18:00:00,0
30526130,24/6/2026 14:00:00,0
30523760,24/6/2026 14:00:00,0
80920230,24/6/2026 18:00:00,0
80720155,24/6/2026 17:42:00,0.2
01303A5010,24/6/2026 09:00:00,0
80120295,24/6/2026 08:00:00,0
01303A7001,24/6/2026 14:00:00,0
30330050,24/6/2026 18:00:00,0
01303A9016,24/6/2026 14:00:00,0
30526130,24/6/2026 18:00:00,0
30325600,24/6/2026 14:00:00,0
30523760,24/6/2026 18:00:00,0
30827000,24/6/2026 08:00:00,0
01304A9007,24/6/2026 17:25:00,0.5
01307A5009,24/6/2026 14:00:00,0
80720155,24/6/2026 17:26:00,0.2
30325200,24/6/2026 14:00:00,0
30747808,24/6/2026 08:00:00,0
30747808,24/6/2026 14:00:00,0
30325400,24/6/2026 08:00:00,0
30523760,24/6/2026 08:00:00,0
30325600,24/6/2026 08:00:00,0
80720155,24/6/2026 17:22:00,0.2
30325600,24/6/2026 17:00:00,0
30325200,24/6/2026 08:00:00,0
30329400,24/6/2026 08:00:00,0
01303A5018,24/6/2026 17:00:00,0
30520950,24/6/2026 17:00:00,0
01303A9009,24/6/2026 17:00:00,0
30827000,24/6/2026 17:00:00,0
01303A3200,24/6/2026 14:00:00,0
01307A5009,24/6/2026 17:00:00,0
80920230,24/6/2026 08:00:00,0
30524345,24/6/2026 08:00:00,0
01308A9000,24/6/2026 14:00:00,0
30322400,24/6/2026 13:00:00,0
01308A9026,24/6/2026 14:00:00,0
30330050,24/6/2026 13:00:00,0
30521970,24/6/2026 14:00:00,0
30526130,24/6/2026 08:00:00,0
30322400,24/6/2026 08:00:00,0
80720155,24/6/2026 08:00:00,0
01308A9026,24/6/2026 17:00:00,0
01303A9009,24/6/2026 08:00:00,0
30828020,24/6/2026 08:00:00,0
01308A9000,24/6/2026 08:00:00,0
30524610,24/6/2026 17:00:00,0
01304A9007,24/6/2026 08:00:00,0
81020005,24/6/2026 08:00:00,0
30330050,24/6/2026 08:00:00,0
01304A9007,24/6/2026 17:00:00,0
30745700,24/6/2026 08:00:00,0
80120295,24/6/2026 14:00:00,0
01303A9016,24/6/2026 08:00:00,0
01303A5018,24/6/2026 08:00:00,0
01303A7001,24/6/2026 08:00:00,0
01308A9026,24/6/2026 08:00:00,0
30520950,24/6/2026 08:00:00,0
30826890,24/6/2026 17:00:00,0
01303A3200,24/6/2026 08:00:00,0
01303A5010,24/6/2026 17:00:00,0
01303A7001,24/6/2026 17:00:00,0
30828020,24/6/2026 17:00:00,0
30827000,24/6/2026 14:00:00,0
30745700,24/6/2026 17:00:00,0
30745700,24/6/2026 14:00:00,0
30826890,24/6/2026 14:00:00,0
01303A3200,24/6/2026 17:00:00,0
01303A5017,24/6/2026 08:00:00,0
30522760,24/6/2026 13:00:00,0
01303A9009,24/6/2026 14:00:00,0
30524610,24/6/2026 08:00:00,0
01304A9007,24/6/2026 14:00:00,0
01303A5017,24/6/2026 17:00:00,0
30524610,24/6/2026 14:00:00,0
30329400,24/6/2026 17:00:00,0
30826890,24/6/2026 08:00:00,0
80120295,24/6/2026 17:00:00,0
30521970,24/6/2026 08:00:00,0
01307A5009,24/6/2026 08:00:00,0
30325400,24/6/2026 17:00:00,0
30520950,24/6/2026 14:00:00,0
30526130,24/6/2026 17:00:00,0
30523110,24/6/2026 13:00:00,0
81020005,24/6/2026 17:00:00,0
80720155,24/6/2026 17:00:00,0
30526130,24/6/2026 13:00:00,0
80920230,24/6/2026 17:00:00,0
30523760,24/6/2026 17:00:00,0
30521970,24/6/2026 17:00:00,0
30523760,24/6/2026 13:00:00,0
01303A9016,24/6/2026 17:00:00,0
01308A9000,24/6/2026 17:00:00,0
01303A5010,24/6/2026 08:00:00,0
30325400,24/6/2026 14:00:00,0
30524345,24/6/2026 17:00:00,0
81020005,24/6/2026 07:00:00,0
80920230,24/6/2026 13:00:00,0
01307A5009,24/6/2026 13:00:00,0
01303A5010,24/6/2026 13:00:00,0
81020005,24/6/2026 13:00:00,0
30523760,24/6/2026 07:00:00,0
30522760,24/6/2026 08:00:00,0
80920230,24/6/2026 07:00:00,0
30747808,24/6/2026 13:00:00,0
01303A9016,24/6/2026 13:00:00,0
80720155,24/6/2026 07:00:00,0
30325200,24/6/2026 17:00:00,0
30330050,24/6/2026 16:59:00,0.2
30523110,24/6/2026 17:00:00,0
30523110,24/6/2026 07:00:00,0
30330050,24/6/2026 07:00:00,0
30322400,24/6/2026 17:00:00,0
30522760,24/6/2026 17:00:00,0
30747808,24/6/2026 17:00:00,0
30322400,24/6/2026 07:00:00,0
30524345,24/6/2026 13:00:00,0
30330050,24/6/2026 16:58:00,0.2
30330050,24/6/2026 17:00:00,0
30325200,24/6/2026 13:00:00,0
80120295,24/6/2026 13:00:00,0
80720155,24/6/2026 13:00:00,0
01303A5018,24/6/2026 14:00:00,0
01303A3200,24/6/2026 13:00:00,0
01303A5017,24/6/2026 14:00:00,0
30329400,24/6/2026 14:00:00,0
30329400,24/6/2026 13:00:00,0
01308A9026,24/6/2026 13:00:00,0
30325400,24/6/2026 13:00:00,0
30827000,24/6/2026 13:00:00,0
01303A5018,24/6/2026 13:00:00,0
30325600,24/6/2026 13:00:00,0
30526130,24/6/2026 07:00:00,0
30325400,24/6/2026 07:00:00,0
30826890,24/6/2026 13:00:00,0
01303A9009,24/6/2026 07:00:00,0
30828020,24/6/2026 07:00:00,0
30325600,24/6/2026 07:00:00,0
30524610,24/6/2026 13:00:00,0
30745700,24/6/2026 13:00:00,0
30524345,24/6/2026 07:00:00,0
01308A9000,24/6/2026 13:00:00,0
30747808,24/6/2026 07:00:00,0
01303A5010,24/6/2026 07:00:00,0
01308A9000,24/6/2026 07:00:00,0
01303A5017,24/6/2026 07:00:00,0
30521970,24/6/2026 13:00:00,0
01304A9007,24/6/2026 13:00:00,0
01303A5017,24/6/2026 13:00:00,0
80920230,24/6/2026 12:00:00,0
01308A9000,24/6/2026 12:00:00,0
30523760,24/6/2026 06:00:00,0
01303A5010,24/6/2026 12:00:00,0
30524610,24/6/2026 07:00:00,0
01308A9026,24/6/2026 12:00:00,0
30325400,24/6/2026 12:00:00,0
30524345,24/6/2026 12:00:00,0
30520950,24/6/2026 07:00:00,0
01304A9007,24/6/2026 07:00:00,0
30826890,24/6/2026 07:00:00,0
01303A9009,24/6/2026 13:00:00,0
01303A9016,24/6/2026 07:00:00,0
30325200,24/6/2026 07:00:00,0
30522760,24/6/2026 06:00:00,0
01303A9016,24/6/2026 12:00:00,0
30521970,24/6/2026 12:00:00,0
30828020,24/6/2026 12:00:00,0
30322400,24/6/2026 06:00:00,0
30827000,24/6/2026 12:00:00,0
30828020,24/6/2026 13:00:00,0
30522760,24/6/2026 07:00:00,0
30329400,24/6/2026 07:00:00,0
30329400,24/6/2026 12:00:00,0
01307A5009,24/6/2026 12:00:00,0
01303A5018,24/6/2026 12:00:00,0
30828020,24/6/2026 06:00:00,0
01303A7001,24/6/2026 13:00:00,0
30524345,24/6/2026 06:00:00,0
30827000,24/6/2026 07:00:00,0
01303A7001,24/6/2026 07:00:00,0
30523760,24/6/2026 12:00:00,0
30523110,24/6/2026 12:00:00,0
30322400,24/6/2026 12:00:00,0
30523110,24/6/2026 06:00:00,0
01303A9009,24/6/2026 12:00:00,0
01303A3200,24/6/2026 07:00:00,0
30520950,24/6/2026 12:00:00,0
01307A5009,24/6/2026 07:00:00,0
01308A9026,24/6/2026 07:00:00,0
01303A5018,24/6/2026 07:00:00,0
30745700,24/6/2026 12:00:00,0
30826890,24/6/2026 12:00:00,0
30325400,24/6/2026 06:00:00,0
80920230,24/6/2026 06:00:00,0
01303A5010,24/6/2026 06:00:00,0
30520950,24/6/2026 13:00:00,0
01303A7001,24/6/2026 12:00:00,0
80120295,24/6/2026 12:00:00,0
30522760,24/6/2026 12:00:00,0
80720155,24/6/2026 06:00:00,0
30524610,24/6/2026 12:00:00,0
30330050,24/6/2026 12:00:00,0
01303A9009,24/6/2026 06:00:00,0
80120295,24/6/2026 06:00:00,0
30325200,24/6/2026 06:00:00,0
30325600,24/6/2026 06:00:00,0
30827000,24/6/2026 06:00:00,0
01304A9007,24/6/2026 06:00:00,0
30329400,24/6/2026 06:00:00,0
01303A5018,24/6/2026 20:00:00,0
81020005,24/6/2026 12:00:00,0
30745700,24/6/2026 06:00:00,0
01303A5017,24/6/2026 06:00:00,0
30747808,24/6/2026 06:00:00,0
30526130,24/6/2026 06:00:00,0
01304A9007,24/6/2026 12:00:00,0
30522760,24/6/2026 11:00:00,0
30325600,24/6/2026 12:00:00,0
30523110,24/6/2026 11:00:00,0
30747808,24/6/2026 12:00:00,0
30523760,24/6/2026 11:00:00,0
01303A5017,24/6/2026 12:00:00,0
30520950,24/6/2026 06:00:00,0
01303A3200,24/6/2026 06:00:00,0
80920230,24/6/2026 20:00:00,0
30526130,24/6/2026 11:00:00,0
30826890,24/6/2026 06:00:00,0
81020005,24/6/2026 06:00:00,0
30747808,24/6/2026 11:00:00,0
01303A9016,24/6/2026 06:00:00,0
01308A9000,24/6/2026 06:00:00,0
01303A3200,24/6/2026 12:00:00,0
30526130,24/6/2026 12:00:00,0
01303A3200,24/6/2026 20:00:00,0
01307A5009,24/6/2026 11:00:00,0
30524610,24/6/2026 06:00:00,0
01303A3200,24/6/2026 11:00:00,0
80120295,24/6/2026 11:00:00,0
01303A9009,24/6/2026 11:00:00,0
01303A5018,24/6/2026 06:00:00,0
30330050,24/6/2026 11:00:00,0
30523110,24/6/2026 05:00:00,0
30329400,24/6/2026 20:00:00,0
30325400,24/6/2026 20:00:00,0
30521970,24/6/2026 20:00:00,0
80920230,24/6/2026 05:00:00,0
30526130,24/6/2026 05:00:00,0
30325400,24/6/2026 11:00:00,0
30325600,24/6/2026 11:00:00,0
01308A9026,24/6/2026 11:00:00,0
01303A7001,24/6/2026 06:00:00,0
30524345,24/6/2026 11:00:00,0
30322400,24/6/2026 05:00:00,0
30522760,24/6/2026 05:00:00,0
30747808,24/6/2026 20:00:00,0
30524345,24/6/2026 20:00:00,0
30523760,24/6/2026 05:00:00,0
30745700,24/6/2026 11:00:00,0
01308A9026,24/6/2026 06:00:00,0
30521970,24/6/2026 11:00:00,0
80720155,24/6/2026 11:00:00,0
30747808,24/6/2026 05:00:00,0
30330050,24/6/2026 05:00:00,0
01303A5010,24/6/2026 11:00:00,0
30521970,24/6/2026 07:00:00,0
01307A5009,24/6/2026 06:00:00,0
30828020,24/6/2026 11:00:00,0
01304A9007,24/6/2026 20:00:00,0
01303A7001,24/6/2026 11:00:00,0
80720155,24/6/2026 12:00:00,0
30325200,24/6/2026 11:00:00,0
80920230,24/6/2026 11:00:00,0
30329400,24/6/2026 11:00:00,0
30521970,24/6/2026 06:00:00,0
30322400,24/6/2026 11:00:00,0
30828020,24/6/2026 20:00:00,0
30325600,24/6/2026 05:00:00,0
80120295,24/6/2026 20:00:00,0
30325200,24/6/2026 05:00:00,0
30329400,24/6/2026 05:00:00,0
01303A9009,24/6/2026 05:00:00,0
30325400,24/6/2026 05:00:00,0
80720155,24/6/2026 05:00:00,0
01303A5017,24/6/2026 20:00:00,0
01308A9000,24/6/2026 20:00:00,0
01304A9007,24/6/2026 05:00:00,0
01307A5009,24/6/2026 20:00:00,0
01303A5017,24/6/2026 05:00:00,0
01308A9026,24/6/2026 20:00:00,0
80120295,24/6/2026 05:00:00,0
01303A5018,24/6/2026 11:00:00,0
80720155,24/6/2026 20:00:00,0
81020005,24/6/2026 20:00:00,0
01303A9016,24/6/2026 11:00:00,0
01303A7001,24/6/2026 20:00:00,0
30325200,24/6/2026 12:00:00,0
30828020,24/6/2026 05:00:00,0
30524345,24/6/2026 05:00:00,0
81020005,24/6/2026 11:00:00,0
01303A5010,24/6/2026 20:00:00,0
01303A9016,24/6/2026 20:00:00,0
30524610,24/6/2026 20:00:00,0
30826890,24/6/2026 20:00:00,0
01304A9007,24/6/2026 11:00:00,0
30520950,24/6/2026 11:00:00,0
01304A9007,24/6/2026 16:00:00,0
30745700,24/6/2026 20:00:00,0
30745700,24/6/2026 07:00:00,0
01303A9009,24/6/2026 20:00:00,0
30520950,24/6/2026 20:00:00,0
01303A5010,24/6/2026 05:00:00,0
30827000,24/6/2026 20:00:00,0
30524610,24/6/2026 11:00:00,0
01308A9000,24/6/2026 11:00:00,0
30524345,24/6/2026 10:09:00,0
30826890,24/6/2026 11:00:00,0
30520950,24/6/2026 16:00:00,0
30826890,24/6/2026 05:00:00,0
01303A5017,24/6/2026 11:00:00,0
30827000,24/6/2026 05:00:00,0
30524345,24/6/2026 10:05:00,0.1
30325400,24/6/2026 10:00:00,0
01303A3200,24/6/2026 05:00:00,0
30325600,24/6/2026 10:00:00,0
01303A9016,24/6/2026 05:00:00,0
30827000,24/6/2026 11:00:00,0
01307A5009,24/6/2026 05:00:00,0
30524610,24/6/2026 05:00:00,0
01303A7001,24/6/2026 05:00:00,0
30521970,24/6/2026 05:00:00,0
30322400,24/6/2026 10:00:00,0
01303A9009,24/6/2026 16:00:00,0
30325200,24/6/2026 20:00:00,0
30325200,24/6/2026 10:00:00,0
30520950,24/6/2026 05:00:00,0
01303A5018,24/6/2026 05:00:00,0
30745700,24/6/2026 05:00:00,0
01308A9026,24/6/2026 16:00:00,0
01308A9000,24/6/2026 05:00:00,0
01303A9016,24/6/2026 16:00:00,0
30826890,24/6/2026 16:00:00,0
30325200,24/6/2026 16:00:00,0
30325600,24/6/2026 16:00:00,0
01307A5009,24/6/2026 16:00:00,0
81020005,24/6/2026 19:00:00,0
30745700,24/6/2026 16:00:00,0
30523760,24/6/2026 19:00:00,0
01303A5018,24/6/2026 16:00:00,0
01303A5018,24/6/2026 19:00:00,0
30524345,24/6/2026 19:00:00,0
30521970,24/6/2026 16:00:00,0
01303A3200,24/6/2026 16:00:00,0
01303A5010,24/6/2026 16:00:00,0
80720155,24/6/2026 19:00:00,0
80920230,24/6/2026 19:00:00,0
30828020,24/6/2026 19:00:00,0
30524610,24/6/2026 16:00:00,0
30827000,24/6/2026 16:00:00,0
01308A9026,24/6/2026 05:00:00,0
30330050,24/6/2026 06:00:00,0
30325600,24/6/2026 20:00:00,0
81020005,24/6/2026 05:00:00,0
80120295,24/6/2026 19:00:00,0
80720110,24/6/2026 09:00:00,0
30747985,24/6/2026 18:00:00,0
30322450,24/6/2026 09:00:00,0
30329220,24/6/2026 18:00:00,0
30325510,24/6/2026 18:00:00,0
80720195,24/6/2026 17:03:00,0.2
80720110,24/6/2026 14:00:00,0
80720195,24/6/2026 17:12:00,0.2
80720195,24/6/2026 17:14:00,0.2
30325150,24/6/2026 09:00:00,0
30747985,24/6/2026 08:00:00,0
30746900,24/6/2026 09:00:00,0
30328225,24/6/2026 14:00:00,0
30329200,24/6/2026 09:00:00,0
30328270,24/6/2026 14:00:00,0
30328270,24/6/2026 08:00:00,0
30748100,24/6/2026 14:00:00,0
30524305,24/6/2026 09:00:00,0
30526200,24/6/2026 15:00:00,0
30329220,24/6/2026 14:00:00,0
30523720,24/6/2026 14:00:00,0
01303A5012,24/6/2026 15:00:00,0
30747635,24/6/2026 14:00:00,0
01303A9007,24/6/2026 15:00:00,0
80720195,24/6/2026 09:00:00,0
01307A9003,24/6/2026 14:00:00,0
30524305,24/6/2026 18:00:00,0
30526200,24/6/2026 18:00:00,0
01303A5012,24/6/2026 14:00:00,0
30329220,24/6/2026 08:00:00,0
30523074,24/6/2026 18:00:00,0
80720195,24/6/2026 15:00:00,0
80720110,24/6/2026 15:00:00,0
30747806,24/6/2026 18:00:00,0
01303A9011,24/6/2026 14:00:00,0
01303A9006,24/6/2026 14:00:00,0
30328225,24/6/2026 09:00:00,0
30523720,24/6/2026 18:00:00,0
30526200,24/6/2026 09:00:00,0
30747530,24/6/2026 14:00:00,0
30325510,24/6/2026 08:01:00,0
01303A9006,24/6/2026 09:00:00,0
01303A9015,24/6/2026 14:00:00,0
30329200,24/6/2026 14:00:00,0
80720195,24/6/2026 08:00:00,0
01307A5016,24/6/2026 15:00:00,0
30746900,24/6/2026 08:00:00,0
80720110,24/6/2026 08:00:00,0
01308A9008,24/6/2026 17:00:00,0
30329200,24/6/2026 08:00:00,0
30322450,24/6/2026 08:00:00,0
01307A5002,24/6/2026 17:00:00,0
01303A5012,24/6/2026 17:00:00,0
30526200,24/6/2026 17:00:00,0
01307A9003,24/6/2026 09:00:00,0
01303A5009,24/6/2026 15:00:00,0
01308A9008,24/6/2026 15:00:00,0
01303A5009,24/6/2026 09:00:00,0
01303A9006,24/6/2026 15:00:00,0
30746900,24/6/2026 17:00:00,0
30747660,24/6/2026 17:00:00,0
01303A5012,24/6/2026 09:00:00,0
30827525,24/6/2026 15:00:00,0
30523074,24/6/2026 08:00:00,0
30746900,24/6/2026 14:00:00,0
01307A5016,24/6/2026 09:00:00,0
30526200,24/6/2026 14:00:00,0
30747400,24/6/2026 15:00:00,0
30522850,24/6/2026 09:00:00,0
30828030,24/6/2026 14:00:00,0
30828030,24/6/2026 18:00:00,0
01308A9008,24/6/2026 09:00:00,0
30522850,24/6/2026 14:00:00,0
80720110,24/6/2026 18:00:00,0
01307A5002,24/6/2026 09:00:00,0
30523074,24/6/2026 09:00:00,0
01303A5008,24/6/2026 09:00:00,0
01303A5008,24/6/2026 14:00:00,0
30748100,24/6/2026 09:00:00,0
30747530,24/6/2026 09:00:00,0
30747530,24/6/2026 15:00:00,0
30747400,24/6/2026 17:00:00,0
30747635,24/6/2026 08:01:00,0
30747635,24/6/2026 18:00:00,0
30524208,24/6/2026 08:00:00,0
01303A5009,24/6/2026 14:00:00,0
30747660,24/6/2026 08:00:00,0
30747806,24/6/2026 08:00:00,0
01303A5012,24/6/2026 08:00:00,0
30325510,24/6/2026 08:00:00,0
80720195,24/6/2026 17:20:00,0.2
80720195,24/6/2026 17:10:00,0.2
80720195,24/6/2026 17:16:00,0.4
80720195,24/6/2026 17:18:00,0.6
80720195,24/6/2026 17:23:00,0.2
30328225,24/6/2026 13:00:00,0
01307A9009,24/6/2026 14:00:00,0
01307A0900,24/6/2026 08:00:00,0
01303A9006,24/6/2026 08:00:00,0
01308A9008,24/6/2026 08:00:00,0
30524305,24/6/2026 14:00:00,0
01303A5008,24/6/2026 08:00:00,0
80720195,24/6/2026 17:08:00,0.2
01303A9015,24/6/2026 08:00:00,0
30523720,24/6/2026 08:00:00,0
30747660,24/6/2026 14:00:00,0
30328270,24/6/2026 13:00:00,0
30524208,24/6/2026 18:00:00,0
01307A9003,24/6/2026 17:00:00,0
30328270,24/6/2026 18:00:00,0
30747400,24/6/2026 08:00:00,0
30522850,24/6/2026 08:00:00,0
30523074,24/6/2026 08:01:00,0
80720110,24/6/2026 17:00:00,0
30325510,24/6/2026 14:00:00,0
30523074,24/6/2026 14:00:00,0
30322450,24/6/2026 14:00:00,0
30823750,24/6/2026 14:00:00,0
30747985,24/6/2026 14:00:00,0
30325150,24/6/2026 14:00:00,0
80720195,24/6/2026 14:00:00,0
30322450,24/6/2026 17:00:00,0
30746900,24/6/2026 18:00:00,0
30524208,24/6/2026 14:00:00,0
30524305,24/6/2026 08:01:00,0
30823750,24/6/2026 18:00:00,0
01303A9015,24/6/2026 15:00:00,0
30524208,24/6/2026 08:01:00,0
30329200,24/6/2026 17:00:00,0
30328225,24/6/2026 18:00:00,0
01303A9007,24/6/2026 17:00:00,0
30748100,24/6/2026 15:00:00,0
01307A9009,24/6/2026 18:00:00,0
30329220,24/6/2026 13:00:00,0
01303A9011,24/6/2026 17:00:00,0
01303A9007,24/6/2026 18:00:00,0
30747635,24/6/2026 08:00:00,0
30747660,24/6/2026 15:00:00,0
30823750,24/6/2026 08:00:00,0
30828030,24/6/2026 08:00:00,0
30328225,24/6/2026 08:00:00,0
01307A9003,24/6/2026 18:00:00,0
30526200,24/6/2026 08:00:00,0
30524305,24/6/2026 08:00:00,0
30747806,24/6/2026 14:00:00,0
01303A9011,24/6/2026 08:00:00,0
30828030,24/6/2026 09:00:00,0
01303A5008,24/6/2026 15:00:00,0
01303A9007,24/6/2026 14:00:00,0
30329220,24/6/2026 07:00:00,0
80720195,24/6/2026 07:00:00,0
01307A0900,24/6/2026 09:00:00,0
30328270,24/6/2026 07:00:00,0
30325150,24/6/2026 13:00:00,0
30524305,24/6/2026 17:00:00,0
30523720,24/6/2026 07:00:00,0
01303A9011,24/6/2026 15:00:00,0
30325150,24/6/2026 08:00:00,0
30747806,24/6/2026 17:00:00,0
30522850,24/6/2026 17:00:00,0
30823750,24/6/2026 17:00:00,0
30827525,24/6/2026 09:00:00,0
30827525,24/6/2026 14:00:00,0
80720110,24/6/2026 07:00:00,0
30523720,24/6/2026 13:00:00,0
01307A0900,24/6/2026 14:00:00,0
30823750,24/6/2026 07:00:00,0
30747530,24/6/2026 17:00:00,0
30748100,24/6/2026 17:00:00,0
01307A5016,24/6/2026 17:00:00,0
30747400,24/6/2026 14:00:00,0
01308A9008,24/6/2026 14:00:00,0
30827525,24/6/2026 17:00:00,0
01307A5016,24/6/2026 14:00:00,0
30828030,24/6/2026 17:00:00,0
30325510,24/6/2026 13:00:00,0
01303A5009,24/6/2026 08:00:00,0
01303A9007,24/6/2026 08:00:00,0
01303A9007,24/6/2026 09:00:00,0
01303A5009,24/6/2026 17:00:00,0
01307A9009,24/6/2026 09:00:00,0
30322450,24/6/2026 13:00:00,0
01303A9011,24/6/2026 09:00:00,0
01303A9015,24/6/2026 09:00:00,0
30325510,24/6/2026 17:00:00,0
01303A9006,24/6/2026 17:00:00,0
30747660,24/6/2026 09:00:00,0
01307A0900,24/6/2026 17:00:00,0
30522850,24/6/2026 15:00:00,0
30524305,24/6/2026 13:00:00,0
01307A5002,24/6/2026 08:00:00,0
30328270,24/6/2026 17:00:00,0
30523720,24/6/2026 17:00:00,0
01307A9009,24/6/2026 13:00:00,0
01307A9003,24/6/2026 08:00:00,0
30747400,24/6/2026 09:00:00,0
30325150,24/6/2026 17:00:00,0
30747400,24/6/2026 13:00:00,0
30747530,24/6/2026 13:00:00,0
30748100,24/6/2026 13:00:00,0
01303A5009,24/6/2026 13:00:00,0
01303A9007,24/6/2026 13:00:00,0
01307A9009,24/6/2026 17:00:00,0
01307A0900,24/6/2026 13:00:00,0
01303A9015,24/6/2026 17:00:00,0
30746900,24/6/2026 13:00:00,0
30827525,24/6/2026 08:00:00,0
30828030,24/6/2026 15:00:00,0
30523074,24/6/2026 13:00:00,0
80720110,24/6/2026 13:00:00,0
80720195,24/6/2026 17:00:00,0
30328225,24/6/2026 07:00:00,0
01307A5016,24/6/2026 08:00:00,0
80720195,24/6/2026 13:00:00,0
30325150,24/6/2026 07:00:00,0
01303A5012,24/6/2026 07:00:00,0
30524305,24/6/2026 07:00:00,0
30746900,24/6/2026 07:00:00,0
30823750,24/6/2026 13:00:00,0
30747530,24/6/2026 08:00:00,0
01307A9009,24/6/2026 07:00:00,0
30328225,24/6/2026 17:00:00,0
01303A5008,24/6/2026 17:00:00,0
30322450,24/6/2026 07:00:00,0
01307A9009,24/6/2026 08:00:00,0
30747635,24/6/2026 13:00:00,0
30747806,24/6/2026 13:00:00,0
30748100,24/6/2026 08:00:00,0
01303A9006,24/6/2026 13:00:00,0
01303A9015,24/6/2026 13:00:00,0
30747985,24/6/2026 13:00:00,0
30746900,24/6/2026 15:00:00,0
30522850,24/6/2026 13:00:00,0
01303A9011,24/6/2026 12:00:00,0
30325150,24/6/2026 12:00:00,0
01308A9008,24/6/2026 13:00:00,0
01307A5016,24/6/2026 07:00:00,0
01308A9008,24/6/2026 07:00:00,0
30747660,24/6/2026 07:00:00,0
30748100,24/6/2026 07:00:00,0
30522850,24/6/2026 07:00:00,0
30828030,24/6/2026 07:00:00,0
01303A9015,24/6/2026 07:00:00,0
30524208,24/6/2026 13:00:00,0
01307A5002,24/6/2026 14:00:00,0
30329220,24/6/2026 17:00:00,0
30747400,24/6/2026 12:00:00,0
30523074,24/6/2026 17:00:00,0
30524208,24/6/2026 17:00:00,0
30747530,24/6/2026 12:00:00,0
30523074,24/6/2026 07:00:00,0
30747660,24/6/2026 12:00:00,0
30747985,24/6/2026 17:00:00,0
30523720,24/6/2026 12:00:00,0
30524208,24/6/2026 07:00:00,0
30328270,24/6/2026 06:00:00,0
30747635,24/6/2026 07:00:00,0
30329220,24/6/2026 06:00:00,0
30827525,24/6/2026 13:00:00,0
30325510,24/6/2026 06:00:00,0
01307A5002,24/6/2026 13:00:00,0
01307A5002,24/6/2026 07:00:00,0
01307A9003,24/6/2026 13:00:00,0
30523074,24/6/2026 06:00:00,0
01303A5009,24/6/2026 07:00:00,0
01307A9003,24/6/2026 15:00:00,0
30523720,24/6/2026 15:00:00,0
30523074,24/6/2026 15:00:00,0
30747635,24/6/2026 17:00:00,0
30747660,24/6/2026 13:00:00,0
01307A5016,24/6/2026 13:00:00,0
30747806,24/6/2026 07:00:00,0
30526200,24/6/2026 13:00:00,0
01303A9007,24/6/2026 07:00:00,0
30329200,24/6/2026 07:00:00,0
30526200,24/6/2026 07:00:00,0
30747985,24/6/2026 07:00:00,0
30828030,24/6/2026 13:00:00,0
30827525,24/6/2026 07:00:00,0
30524305,24/6/2026 12:00:00,0
01307A9003,24/6/2026 12:00:00,0
30746900,24/6/2026 12:00:00,0
30524208,24/6/2026 12:00:00,0
01307A0900,24/6/2026 15:00:00,0
30526200,24/6/2026 12:00:00,0
30522850,24/6/2026 12:00:00,0
01307A0900,24/6/2026 07:00:00,0
01303A9006,24/6/2026 07:00:00,0
30827525,24/6/2026 12:00:00,0
01308A9008,24/6/2026 12:00:00,0
30329200,24/6/2026 12:00:00,0
30748100,24/6/2026 12:00:00,0
01303A9011,24/6/2026 07:00:00,0
30828030,24/6/2026 12:00:00,0
01303A5008,24/6/2026 07:00:00,0
30322450,24/6/2026 06:00:00,0
30747400,24/6/2026 07:00:00,0
01307A9009,24/6/2026 12:00:00,0
80720195,24/6/2026 12:00:00,0
01303A5009,24/6/2026 12:00:00,0
01303A5008,24/6/2026 12:00:00,0
01307A9003,24/6/2026 07:00:00,0
30524305,24/6/2026 06:00:00,0
30523720,24/6/2026 06:00:00,0
30524208,24/6/2026 06:00:00,0
30328225,24/6/2026 06:00:00,0
30329200,24/6/2026 06:00:00,0
01307A5016,24/6/2026 06:00:00,0
80720110,24/6/2026 06:00:00,0
30747635,24/6/2026 06:00:00,0
01303A5012,24/6/2026 12:00:00,0
30523074,24/6/2026 12:00:00,0
30747806,24/6/2026 12:00:00,0
30322450,24/6/2026 12:00:00,0
01303A9015,24/6/2026 12:00:00,0
01303A9007,24/6/2026 06:00:00,0
30329220,24/6/2026 12:00:00,0
30325150,24/6/2026 06:00:00,0
30747635,24/6/2026 12:00:00,0
30747985,24/6/2026 12:00:00,0
01303A5009,24/6/2026 06:00:00,0
30747985,24/6/2026 06:00:00,0
80720110,24/6/2026 12:00:00,0
01303A9007,24/6/2026 12:00:00,0
30747530,24/6/2026 07:00:00,0
30747806,24/6/2026 06:00:00,0
01303A9011,24/6/2026 13:00:00,0
01303A5008,24/6/2026 13:00:00,0
30526200,24/6/2026 06:00:00,0
30746900,24/6/2026 06:00:00,0
80720195,24/6/2026 06:00:00,0
30747660,24/6/2026 06:00:00,0
30748100,24/6/2026 06:00:00,0
01307A0900,24/6/2026 06:00:00,0
30827525,24/6/2026 06:00:00,0
30823750,24/6/2026 06:00:00,0
30828030,24/6/2026 06:00:00,0
01303A9015,24/6/2026 06:00:00,0
30747400,24/6/2026 06:00:00,0
30747530,24/6/2026 06:00:00,0
01307A9009,24/6/2026 06:00:00,0
01303A5009,24/6/2026 20:00:00,0
30328270,24/6/2026 11:00:00,0
01303A9015,24/6/2026 20:00:00,0
30322450,24/6/2026 11:00:00,0
01308A9008,24/6/2026 06:00:00,0
30823750,24/6/2026 11:00:00,0
30325510,24/6/2026 11:00:00,0
01303A9006,24/6/2026 12:00:00,0
01303A5008,24/6/2026 06:00:00,0
30329220,24/6/2026 11:00:00,0
30823750,24/6/2026 20:00:00,0
30328225,24/6/2026 11:00:00,0
30322450,24/6/2026 20:00:00,0
30747806,24/6/2026 11:00:00,0
30524208,24/6/2026 11:00:00,0
30747635,24/6/2026 11:00:00,0
30522850,24/6/2026 06:00:00,0
01303A9006,24/6/2026 06:00:00,0
30523074,24/6/2026 05:00:00,0
30823750,24/6/2026 12:00:00,0
01303A5012,24/6/2026 06:00:00,0
01307A9003,24/6/2026 06:00:00,0
01307A5002,24/6/2026 06:00:00,0
30329220,24/6/2026 05:00:00,0
80720195,24/6/2026 11:00:00,0
30747985,24/6/2026 11:00:00,0
30325510,24/6/2026 12:00:00,0
30523074,24/6/2026 11:00:00,0
30328270,24/6/2026 05:00:00,0
30747985,24/6/2026 05:00:00,0
01307A0900,24/6/2026 12:00:00,0
01307A9009,24/6/2026 20:00:00,0
30523074,24/6/2026 20:00:00,0
01303A9011,24/6/2026 06:00:00,0
30524208,24/6/2026 20:00:00,0
30325510,24/6/2026 05:00:00,0
30328225,24/6/2026 20:00:00,0
30747806,24/6/2026 05:00:00,0
80720195,24/6/2026 20:00:00,0
80720110,24/6/2026 05:00:00,0
01307A5002,24/6/2026 12:00:00,0
30524208,24/6/2026 05:00:00,0
30748100,24/6/2026 11:00:00,0
30328225,24/6/2026 12:00:00,0
01307A0900,24/6/2026 16:00:00,0
01307A5002,24/6/2026 16:00:00,0
30325510,24/6/2026 07:00:00,0
01303A5009,24/6/2026 11:00:00,0
30328270,24/6/2026 12:00:00,0
01308A9008,24/6/2026 16:00:00,0.5
30329200,24/6/2026 13:00:00,0
80720110,24/6/2026 20:00:00,0
01307A0900,24/6/2026 11:00:00,0
01303A9015,24/6/2026 11:00:00,0
01307A5002,24/6/2026 11:00:00,0
30747530,24/6/2026 11:00:00,0
01308A9008,24/6/2026 16:10:00,0.5
30526200,24/6/2026 20:00:00,0
30746900,24/6/2026 20:00:00,0
30828030,24/6/2026 20:00:00,0
30325150,24/6/2026 20:00:00,0
01307A9003,24/6/2026 20:00:00,0
01303A9006,24/6/2026 11:00:00,0
01307A9003,24/6/2026 11:00:00,0
30747660,24/6/2026 11:00:00,0
80720110,24/6/2026 11:00:00,0
30523720,24/6/2026 20:00:00,0
01303A9007,24/6/2026 20:00:00,0
30746900,24/6/2026 11:00:00,0
30329200,24/6/2026 11:00:00,0
30747400,24/6/2026 11:00:00,0
30322450,24/6/2026 05:00:00,0
30325150,24/6/2026 05:00:00,0
30328225,24/6/2026 05:00:00,0
01303A5009,24/6/2026 05:00:00,0
01307A9009,24/6/2026 11:00:00,0
30524305,24/6/2026 20:00:00,0
30325150,24/6/2026 11:00:00,0
30747635,24/6/2026 05:00:00,0
01303A9011,24/6/2026 05:00:00,0
01303A9015,24/6/2026 05:00:00,0
30526200,24/6/2026 11:00:00,0
30747660,24/6/2026 20:00:00,0
30827525,24/6/2026 05:00:00,0
01307A0900,24/6/2026 20:00:00,0
80720195,24/6/2026 05:00:00,0
30747530,24/6/2026 20:00:00,0
30748100,24/6/2026 20:00:00,0
01303A9007,24/6/2026 05:00:00,0
01303A5012,24/6/2026 20:00:00,0
30747400,24/6/2026 20:00:00,0
30329200,24/6/2026 05:00:00,0
01307A5016,24/6/2026 20:00:00,0
01303A9006,24/6/2026 20:00:00,0
80720195,24/6/2026 16:55:00,0.2
01303A9011,24/6/2026 20:00:00,0
01308A9008,24/6/2026 20:00:00,0
30522850,24/6/2026 16:00:00,0
30524305,24/6/2026 05:00:00,0
30523720,24/6/2026 11:00:00,0
30523720,24/6/2026 05:00:00,0
01303A5009,24/6/2026 16:00:00,0
01303A5008,24/6/2026 20:00:00,0
01307A5002,24/6/2026 20:00:00,0
30524305,24/6/2026 11:00:00,0
30522850,24/6/2026 20:00:00,0
30823750,24/6/2026 05:00:00,0
01308A9008,24/6/2026 16:15:00,0.5
01307A5016,24/6/2026 11:00:00,0
30522850,24/6/2026 11:00:00,0
01303A5009,24/6/2026 19:10:00,3.5
30747530,24/6/2026 05:00:00,0
30748100,24/6/2026 05:00:00,0
01303A9011,24/6/2026 11:00:00,0
30827525,24/6/2026 11:00:00,0
30526200,24/6/2026 05:00:00,0
01307A9009,24/6/2026 05:00:00,0
01308A9008,24/6/2026 11:00:00,0
01307A9003,24/6/2026 05:00:00,0
30828030,24/6/2026 11:00:00,0
01308A9008,24/6/2026 05:00:00,0
30329200,24/6/2026 20:00:00,0
30322450,24/6/2026 10:00:00,0
30325150,24/6/2026 10:00:00,0
01303A9006,24/6/2026 05:00:00,0
30828030,24/6/2026 05:00:00,0
30325510,24/6/2026 10:00:00,0
30328270,24/6/2026 10:00:00,0
01307A5016,24/6/2026 05:00:00,0
30747400,24/6/2026 05:00:00,0
30747660,24/6/2026 05:00:00,0
30524208,24/6/2026 19:00:00,0
01307A9003,24/6/2026 19:00:00,0
30523720,24/6/2026 19:00:00,0
01303A9007,24/6/2026 11:00:00,0
01303A5009,24/6/2026 19:05:00,3
30747400,24/6/2026 16:00:00,0
01307A5002,24/6/2026 05:00:00,0
01307A0900,24/6/2026 05:00:00,0
30524305,24/6/2026 19:00:00,0
01303A5008,24/6/2026 05:00:00,0
80720195,24/6/2026 19:00:00,0
80720110,24/6/2026 19:00:00,0
30522850,24/6/2026 05:00:00,0
30748100,24/6/2026 16:00:00,0
30827525,24/6/2026 16:00:00,0
30828030,24/6/2026 16:00:00,0
30746900,24/6/2026 16:00:00,0
01307A9009,24/6/2026 19:00:00,0
01303A5012,24/6/2026 16:00:00,0
30322450,24/6/2026 19:00:00,0
01303A5012,24/6/2026 05:00:00,0
30523074,24/6/2026 10:00:00,0
30747530,24/6/2026 16:00:00,0
30747660,24/6/2026 16:00:00,0
01303A9006,24/6/2026 16:00:00,0
01303A9007,24/6/2026 16:00:00,0
30526200,24/6/2026 16:00:00,0
30329220,24/6/2026 10:00:00,0
01307A9003,24/6/2026 16:00:00,0
01307A9009,24/6/2026 16:00:00,0
30747806,24/6/2026 10:00:00,0
30523720,24/6/2026 10:00:00,0
30329200,24/6/2026 10:00:00,0
30524208,24/6/2026 10:00:00,0
30747660,24/6/2026 10:00:00,0
30524305,24/6/2026 10:00:00,0
30523720,24/6/2026 16:00:00,0
30526200,24/6/2026 10:00:00,0
30524305,24/6/2026 16:00:00,0
30747635,24/6/2026 10:00:00,0
30522850,24/6/2026 10:00:00,0
30328225,24/6/2026 19:00:00,0
30747400,24/6/2026 10:00:00,0
30747530,24/6/2026 10:00:00,0
30747985,24/6/2026 19:00:00,0
01303A5008,24/6/2026 19:00:00,0
01307A5016,24/6/2026 16:00:00,0
01307A5002,24/6/2026 19:00:00,0
30746900,24/6/2026 10:00:00,0
30747806,24/6/2026 19:00:00,0
01303A9011,24/6/2026 19:00:00,0
01308A9008,24/6/2026 19:00:00,0
01307A0900,24/6/2026 19:00:00,0
30329220,24/6/2026 19:00:00,0
30329200,24/6/2026 16:00:00,0
30522850,24/6/2026 19:00:00,0
30328225,24/6/2026 10:00:00,0
01303A9015,24/6/2026 16:00:00,0
30828030,24/6/2026 19:00:00,0
01303A5009,24/6/2026 19:00:00,1
01303A9011,24/6/2026 16:00:00,0
30325510,24/6/2026 19:00:00,0
30523074,24/6/2026 19:00:00,0
01303A5008,24/6/2026 11:00:00,0
01307A5016,24/6/2026 12:00:00,0
01303A5012,24/6/2026 11:00:00,0
30322450,24/6/2026 16:00:00,0
30828030,24/6/2026 10:00:00,0
30325510,24/6/2026 16:00:00,0
01303A9015,24/6/2026 19:00:00,0
30328270,24/6/2026 16:00:00,0
01303A9006,24/6/2026 19:00:00,0
30823750,24/6/2026 10:00:00,0
30747635,24/6/2026 19:00:00,0
01303A5012,24/6/2026 19:00:00,0
01303A5008,24/6/2026 16:00:00,0
30823750,24/6/2026 19:00:00,0
30328270,24/6/2026 19:00:00,0
30748100,24/6/2026 10:00:00,0
30746900,24/6/2026 05:00:00,0
30827525,24/6/2026 10:00:00,0
30329220,24/6/2026 16:00:00,0
30747985,24/6/2026 10:00:00,0
30523074,24/6/2026 16:00:00,0
01303A5008,24/6/2026 10:00:00,0
80720110,24/6/2026 10:00:00,0
80720195,24/6/2026 10:00:00,0
01303A5012,24/6/2026 10:00:00,0
30748100,24/6/2026 19:00:00,0
30524208,24/6/2026 16:00:00,0
01308A9008,24/6/2026 10:00:00,0
30747806,24/6/2026 16:00:00,0
30827525,24/6/2026 19:00:00,0
01307A5016,24/6/2026 10:00:00,0
01307A5016,24/6/2026 19:00:00,0
01303A5009,24/6/2026 10:00:00,0
30747985,24/6/2026 16:00:00,0
30747400,24/6/2026 19:00:00,0
80720110,24/6/2026 16:00:00,0
30325510,24/6/2026 15:00:00,0
30328270,24/6/2026 15:00:00,0
01307A5002,24/6/2026 10:00:00,0
30524208,24/6/2026 15:00:00,0
30747530,24/6/2026 19:00:00,0
30747806,24/6/2026 15:00:00,0
30328225,24/6/2026 15:00:00,0
30322450,24/6/2026 15:00:00,0
30747985,24/6/2026 15:00:00,0
01303A9007,24/6/2026 19:00:00,0
30325150,24/6/2026 15:00:00,0
30329220,24/6/2026 15:00:00,0
30329220,24/6/2026 09:00:00,0
30325510,24/6/2026 09:00:00,0
01307A0900,24/6/2026 10:00:00,0
01303A9007,24/6/2026 10:00:00,0
30329200,24/6/2026 19:00:00,0
30526200,24/6/2026 19:00:00,0
30823750,24/6/2026 15:00:00,0
30746900,24/6/2026 19:00:00,0
01307A9003,24/6/2026 10:00:00,0
30747660,24/6/2026 19:00:00,0
30747985,24/6/2026 09:00:00,0
30747635,24/6/2026 15:00:00,0
01307A5016,24/6/2026 18:00:00,0
30328225,24/6/2026 16:00:00,0
30523720,24/6/2026 09:00:00,0
01308A9008,24/6/2026 18:00:00,0
80720195,24/6/2026 18:00:00,0
01303A9011,24/6/2026 10:00:00,0
30524208,24/6/2026 09:00:00,0
30747635,24/6/2026 09:00:00,0
30328270,24/6/2026 09:00:00,0
30747660,24/6/2026 18:00:00,0
30747635,24/6/2026 16:00:00,0
30522850,24/6/2026 18:00:00,0
30823750,24/6/2026 09:00:00,0
01303A9006,24/6/2026 18:00:00,0
01307A0900,24/6/2026 18:00:00,0
30747806,24/6/2026 09:00:00,0
01303A9006,24/6/2026 10:00:00,0
01303A9011,24/6/2026 18:00:00,0
30747530,24/6/2026 18:00:00,0
01307A5002,24/6/2026 18:00:00,0
30748100,24/6/2026 18:00:00,0
30827525,24/6/2026 18:00:00,0
30823750,24/6/2026 16:00:00,0
01303A5008,24/6/2026 18:00:00,0
01303A9015,24/6/2026 10:00:00,0
01307A9009,24/6/2026 10:00:00,0
30325150,24/6/2026 19:00:00,0
01303A9015,24/6/2026 18:00:00,0
30325150,24/6/2026 16:00:00,0
30827525,24/6/2026 20:00:00,0
01303A5012,24/6/2026 13:00:00,0
30325150,24/6/2026 18:00:00,0
01303A5012,24/6/2026 18:00:00,0
30524305,24/6/2026 15:00:00,0
01307A9009,24/6/2026 15:00:00,0
30329200,24/6/2026 18:00:00,0
01303A5009,24/6/2026 18:00:00,0
30747400,24/6/2026 18:00:00,0
80720195,24/6/2026 16:00:00,0
30329200,24/6/2026 15:00:00,0
30524240,24/6/2026 14:00:00,0
30524240,24/6/2026 18:00:00,0
30329150,24/6/2026 14:00:00,0
30522824,24/6/2026 14:00:00,0
82020010,24/6/2026 14:00:00,0
30524212,24/6/2026 14:00:00,0
80720115,24/6/2026 14:00:00,0
82020005,24/6/2026 14:00:00,0
30522985,24/6/2026 14:00:00,0
30525510,24/6/2026 14:00:00,0
30827400,24/6/2026 18:00:00,0
30827400,24/6/2026 08:01:00,0
30524307,24/6/2026 08:01:00,0
30522985,24/6/2026 08:01:00,0
01307A5013,24/6/2026 18:00:00,0
30522985,24/6/2026 08:00:00,0
30746000,24/6/2026 14:00:00,0
30746000,24/6/2026 08:00:00,0
30524212,24/6/2026 18:00:00,0
30328075,24/6/2026 14:00:00,0
30328075,24/6/2026 18:00:00,0
80720115,24/6/2026 18:00:00,0
30827980,24/6/2026 08:00:00,0
30522824,24/6/2026 08:00:00,0
30324730,24/6/2026 18:00:00,0
30524240,24/6/2026 08:00:00,0
30526050,24/6/2026 14:00:00,0
30329700,24/6/2026 14:00:00,0
82020055,24/6/2026 14:00:00,0
30746450,24/6/2026 14:00:00,0
30524307,24/6/2026 14:00:00,0
01308A9010,24/6/2026 14:00:00,0
30747325,24/6/2026 14:00:00,0
30827980,24/6/2026 14:00:00,0
30323850,24/6/2026 14:00:00,0
30827980,24/6/2026 18:00:00,0
30522824,24/6/2026 18:00:00,0
30523780,24/6/2026 14:00:00,0
30324730,24/6/2026 14:00:00,0
30325000,24/6/2026 14:00:00,0
30523780,24/6/2026 18:00:00,0
30330800,24/6/2026 14:00:00,0
01307A5013,24/6/2026 14:00:00,0
30523780,24/6/2026 08:00:00,0
01307A5010,24/6/2026 14:00:00,0
82020060,24/6/2026 14:00:00,0
30827430,24/6/2026 14:00:00,0
30524307,24/6/2026 18:00:00,0
82020060,24/6/2026 08:00:00,0
82020005,24/6/2026 18:00:00,0
30329150,24/6/2026 18:00:00,0
30525510,24/6/2026 18:00:00,0
30523780,24/6/2026 08:01:00,0
82020055,24/6/2026 08:00:00,0
30524212,24/6/2026 08:00:00,0
30746200,24/6/2026 14:00:00,0
30827540,24/6/2026 14:00:00,0
82020005,24/6/2026 08:00:00,0
30827540,24/6/2026 17:00:00,0
01308A9010,24/6/2026 17:00:00,0
30524307,24/6/2026 08:00:00,0
30747880,24/6/2026 08:00:00,0
30525510,24/6/2026 08:00:00,0
30827400,24/6/2026 08:00:00,0
01307A5010,24/6/2026 08:00:00,0
30324730,24/6/2026 08:00:00,0
30330800,24/6/2026 17:00:00,0
30328075,24/6/2026 08:00:00,0
30745600,24/6/2026 17:00:00,0
82020010,24/6/2026 08:00:00,0
01303A9000,24/6/2026 17:00:00,0
30330800,24/6/2026 08:00:00,0
01303A9000,24/6/2026 08:00:00,0
80720115,24/6/2026 08:00:00,0
01308A9010,24/6/2026 08:00:00,0
30323850,24/6/2026 08:00:00,0
01307A5013,24/6/2026 08:00:00,0
30524200,24/6/2026 08:00:00,0
30746200,24/6/2026 08:00:00,0
30746450,24/6/2026 08:00:00,0
30747780,24/6/2026 08:00:00,0
82020060,24/6/2026 13:00:00,0
30328075,24/6/2026 13:00:00,0
30524212,24/6/2026 17:00:00,0
30523780,24/6/2026 13:00:00,0
30524240,24/6/2026 17:00:00,0
01303A9000,24/6/2026 14:00:00,0
30525510,24/6/2026 17:00:00,0
30827980,24/6/2026 13:00:00,0
30524200,24/6/2026 17:00:00,0
30747325,24/6/2026 13:00:00,0
30325000,24/6/2026 08:00:00,0
30524307,24/6/2026 13:00:00,0
30329700,24/6/2026 08:00:00,0
01307A5004,24/6/2026 14:00:00,0
30324730,24/6/2026 13:00:00,0
30747780,24/6/2026 14:00:00,0
30827430,24/6/2026 17:00:00,0
30746200,24/6/2026 17:00:00,0
82020055,24/6/2026 13:00:00,0
01307A5013,24/6/2026 17:00:00,0
01307A5004,24/6/2026 08:00:00,0
30746450,24/6/2026 17:00:00,0
01307A5010,24/6/2026 17:00:00,0
30827430,24/6/2026 08:00:00,0
30745600,24/6/2026 08:00:00,0
80720115,24/6/2026 17:00:00,0
30827540,24/6/2026 08:00:00,0
30827400,24/6/2026 13:00:00,0
82020010,24/6/2026 17:00:00,0
82020005,24/6/2026 17:00:00,0
30746000,24/6/2026 17:00:00,0
82020055,24/6/2026 17:00:00,0
82020060,24/6/2026 17:00:00,0
30524240,24/6/2026 13:00:00,0
30522824,24/6/2026 13:00:00,0
30747880,24/6/2026 13:00:00,0
30522985,24/6/2026 13:00:00,0
30524240,24/6/2026 07:00:00,0
30329150,24/6/2026 17:00:00,0
30524307,24/6/2026 07:00:00,0
30747880,24/6/2026 07:00:00,0
30522824,24/6/2026 07:00:00,0
30323850,24/6/2026 17:00:00,0
30525510,24/6/2026 13:00:00,0
30526050,24/6/2026 13:00:00,0
30746000,24/6/2026 13:00:00,0
82020005,24/6/2026 13:00:00,0
30329150,24/6/2026 13:00:00,0
30526050,24/6/2026 17:00:00,0
30747325,24/6/2026 17:00:00,0
01307A5010,24/6/2026 07:00:00,0
30827980,24/6/2026 17:00:00,0
30522985,24/6/2026 17:00:00,0
01307A5004,24/6/2026 17:00:00,0
30747325,24/6/2026 07:00:00,0
30827400,24/6/2026 07:00:00,0
30525510,24/6/2026 07:00:00,0
30324730,24/6/2026 07:00:00,0
30524307,24/6/2026 17:00:00,0
30524212,24/6/2026 07:00:00,0
30827980,24/6/2026 07:00:00,0
30329150,24/6/2026 07:00:00,0
01307A5013,24/6/2026 13:00:00,0
30325000,24/6/2026 17:00:00,0
30747780,24/6/2026 17:00:00,0
82020010,24/6/2026 13:00:00,0
30524212,24/6/2026 13:00:00,0
80720115,24/6/2026 13:00:00,0
30329700,24/6/2026 17:00:00,0
30323850,24/6/2026 13:00:00,0
30747880,24/6/2026 17:00:00,0
30524200,24/6/2026 13:00:00,0
80720115,24/6/2026 07:00:00,0
30329700,24/6/2026 13:00:00,0
30325000,24/6/2026 13:00:00,0
01307A5004,24/6/2026 13:00:00,0
30330800,24/6/2026 13:00:00,0
30522985,24/6/2026 07:00:00,0
30827400,24/6/2026 17:00:00,0
30745600,24/6/2026 13:00:00,0
30324730,24/6/2026 17:00:00,0
30328075,24/6/2026 17:00:00,0
30746000,24/6/2026 07:00:00,0
30746450,24/6/2026 13:00:00,0
30329150,24/6/2026 08:00:00,0
30827430,24/6/2026 13:00:00,0
30523780,24/6/2026 07:00:00,0
30524200,24/6/2026 14:00:00,0
30746200,24/6/2026 13:00:00,0
30328075,24/6/2026 07:00:00,0
30746450,24/6/2026 07:00:00,0
30325000,24/6/2026 07:00:00,0
82020005,24/6/2026 07:00:00,0
30746200,24/6/2026 07:00:00,0
82020060,24/6/2026 07:00:00,0
01307A5013,24/6/2026 07:00:00,0
30323850,24/6/2026 07:00:00,0
30747780,24/6/2026 13:00:00,0
30329700,24/6/2026 07:00:00,0
01307A5010,24/6/2026 13:00:00,0
30526050,24/6/2026 07:00:00,0
82020055,24/6/2026 12:00:00,0
82020010,24/6/2026 12:00:00,0
30827540,24/6/2026 07:00:00,0
30745600,24/6/2026 07:00:00,0
30523780,24/6/2026 17:00:00,0
01307A5004,24/6/2026 07:00:00,0
01303A9000,24/6/2026 13:00:00,0
30524240,24/6/2026 06:00:00,0
30522824,24/6/2026 17:00:00,0
30330800,24/6/2026 07:00:00,0
30827540,24/6/2026 13:00:00,0
30747780,24/6/2026 07:00:00,0
30526050,24/6/2026 08:00:00,0
01307A5010,24/6/2026 12:00:00,0
30525510,24/6/2026 06:00:00,0
01303A9000,24/6/2026 07:00:00,0
30827430,24/6/2026 07:00:00,0
01307A5004,24/6/2026 12:00:00,0
30330800,24/6/2026 12:00:00,0
30522824,24/6/2026 06:00:00,0
30827540,24/6/2026 12:00:00,0
01308A9010,24/6/2026 12:00:00,0
01303A9000,24/6/2026 12:00:00,0
30325000,24/6/2026 12:00:00,0
30323850,24/6/2026 12:00:00,0
30745600,24/6/2026 12:00:00,0
30746200,24/6/2026 12:00:00,0
30329700,24/6/2026 12:00:00,0
30524200,24/6/2026 07:00:00,0
01308A9010,24/6/2026 07:00:00,0
30827430,24/6/2026 12:00:00,0
30324730,24/6/2026 06:00:00,0
30522985,24/6/2026 06:00:00,0
30323850,24/6/2026 06:00:00,0
01308A9010,24/6/2026 13:00:00,0
30745600,24/6/2026 14:00:00,0
30746450,24/6/2026 12:00:00,0
82020010,24/6/2026 07:00:00,0
30329150,24/6/2026 06:00:00,0
30524240,24/6/2026 11:00:00,0
30526050,24/6/2026 12:00:00,0
30827400,24/6/2026 06:00:00,0
30747325,24/6/2026 12:00:00,0
30827980,24/6/2026 06:00:00,0
82020005,24/6/2026 12:00:00,0
30524200,24/6/2026 12:00:00,0
30827980,24/6/2026 12:00:00,0
30747880,24/6/2026 06:00:00,0
30328075,24/6/2026 12:00:00,0
30747325,24/6/2026 06:00:00,0
30329150,24/6/2026 12:00:00,0
30524212,24/6/2026 06:00:00,0
30324730,24/6/2026 12:00:00,0
30524307,24/6/2026 12:00:00,0
30526050,24/6/2026 06:00:00,0
30747880,24/6/2026 12:00:00,0
30524212,24/6/2026 12:00:00,0
82020060,24/6/2026 12:00:00,0
30746000,24/6/2026 06:00:00,0
30524307,24/6/2026 06:00:00,0
30328075,24/6/2026 06:00:00,0
30524240,24/6/2026 12:00:00,0
01303A9000,24/6/2026 06:00:00,0
80720115,24/6/2026 06:00:00,0
30523780,24/6/2026 06:00:00,0
30524212,24/6/2026 08:01:00,0
30827540,24/6/2026 06:00:00,0
30747325,24/6/2026 08:00:00,0
01307A5013,24/6/2026 12:00:00,0
30524200,24/6/2026 06:00:00,0
01307A5004,24/6/2026 06:00:00,0
01307A5013,24/6/2026 06:00:00,0
80720115,24/6/2026 12:00:00,0
30525510,24/6/2026 12:00:00,0
30746000,24/6/2026 12:00:00,0
30827980,24/6/2026 20:00:00,0
30827400,24/6/2026 12:00:00,0
80720115,24/6/2026 20:00:00,0
82020055,24/6/2026 20:00:00,0
30827400,24/6/2026 20:00:00,0
30827430,24/6/2026 06:00:00,0
01308A9010,24/6/2026 06:00:00,0
30522985,24/6/2026 11:00:00,0
30522824,24/6/2026 12:00:00,0
30522824,24/6/2026 11:00:00,0
82020005,24/6/2026 06:00:00,0
30330800,24/6/2026 06:00:00,0
30746200,24/6/2026 06:00:00,0
01307A5013,24/6/2026 11:00:00,0
30525510,24/6/2026 11:00:00,0
82020010,24/6/2026 11:00:00,0
30523780,24/6/2026 11:00:00,0
30747780,24/6/2026 06:00:00,0
30526050,24/6/2026 11:00:00,0
30747780,24/6/2026 05:15:00,0
30524307,24/6/2026 11:00:00,0
30747325,24/6/2026 11:00:00,0
30827980,24/6/2026 11:00:00,0
82020005,24/6/2026 11:00:00,0
30827400,24/6/2026 11:00:00,0
30747880,24/6/2026 05:00:00,0
01307A5010,24/6/2026 06:00:00,0
82020055,24/6/2026 11:00:00,0
30746000,24/6/2026 11:00:00,0
30325000,24/6/2026 06:00:00,0
30746000,24/6/2026 05:00:00,0
30523780,24/6/2026 05:00:00,0
30525510,24/6/2026 05:00:00,0
30526050,24/6/2026 05:00:00,0
30746450,24/6/2026 06:00:00,0
30745600,24/6/2026 06:00:00,0
30524240,24/6/2026 05:00:00,0
01307A5004,24/6/2026 20:00:00,0
30524307,24/6/2026 05:00:00,0
30524212,24/6/2026 20:00:00,0
30526050,24/6/2026 20:00:00,0
30329150,24/6/2026 20:00:00,0
30522824,24/6/2026 05:00:00,0
82020005,24/6/2026 20:00:00,0
82020010,24/6/2026 20:00:00,0
30329700,24/6/2026 20:00:00,0
80720115,24/6/2026 05:00:00,0
82020060,24/6/2026 20:00:00,0
30522985,24/6/2026 05:00:00,0
82020010,24/6/2026 06:00:00,0
30747880,24/6/2026 11:00:00,0
30746450,24/6/2026 11:00:00,0
01307A5010,24/6/2026 11:00:00,0
80720115,24/6/2026 11:00:00,0
30746000,24/6/2026 20:00:00,0
30324730,24/6/2026 11:00:00,0
30827400,24/6/2026 05:00:00,0
30524212,24/6/2026 11:00:00,0
82020060,24/6/2026 05:00:00,0
30827980,24/6/2026 05:00:00,0
30524200,24/6/2026 20:00:00,0
30323850,24/6/2026 11:00:00,0
01307A5004,24/6/2026 11:00:00,0
30522824,24/6/2026 08:01:00,0
30747325,24/6/2026 20:00:00,0
01308A9010,24/6/2026 11:00:00,0
30522985,24/6/2026 12:00:00,0
82020010,24/6/2026 05:00:00,0
30746200,24/6/2026 11:00:00,0
30325000,24/6/2026 11:00:00,0
30328075,24/6/2026 11:00:00,0
82020060,24/6/2026 11:00:00,0
82020055,24/6/2026 05:00:00,0
82020005,24/6/2026 05:00:00,0
30324730,24/6/2026 05:00:00,0
30323850,24/6/2026 05:00:00,0
30330800,24/6/2026 20:00:00,0
30325000,24/6/2026 05:00:00,0
30328075,24/6/2026 05:00:00,0
30745600,24/6/2026 20:00:00,0
30746200,24/6/2026 20:00:00,0
30747780,24/6/2026 16:00:00,0
30330775,24/6/2026 20:00:00,0
30329150,24/6/2026 11:00:00,0
01307A5010,24/6/2026 20:00:00,0
30329150,24/6/2026 05:00:00,0
30746450,24/6/2026 20:00:00,0
30329700,24/6/2026 05:00:00,0
30524212,24/6/2026 05:00:00,0
30747325,24/6/2026 05:00:00,0
01303A9000,24/6/2026 05:00:00,0
30325000,24/6/2026 20:00:00,0
30324730,24/6/2026 10:00:00,0
01303A9000,24/6/2026 20:00:00,0
01307A5004,24/6/2026 05:00:00,0
01307A5013,24/6/2026 05:00:00,0
30330800,24/6/2026 11:00:00,0
01307A5013,24/6/2026 20:00:00,0
01307A5013,24/6/2026 16:00:00,0
30329700,24/6/2026 11:00:00,0
30827540,24/6/2026 05:00:00,0
01308A9010,24/6/2026 20:00:00,0
01307A5004,24/6/2026 16:00:00,0
30827540,24/6/2026 11:00:00,0
82020010,24/6/2026 19:00:00,0
01308A9010,24/6/2026 16:00:00,0
30827430,24/6/2026 20:00:00,0
30747780,24/6/2026 20:00:00,0
30325000,24/6/2026 10:00:00,0
30328075,24/6/2026 10:00:00,0
30323850,24/6/2026 10:00:00,0
30747780,24/6/2026 11:00:00,0
30745600,24/6/2026 05:00:00,0
30827540,24/6/2026 20:00:00,0
01307A5010,24/6/2026 05:00:00,0
30746200,24/6/2026 05:00:00,0
30827430,24/6/2026 05:00:00,0
30827400,24/6/2026 19:00:00,0
30747780,24/6/2026 05:00:00,0
30524307,24/6/2026 19:00:00,0
01308A9010,24/6/2026 05:00:00,0
30526050,24/6/2026 19:00:00,0
82020055,24/6/2026 19:00:00,0
82020060,24/6/2026 19:00:00,0
30746450,24/6/2026 05:00:00,0
30524200,24/6/2026 11:00:00,0
30329700,24/6/2026 16:00:00,0
01307A5010,24/6/2026 16:00:00,0
30746450,24/6/2026 16:00:00,0
30329150,24/6/2026 10:00:00,0
82020005,24/6/2026 19:00:00,0
80720115,24/6/2026 19:00:00,0
30324730,24/6/2026 19:00:00,0
30330800,24/6/2026 05:00:00,0
30526050,24/6/2026 10:00:00,0
30745600,24/6/2026 16:00:00,0
30330800,24/6/2026 16:00:00,0
30827540,24/6/2026 16:00:00,0
30330800,24/6/2026 10:00:00,0
30523780,24/6/2026 19:00:00,0
30746200,24/6/2026 16:00:00,0
30524200,24/6/2026 05:00:00,0
30329700,24/6/2026 06:00:00,0
30524212,24/6/2026 19:00:00,0
30325000,24/6/2026 16:00:00,0
30323850,24/6/2026 20:00:00,0
30746200,24/6/2026 10:00:00,0
30827430,24/6/2026 11:00:00,0
30522824,24/6/2026 10:00:00,0
30522985,24/6/2026 10:00:00,0
30524307,24/6/2026 10:00:00,0
30827980,24/6/2026 19:00:00,0
30523780,24/6/2026 10:00:00,0
30747880,24/6/2026 19:00:00,0
30525510,24/6/2026 19:00:00,0
30329700,24/6/2026 10:00:00,0
30524240,24/6/2026 10:00:00,0
30746450,24/6/2026 10:00:00,0
30747325,24/6/2026 10:00:00,0
30524200,24/6/2026 10:00:00,0
30330775,24/6/2026 19:00:00,0
01308A9010,24/6/2026 19:00:00,0
30524212,24/6/2026 10:00:00,0
30747780,24/6/2026 19:00:00,0
82020010,24/6/2026 16:00:00,0
30747780,24/6/2026 10:00:00,0
30526050,24/6/2026 16:00:00,0
82020055,24/6/2026 16:00:00,0
30323850,24/6/2026 16:00:00,0
30330800,24/6/2026 19:00:00,0
01307A5013,24/6/2026 19:00:00,0
30747325,24/6/2026 19:00:00,0
30747880,24/6/2026 10:00:00,0
82020005,24/6/2026 16:00:00,0
82020060,24/6/2026 16:00:00,0
30329150,24/6/2026 19:00:00,0
30827980,24/6/2026 16:00:00,0
80720115,24/6/2026 16:00:00,0
30525510,24/6/2026 16:00:00,0
30522985,24/6/2026 19:00:00,0
01303A9000,24/6/2026 16:00:00,0
30525510,24/6/2026 10:00:00,0
30827400,24/6/2026 16:00:00,0
82020010,24/6/2026 10:00:00,0
30747325,24/6/2026 16:00:00,0
30827540,24/6/2026 10:00:00,0
30522824,24/6/2026 19:00:00,0
30524212,24/6/2026 16:00:00,0
30746000,24/6/2026 16:00:00,0
82020005,24/6/2026 10:00:00,0
30746000,24/6/2026 10:00:00,0
30827980,24/6/2026 10:00:00,0
30827430,24/6/2026 10:00:00,0
30745600,24/6/2026 10:00:00,0
80720115,24/6/2026 10:00:00,0
01303A9000,24/6/2026 10:00:00,0
82020055,24/6/2026 10:00:00,0
01307A5004,24/6/2026 10:00:00,0
30747880,24/6/2026 16:00:00,0
30329700,24/6/2026 19:00:00,0
01307A5010,24/6/2026 19:00:00,0
30522824,24/6/2026 15:00:00,0
30745600,24/6/2026 19:00:00,0
30827400,24/6/2026 10:00:00,0
30746200,24/6/2026 19:00:00,0
30324730,24/6/2026 16:00:00,0
30522824,24/6/2026 16:00:00,0
30827430,24/6/2026 19:00:00,0
30323850,24/6/2026 19:00:00,0
82020060,24/6/2026 10:00:00,0
30328075,24/6/2026 16:00:00,0
30329150,24/6/2026 16:00:00,0
30827540,24/6/2026 19:00:00,0
30746450,24/6/2026 19:00:00,0
30746000,24/6/2026 19:00:00,0
30328075,24/6/2026 19:00:00,0
30523780,24/6/2026 16:00:00,0
30827430,24/6/2026 16:00:00,0
30746000,24/6/2026 15:00:00,0
01308A9010,24/6/2026 10:00:00,0
30524240,24/6/2026 15:00:00,0
01307A5013,24/6/2026 10:00:00,0
30524240,24/6/2026 16:00:00,0
30325000,24/6/2026 19:00:00,0
30324730,24/6/2026 15:00:00,0
01308A9010,24/6/2026 18:00:00,0
30329700,24/6/2026 18:00:00,0
30747780,24/6/2026 18:00:00,0
30746200,24/6/2026 18:00:00,0
30328075,24/6/2026 15:00:00,0
30827400,24/6/2026 15:00:00,0
30745600,24/6/2026 11:00:00,0
30522985,24/6/2026 15:00:00,0
30525510,24/6/2026 15:00:00,0
30526050,24/6/2026 15:00:00,0
30522985,24/6/2026 09:00:00,0
30522985,24/6/2026 16:00:00,0
30523780,24/6/2026 15:00:00,0
01307A5004,24/6/2026 19:00:00,0
30329150,24/6/2026 15:00:00,0
30747880,24/6/2026 09:00:00,0
30524240,24/6/2026 19:00:00,0
30525510,24/6/2026 09:00:00,0
30827400,24/6/2026 09:00:00,0
30524240,24/6/2026 09:00:00,0
30523780,24/6/2026 09:00:00,0
82020055,24/6/2026 06:00:00,0
30827980,24/6/2026 09:00:00,0
30827430,24/6/2026 18:00:00,0
01303A9000,24/6/2026 18:00:00,0
30747880,24/6/2026 15:00:00,0
01307A5010,24/6/2026 10:00:00,0
30524212,24/6/2026 09:00:00,0
30524200,24/6/2026 16:00:00,0
82020060,24/6/2026 15:00:00,0
30524307,24/6/2026 09:00:00,0
82020055,24/6/2026 15:00:00,0
30522824,24/6/2026 09:00:00,0
82020010,24/6/2026 15:00:00,0
30524200,24/6/2026 19:00:00,0
30325000,24/6/2026 15:00:00,0
30329700,24/6/2026 15:00:00,0
30328075,24/6/2026 09:00:00,0
82020005,24/6/2026 15:00:00,0
01303A9000,24/6/2026 09:00:00,0
82020060,24/6/2026 09:00:00,0
30746000,24/6/2026 09:00:00,0
82020005,24/6/2026 09:00:00,0
30323850,24/6/2026 09:00:00,0
82020010,24/6/2026 09:00:00,0
30323850,24/6/2026 15:00:00,0
30747325,24/6/2026 09:00:00,0
30324730,24/6/2026 09:00:00,0
80720115,24/6/2026 09:00:00,0
30524212,24/6/2026 15:00:00,0
01307A5010,24/6/2026 18:00:00,0
30524307,24/6/2026 15:00:00,0
30746450,24/6/2026 18:00:00,0
30330800,24/6/2026 15:00:00,0
30329150,24/6/2026 09:00:00,0
30524200,24/6/2026 15:00:00,0
30526050,24/6/2026 18:00:00,0
82020055,24/6/2026 09:00:00,0
30827540,24/6/2026 15:00:00,0
80720115,24/6/2026 15:00:00,0
01308A9010,24/6/2026 15:00:00,0
30526050,24/6/2026 09:00:00,0
82020010,24/6/2026 18:00:00,0
30747780,24/6/2026 15:00:00,0
82020060,24/6/2026 18:00:00,0
30827400,24/6/2026 14:00:00,0
30747325,24/6/2026 15:00:00,0
01307A5010,24/6/2026 09:00:00,0
30323850,24/6/2026 18:00:00,0
30746450,24/6/2026 09:00:00,0
30745600,24/6/2026 18:00:00,0
82020055,24/6/2026 18:00:00,0
30747880,24/6/2026 18:00:00,0
30827540,24/6/2026 18:00:00,0
30329700,24/6/2026 09:00:00,0
01307A5004,24/6/2026 18:00:00,0
01307A5013,24/6/2026 15:00:00,0
01303A9000,24/6/2026 15:00:00,0
30745600,24/6/2026 15:00:00,0
30524200,24/6/2026 09:00:00,0
01307A5004,24/6/2026 15:00:00,0
01307A5013,24/6/2026 09:00:00,0
01307A5010,24/6/2026 15:00:00,0
01307A5004,24/6/2026 09:00:00,0
30325000,24/6/2026 09:00:00,0
30827430,24/6/2026 09:00:00,0
30827540,24/6/2026 09:00:00,0
30747780,24/6/2026 09:00:00,0
30827980,24/6/2026 15:00:00,0
30747880,24/6/2026 14:00:00,0
30827430,24/6/2026 15:00:00,0
30746200,24/6/2026 15:00:00,0
30745600,24/6/2026 09:00:00,0
30330800,24/6/2026 09:00:00,0
01308A9010,24/6/2026 09:00:00,0
30746450,24/6/2026 15:00:00,0
30330775,24/6/2026 18:00:00,0
30746000,24/6/2026 18:00:00,0
30747325,24/6/2026 18:00:00,0
82020060,24/6/2026 06:00:00,0
30325000,24/6/2026 18:00:00,0
30746200,24/6/2026 09:00:00,0
30747780,24/6/2026 12:00:00,0
30330800,24/6/2026 18:00:00,0
30524307,24/6/2026 16:00:00,0
30524200,24/6/2026 18:00:00,0
82020055,24/6/2026 07:00:00,0
01303A9000,24/6/2026 11:00:00,0
30523780,24/6/2026 12:00:00,0
30522985,24/6/2026 18:00:00,0
30328050,24/6/2026 11:00:00,0
30322455,24/6/2026 11:00:00,0
30748070,24/6/2026 11:00:00,0
30748070,24/6/2026 20:00:00,0
01308A9014,24/6/2026 20:00:00,0
01307A9006,24/6/2026 06:00:00,0
30827200,24/6/2026 20:00:00,0
80120270,24/6/2026 11:00:00,0
01307A5018,24/6/2026 06:00:00,0
30522400,24/6/2026 20:00:00,0
30745930,24/6/2026 11:00:00,0
30521945,24/6/2026 20:00:00,0
82020050,24/6/2026 11:00:00,0
30521600,24/6/2026 20:00:00,0
30330300,24/6/2026 11:00:00,0
01303A5016,24/6/2026 11:00:00,0
80720135,24/6/2026 20:00:00,0
80720180,24/6/2026 11:00:00,0
30523740,24/6/2026 11:00:00,0
80720135,24/6/2026 11:00:00,0
30523070,24/6/2026 11:00:00,0
30420800,24/6/2026 20:00:00,0
01307A5018,24/6/2026 11:00:00,0
01307A9006,24/6/2026 11:00:00,0
30747200,24/6/2026 11:00:00,0
30521600,24/6/2026 11:00:00,0
30521300,24/6/2026 11:00:00,0
01308A9014,24/6/2026 06:00:00,0
30522310,24/6/2026 06:00:00,0
01307A5001,24/6/2026 05:35:00,0.5
30524000,24/6/2026 06:00:00,0
30521100,24/6/2026 06:00:00,0
30330300,24/6/2026 05:00:00,0
30522400,24/6/2026 11:00:00,0
82020045,24/6/2026 11:00:00,0
80420320,24/6/2026 11:00:00,0
30523070,24/6/2026 05:00:00,0
30523960,24/6/2026 11:00:00,0
30748210,24/6/2026 06:00:00,0
30322455,24/6/2026 05:00:00,0
01303A5016,24/6/2026 06:00:00,0
82020045,24/6/2026 05:00:00,0
30328050,24/6/2026 05:00:00,0
30521945,24/6/2026 05:00:00,0
30328275,24/6/2026 05:00:00,0
30748070,24/6/2026 05:00:00,0
30745930,24/6/2026 05:00:00,0
30339650,24/6/2026 05:00:00,0
30746230,24/6/2026 06:00:00,0
01303A5016,24/6/2026 20:00:00,0
30523900,24/6/2026 20:00:00,0
01307A5017,24/6/2026 20:00:00,0
30748210,24/6/2026 20:00:00,0
80620355,24/6/2026 20:00:00,0
30748700,24/6/2026 20:00:00,0
80120270,24/6/2026 20:00:00,0
82020045,24/6/2026 20:00:00,0
01307A5001,24/6/2026 20:00:00,0
01307A9006,24/6/2026 20:00:00,0
01303A5013,24/6/2026 20:00:00,0
30523960,24/6/2026 20:00:00,0
30748700,24/6/2026 05:00:00,0
80420320,24/6/2026 20:00:00,0
82020050,24/6/2026 20:00:00,0
30521300,24/6/2026 20:00:00,0
30521100,24/6/2026 20:00:00,0
30522310,24/6/2026 20:00:00,0
30523740,24/6/2026 05:00:00,0
30524000,24/6/2026 20:00:00,0
01303A9012,24/6/2026 05:00:00,0
01307A9008,24/6/2026 06:00:00,0
80720135,24/6/2026 05:00:00,0
30827200,24/6/2026 05:00:00,0
30339650,24/6/2026 11:00:00,0
80720180,24/6/2026 20:00:00,0
80620355,24/6/2026 05:00:00,0
30420800,24/6/2026 11:00:00,0
80720180,24/6/2026 05:00:00,0
30420800,24/6/2026 05:00:00,0
82020050,24/6/2026 05:00:00,0
01307A5017,24/6/2026 05:00:00,0
30322455,24/6/2026 20:00:00,0
01304A9000,24/6/2026 16:50:00,1
01307A5018,24/6/2026 20:00:00,0
01304A9000,24/6/2026 20:00:00,0
01308A9014,24/6/2026 11:00:00,0
80120270,24/6/2026 05:00:00,0
01307A9008,24/6/2026 11:00:00,0
01307A5001,24/6/2026 11:00:00,0
30748700,24/6/2026 11:00:00,0
01303A5013,24/6/2026 11:00:00,0
30523900,24/6/2026 11:00:00,0
30520750,24/6/2026 16:00:00,0
30521100,24/6/2026 11:00:00,0
30322455,24/6/2026 10:00:00,0
01308A5361,24/6/2026 11:00:00,0
30522310,24/6/2026 11:00:00,0
30747200,24/6/2026 05:00:00,0
80420320,24/6/2026 05:00:00,0
30747200,24/6/2026 20:00:00,0
01308A5361,24/6/2026 20:00:00,0
01307A9008,24/6/2026 20:00:00,0
01308A9004,24/6/2026 20:00:00,0
30524000,24/6/2026 11:00:00,0
30748210,24/6/2026 16:00:00,0
01307A5001,24/6/2026 16:30:00,0.5
01308A9007,24/6/2026 16:05:00,2.5
01304A9000,24/6/2026 11:00:00,0
30421500,24/6/2026 20:00:00,0
01308A9007,24/6/2026 20:00:00,0
01307A5001,24/6/2026 19:35:00,0.5
30522310,24/6/2026 16:00:00,0
30524000,24/6/2026 16:00:00,0
01308A5361,24/6/2026 16:00:00,0
30522310,24/6/2026 05:00:00,0
30520750,24/6/2026 20:00:00,0
82020050,24/6/2026 19:01:00,0.2
01308A9007,24/6/2026 16:00:00,0.5
30524000,24/6/2026 05:00:00,0
30827200,24/6/2026 19:00:00,0
80620355,24/6/2026 11:00:00,0
30748070,24/6/2026 19:00:00,0
82020050,24/6/2026 19:00:00,0
30521945,24/6/2026 11:00:00,0
01308A9007,24/6/2026 11:00:00,0
30421500,24/6/2026 11:00:00,0
30521600,24/6/2026 05:00:00,0
30746230,24/6/2026 11:00:00,0
80420320,24/6/2026 19:00:00,0
01308A9004,24/6/2026 11:00:00,0
30522400,24/6/2026 05:00:00,0
30748210,24/6/2026 11:00:00,0
30520750,24/6/2026 11:00:00,0
01307A5001,24/6/2026 10:50:00,0.5
01303A9012,24/6/2026 11:00:00,0
30328050,24/6/2026 10:00:00,0
01307A5001,24/6/2026 05:00:00,0.5
30521300,24/6/2026 05:00:00,0
80720135,24/6/2026 19:00:00,0
01308A9004,24/6/2026 05:00:00,0
80620355,24/6/2026 19:00:00,0
30523740,24/6/2026 19:00:00,0
30827200,24/6/2026 11:00:00,0
01307A5018,24/6/2026 16:00:00,0
30328050,24/6/2026 19:00:00,0
01307A5001,24/6/2026 10:15:00,0.5
30421500,24/6/2026 10:00:00,0
01307A9006,24/6/2026 19:00:00,0
01308A9014,24/6/2026 19:00:00,0
30523960,24/6/2026 05:00:00,0
01308A9004,24/6/2026 16:00:00,0
01308A5361,24/6/2026 05:00:00,0
30523960,24/6/2026 16:00:00,0
01307A9008,24/6/2026 16:00:00,0
30420800,24/6/2026 16:00:00,0
30521945,24/6/2026 16:00:00,0
30520750,24/6/2026 10:00:00,0
01303A9012,24/6/2026 20:00:00,0
01307A5018,24/6/2026 05:00:00,0
01304A9000,24/6/2026 05:00:00,0
30421500,24/6/2026 05:00:00,0
30339650,24/6/2026 16:00:00,0
01308A9014,24/6/2026 16:00:00,0
30748070,24/6/2026 16:00:00,0
30746230,24/6/2026 05:00:00,0
01307A9006,24/6/2026 05:00:00,0
01308A9007,24/6/2026 05:00:00,0
01308A9014,24/6/2026 05:00:00,0
30748210,24/6/2026 05:00:00,0
30520750,24/6/2026 05:00:00,0
01303A5016,24/6/2026 05:00:00,0
80720180,24/6/2026 19:00:00,0
30747200,24/6/2026 16:00:00,0
80120270,24/6/2026 19:00:00,0
30420800,24/6/2026 10:00:00,0
30522400,24/6/2026 16:00:00,0
30827200,24/6/2026 16:00:00,0
30421500,24/6/2026 16:00:00,0
30521300,24/6/2026 16:00:00,0
30521600,24/6/2026 16:00:00,0
30330300,24/6/2026 10:00:00,0
30521945,24/6/2026 10:00:00,0
30521100,24/6/2026 10:00:00,0
30523740,24/6/2026 10:00:00,0
30747200,24/6/2026 10:00:00,0
82020045,24/6/2026 19:00:00,0
30523070,24/6/2026 10:00:00,0
30523960,24/6/2026 10:00:00,0
30524000,24/6/2026 10:00:00,0
30339650,24/6/2026 10:00:00,0
30523900,24/6/2026 16:00:00,0
30522400,24/6/2026 10:00:00,0
30746230,24/6/2026 10:00:00,0
01303A5013,24/6/2026 16:00:00,0
01307A5017,24/6/2026 16:00:00,0
30522310,24/6/2026 10:00:00,0
30745930,24/6/2026 19:00:00,0
30330300,24/6/2026 19:00:00,0
01308A5361,24/6/2026 19:00:00,0
30523070,24/6/2026 19:00:00,0
30322455,24/6/2026 19:00:00,0
01303A5016,24/6/2026 16:00:00,0
80720180,24/6/2026 16:00:00,0
01307A9006,24/6/2026 16:00:00,0
01304A9000,24/6/2026 16:00:00,0
01307A5017,24/6/2026 19:00:00,0
30748700,24/6/2026 16:00:00,0
30523900,24/6/2026 05:00:00,0
30521100,24/6/2026 05:00:00,0
30521300,24/6/2026 10:00:00,0
01307A9008,24/6/2026 19:00:00,0
30524000,24/6/2026 19:00:00,0
30322455,24/6/2026 16:00:00,0
01307A5001,24/6/2026 19:00:00,0
30421500,24/6/2026 19:00:00,0
80420320,24/6/2026 16:00:00,0
82020050,24/6/2026 16:00:00,0
80620355,24/6/2026 16:00:00,0
30523900,24/6/2026 19:00:00,0
80720135,24/6/2026 16:00:00,0
80120270,24/6/2026 10:00:00,0
30521100,24/6/2026 19:00:00,0
30520750,24/6/2026 19:00:00,0
82020045,24/6/2026 16:00:00,0
80420320,24/6/2026 10:00:00,0
30827200,24/6/2026 10:00:00,0
30748070,24/6/2026 10:00:00,0
30745930,24/6/2026 10:00:00,0
30748210,24/6/2026 10:00:00,0
30522310,24/6/2026 19:00:00,0
30523070,24/6/2026 16:00:00,0
30748700,24/6/2026 10:00:00,0
01303A5016,24/6/2026 10:00:00,0
80120270,24/6/2026 16:00:00,0
30328275,24/6/2026 19:00:00,0
30523900,24/6/2026 10:00:00,0
01307A9008,24/6/2026 05:00:00,0
01308A5361,24/6/2026 06:00:00,0
30523740,24/6/2026 16:00:00,0
30339650,24/6/2026 20:00:00,0
80720135,24/6/2026 10:00:00,0
30748210,24/6/2026 19:00:00,0
01303A5013,24/6/2026 05:00:00,0
80720180,24/6/2026 10:00:00,0
01308A9007,24/6/2026 19:00:00,0
80620355,24/6/2026 10:00:00,0
01307A5001,24/6/2026 16:00:00,0
01308A9004,24/6/2026 19:00:00,0
01307A5001,24/6/2026 10:00:00,0
30420800,24/6/2026 19:00:00,0
01303A5016,24/6/2026 19:00:00,0
01307A5018,24/6/2026 19:00:00,0
01304A9000,24/6/2026 19:00:00,0
30421500,24/6/2026 06:00:00,0
30421500,24/6/2026 08:00:00,0
82020050,24/6/2026 18:57:00,0.6
82020045,24/6/2026 10:00:00,0
30521600,24/6/2026 19:00:00,0
82020050,24/6/2026 18:59:00,1.8
82020050,24/6/2026 18:55:00,0.2
82020050,24/6/2026 10:00:00,0
01307A5017,24/6/2026 10:00:00,0
30521945,24/6/2026 19:00:00,0
30747200,24/6/2026 19:00:00,0
01303A5013,24/6/2026 10:00:00,0
30521300,24/6/2026 19:00:00,0
30522400,24/6/2026 19:00:00,0
30521100,24/6/2026 16:00:00,0
30339650,24/6/2026 19:00:00,0
80720180,24/6/2026 15:01:00,0
82020050,24/6/2026 18:49:00,0.4
30328275,24/6/2026 16:00:00,0
30523070,24/6/2026 15:00:00,0
30523960,24/6/2026 19:00:00,0
01303A5013,24/6/2026 15:00:00,0
82020050,24/6/2026 18:52:00,0.2
01303A9012,24/6/2026 19:00:00,0
30322455,24/6/2026 15:00:00,0
30748700,24/6/2026 19:00:00,0
30745930,24/6/2026 16:00:00,0
01308A5361,24/6/2026 10:00:00,0
30328275,24/6/2026 15:00:00,0
30330300,24/6/2026 15:00:00,0
01307A5001,24/6/2026 15:50:00,0.5
30328050,24/6/2026 15:00:00,0
01304A9000,24/6/2026 15:00:00,0
30745930,24/6/2026 15:00:00,0
01308A9014,24/6/2026 10:00:00,0
01308A9007,24/6/2026 15:55:00,0.5
01304A9000,24/6/2026 10:00:00,0
01307A5001,24/6/2026 09:05:00,0.5
01307A9008,24/6/2026 10:00:00,0
30330300,24/6/2026 09:00:00,0
82020050,24/6/2026 18:44:00,0.4
82020050,24/6/2026 18:46:00,0.6
01307A9008,24/6/2026 18:00:00,0
82020050,24/6/2026 18:42:00,0.2
30523070,24/6/2026 09:00:00,0
30523740,24/6/2026 09:00:00,0
01308A9004,24/6/2026 18:00:00,0
30748210,24/6/2026 18:00:00,0
01307A5018,24/6/2026 18:00:00,0
30522310,24/6/2026 18:00:00,0
01308A5361,24/6/2026 18:00:00,0
01307A5001,24/6/2026 09:45:00,0.5
01303A9012,24/6/2026 10:00:00,0
30328275,24/6/2026 09:00:00,0
30328050,24/6/2026 16:00:00,0
01307A9006,24/6/2026 10:00:00,0
01303A5016,24/6/2026 15:00:00,0
30745930,24/6/2026 09:00:00,0
30524000,24/6/2026 18:00:00,0
30421500,24/6/2026 18:00:00,0
30521600,24/6/2026 18:00:00,0
01303A5013,24/6/2026 18:00:00,0
01307A9006,24/6/2026 18:00:00,0
30523900,24/6/2026 18:00:00,0
01308A9007,24/6/2026 18:00:00,0
82020050,24/6/2026 18:47:00,0
30747200,24/6/2026 18:00:00,0
30420800,24/6/2026 15:00:00,0
30339650,24/6/2026 15:00:00,0
30827200,24/6/2026 15:00:00,0
80120270,24/6/2026 15:00:00,0
80620355,24/6/2026 15:00:00,0
01307A5001,24/6/2026 18:00:00,0
80720135,24/6/2026 15:00:00,0
30521300,24/6/2026 15:00:00,0
80420320,24/6/2026 15:00:00,0
80720135,24/6/2026 09:00:00,0
82020045,24/6/2026 15:00:00,0
30521600,24/6/2026 15:00:00,0
01307A9006,24/6/2026 15:00:00,0
30748070,24/6/2026 15:00:00,0
80720180,24/6/2026 15:00:00,0
30523740,24/6/2026 15:00:00,0
82020050,24/6/2026 15:00:00,0
30322455,24/6/2026 09:00:00,0
30521100,24/6/2026 18:00:00,0
30827200,24/6/2026 09:00:00,0
80120270,24/6/2026 09:00:00,0
80420320,24/6/2026 09:00:00,0
82020050,24/6/2026 09:00:00,0
01303A5013,24/6/2026 09:00:00,0
82020050,24/6/2026 18:48:00,0.4
80620355,24/6/2026 09:00:00,0
30520750,24/6/2026 18:00:00,0
30330300,24/6/2026 16:00:00,0
30521945,24/6/2026 15:00:00,0
30748700,24/6/2026 15:00:00,0
82020050,24/6/2026 18:51:00,1.6
30523070,24/6/2026 14:00:00,0
30322455,24/6/2026 14:00:00,0
30748070,24/6/2026 09:00:00,0
01303A9012,24/6/2026 14:00:00,0
30748070,24/6/2026 14:00:00,0
01308A9014,24/6/2026 15:00:00,0
82020045,24/6/2026 14:00:00,0
80120270,24/6/2026 14:00:00,0
30328050,24/6/2026 14:00:00,0
30330300,24/6/2026 08:00:00,0
30328050,24/6/2026 08:00:00,0
30523070,24/6/2026 08:00:00,0
80720180,24/6/2026 17:33:00,0.2
01308A9014,24/6/2026 18:00:00,0
01307A5017,24/6/2026 18:00:00,0
80720180,24/6/2026 17:31:00,0.4
30745930,24/6/2026 08:00:00,0
01303A5016,24/6/2026 18:00:00,0
80720180,24/6/2026 18:00:00,0
80720135,24/6/2026 18:00:00,0
82020050,24/6/2026 18:00:00,0
30339650,24/6/2026 18:00:00,0
30523070,24/6/2026 08:01:00,0
30328275,24/6/2026 14:00:00,0
80420320,24/6/2026 18:00:00,0
80720180,24/6/2026 17:21:00,0.4
30521945,24/6/2026 18:00:00,0
80720180,24/6/2026 17:23:00,0.2
30521300,24/6/2026 09:00:00,0
80720180,24/6/2026 17:25:00,0.2
01304A9000,24/6/2026 17:10:00,1
30521600,24/6/2026 09:00:00,0
80720180,24/6/2026 17:17:00,0.4
30421500,24/6/2026 17:06:00,0.2
80120270,24/6/2026 18:00:00,0
01308A9004,24/6/2026 10:00:00,0
01304A9000,24/6/2026 17:05:00,1.5
30421500,24/6/2026 17:08:00,0.1
82020050,24/6/2026 18:40:00,0.2
30328275,24/6/2026 18:00:00,0
80720180,24/6/2026 17:09:00,0.4
30322455,24/6/2026 18:00:00,0
30330300,24/6/2026 18:00:00,0
30523740,24/6/2026 14:00:00,0
30523740,24/6/2026 18:00:00,0
01303A9012,24/6/2026 17:00:00,0
80720135,24/6/2026 14:00:00,0
01307A5001,24/6/2026 08:35:00,0.5
82020050,24/6/2026 14:00:00,0
30330300,24/6/2026 08:01:00,0
80720180,24/6/2026 17:29:00,0.2
30330300,24/6/2026 14:00:00,0
30328275,24/6/2026 08:00:00,0
30521945,24/6/2026 14:00:00,0
30520750,24/6/2026 14:00:00,0
30522400,24/6/2026 14:00:00,0
30421500,24/6/2026 14:00:00,0
30523740,24/6/2026 08:01:00,0
01303A5013,24/6/2026 14:00:00,0
80720180,24/6/2026 17:35:00,0.2
01307A9006,24/6/2026 14:00:00,0
01308A5361,24/6/2026 14:00:00,0
80120270,24/6/2026 08:00:00,0
01303A5016,24/6/2026 14:00:00,0
80720180,24/6/2026 17:27:00,0.2
80720180,24/6/2026 17:13:00,0.2
82020045,24/6/2026 08:00:00,0
80720180,24/6/2026 17:15:00,0.2
80420320,24/6/2026 14:00:00,0
80720135,24/6/2026 17:43:00,0.2
01304A9000,24/6/2026 17:15:00,0.5
80720180,24/6/2026 17:19:00,0.4
30827200,24/6/2026 14:00:00,0
80720180,24/6/2026 17:11:00,0.2
80420320,24/6/2026 08:00:00,0
80620355,24/6/2026 14:00:00,0
30522400,24/6/2026 08:00:00,0
30339650,24/6/2026 08:00:00,0
80720180,24/6/2026 14:00:00,0
01307A5018,24/6/2026 14:00:00,0
01303A9012,24/6/2026 08:00:00,0
30420800,24/6/2026 08:00:00,0
30748210,24/6/2026 17:00:00,0
30339650,24/6/2026 14:00:00,0
80720180,24/6/2026 09:00:00,0
01308A9014,24/6/2026 14:00:00,0
82020050,24/6/2026 18:53:00,1.4
30420800,24/6/2026 14:00:00,0
01307A9008,24/6/2026 14:00:00,0
30521300,24/6/2026 14:00:00,0
30748700,24/6/2026 14:00:00,0
80720135,24/6/2026 08:00:00,0
80720180,24/6/2026 08:00:00,0
01308A5361,24/6/2026 17:00:00,0
80620355,24/6/2026 08:00:00,0
01303A9012,24/6/2026 16:00:00,0
82020050,24/6/2026 08:00:00,0
80720180,24/6/2026 17:07:00,0.2
80720135,24/6/2026 17:47:00,0.2
30322455,24/6/2026 08:00:00,0
01308A9007,24/6/2026 06:00:00,0
30328050,24/6/2026 18:00:00,0
30521300,24/6/2026 08:00:00,0
30523960,24/6/2026 08:00:00,0
80720135,24/6/2026 17:56:00,0.2
30521600,24/6/2026 08:00:00,0
01307A5018,24/6/2026 10:00:00,0
80720180,24/6/2026 17:10:00,0
30748070,24/6/2026 08:00:00,0
30523070,24/6/2026 18:00:00,0
30523740,24/6/2026 08:00:00,0
80720135,24/6/2026 17:59:00,0.2
01308A9007,24/6/2026 10:00:00,0
30827200,24/6/2026 08:00:00,0
82020045,24/6/2026 09:00:00,0
30328050,24/6/2026 09:00:00,0
30420800,24/6/2026 18:00:00,0
30748700,24/6/2026 17:00:00,0
82020045,24/6/2026 18:00:00,0
30521300,24/6/2026 17:00:00,0
30748700,24/6/2026 18:00:00,0
01307A5018,24/6/2026 17:00:00,0
01308A5361,24/6/2026 15:00:00,0
01308A9004,24/6/2026 17:00:00,0
30748070,24/6/2026 18:00:00,0
30523900,24/6/2026 14:00:00,0
01304A9000,24/6/2026 18:00:00,0
30747200,24/6/2026 14:00:00,0
30745930,24/6/2026 18:00:00,0
01304A9000,24/6/2026 14:00:00,0
80620355,24/6/2026 18:00:00,0
30522310,24/6/2026 14:00:00,0
01303A9012,24/6/2026 18:00:00,0
01307A5001,24/6/2026 13:05:00,0.5
30521300,24/6/2026 18:00:00,0
01307A5001,24/6/2026 13:30:00,0.5
01308A9007,24/6/2026 15:00:00,0
01308A9004,24/6/2026 15:00:00,0
01307A5001,24/6/2026 15:00:00,0
01303A9012,24/6/2026 15:00:00,0
30521100,24/6/2026 14:00:00,0
30521600,24/6/2026 14:00:00,0
01308A9007,24/6/2026 17:00:00,0
82020045,24/6/2026 13:00:00,0
30322455,24/6/2026 13:00:00,0
01307A5017,24/6/2026 08:00:00,0
01308A9004,24/6/2026 08:00:00,0
01303A5013,24/6/2026 17:00:00,0
30521100,24/6/2026 15:00:00,0
30748210,24/6/2026 15:00:00,0
30523900,24/6/2026 15:00:00,0
30827200,24/6/2026 17:00:00,0
01307A5001,24/6/2026 14:15:00,0.5
30746230,24/6/2026 08:00:00,0
01307A5001,24/6/2026 14:00:00,0
01307A9008,24/6/2026 08:00:00,0
30521945,24/6/2026 08:00:00,0
30328050,24/6/2026 13:00:00,0
30523900,24/6/2026 08:00:00,0
01307A5001,24/6/2026 17:00:00,0
30521100,24/6/2026 09:00:00,0
30322455,24/6/2026 17:00:00,0
01307A5018,24/6/2026 09:00:00,0
82020050,24/6/2026 17:00:00,0
01308A9004,24/6/2026 09:00:00,0
01304A9000,24/6/2026 17:00:00,0.5
80620355,24/6/2026 17:00:00,0
01307A5017,24/6/2026 17:00:00,0
01304A9000,24/6/2026 09:00:00,0
30522400,24/6/2026 18:00:00,0
30747200,24/6/2026 17:00:00,0
01303A5016,24/6/2026 09:00:00,0
01307A5018,24/6/2026 08:00:00,0
30522400,24/6/2026 09:00:00,0
30524000,24/6/2026 15:00:00,0
30523960,24/6/2026 09:00:00,0
01307A5017,24/6/2026 09:00:00,0
30522310,24/6/2026 08:00:00,0
30745930,24/6/2026 14:00:00,0
01307A5017,24/6/2026 15:00:00,0
30521945,24/6/2026 09:00:00,0
30523960,24/6/2026 14:00:00,0
01307A9008,24/6/2026 15:00:00,0
01307A5001,24/6/2026 14:50:00,0.5
30421500,24/6/2026 15:00:00,0
01308A9007,24/6/2026 14:00:00,0
30524000,24/6/2026 09:00:00,0
30421500,24/6/2026 09:00:00,0
30523960,24/6/2026 17:00:00,0
30520750,24/6/2026 15:00:00,0
30523960,24/6/2026 18:00:00,0
01308A9014,24/6/2026 09:00:00,0
30520750,24/6/2026 17:00:00,0
01308A5361,24/6/2026 09:00:00,0
30748700,24/6/2026 09:00:00,0
30746230,24/6/2026 14:00:00,0
30339650,24/6/2026 09:00:00,0
30523900,24/6/2026 17:00:00,0
01307A9008,24/6/2026 17:00:00,0
30748210,24/6/2026 14:00:00,0
30524000,24/6/2026 14:00:00,0
30328275,24/6/2026 13:00:00,0
30330300,24/6/2026 13:00:00,0
30748700,24/6/2026 08:00:00,0
01303A5016,24/6/2026 08:00:00,0
01304A9000,24/6/2026 08:00:00,0
01303A5013,24/6/2026 08:00:00,0
30522400,24/6/2026 15:00:00,0
01308A9007,24/6/2026 08:00:00,0
01307A9006,24/6/2026 09:00:00,0
01308A5361,24/6/2026 08:00:00,0
30522310,24/6/2026 15:00:00,0
30520750,24/6/2026 08:00:00,0
80420320,24/6/2026 17:00:00,0
30748210,24/6/2026 08:00:00,0
01308A9014,24/6/2026 08:00:00,0
30747200,24/6/2026 09:00:00,0
30421500,24/6/2026 17:00:00,0
01303A9012,24/6/2026 09:00:00,0
30748210,24/6/2026 09:00:00,0
30746230,24/6/2026 09:00:00,0
82020045,24/6/2026 17:00:00,0
30522310,24/6/2026 09:00:00,0
01303A5016,24/6/2026 17:00:00,0
01307A9008,24/6/2026 09:00:00,0
01307A5001,24/6/2026 09:00:00,0
01308A9007,24/6/2026 09:00:00,0
30523900,24/6/2026 09:00:00,0
30521600,24/6/2026 17:00:00,0
01307A5018,24/6/2026 15:00:00,0
30520750,24/6/2026 09:00:00,0
30521100,24/6/2026 08:00:00,0
30522400,24/6/2026 17:00:00,0
30522310,24/6/2026 17:00:00,0
30523960,24/6/2026 15:00:00,0
30339650,24/6/2026 17:00:00,0
30420800,24/6/2026 17:00:00,0
01307A9006,24/6/2026 08:00:00,0
30521945,24/6/2026 17:00:00,0
30524000,24/6/2026 08:00:00,0
30523070,24/6/2026 13:00:00,0
80120270,24/6/2026 13:00:00,0
30747200,24/6/2026 15:00:00,0
80720180,24/6/2026 17:00:00,0
30524000,24/6/2026 17:00:00,0
80720135,24/6/2026 17:00:00,0
01307A5001,24/6/2026 07:35:00,0.5
30523740,24/6/2026 07:00:00,0
30328050,24/6/2026 07:00:00,0
30328275,24/6/2026 07:00:00,0
01303A5016,24/6/2026 13:00:00,0
30745930,24/6/2026 07:00:00,0
80420320,24/6/2026 13:00:00,0
30748070,24/6/2026 17:00:00,0
80620355,24/6/2026 13:00:00,0
30521945,24/6/2026 07:00:00,0
30521945,24/6/2026 13:00:00,0
30745930,24/6/2026 13:00:00,0
80720135,24/6/2026 13:00:00,0
01307A9006,24/6/2026 17:00:00,0
80420320,24/6/2026 07:00:00,0
30523740,24/6/2026 17:00:00,0
80620355,24/6/2026 07:00:00,0
30827200,24/6/2026 13:00:00,0
30523070,24/6/2026 17:00:00,0
30328275,24/6/2026 17:00:00,0
30748070,24/6/2026 13:00:00,0
30330300,24/6/2026 17:00:00,0
80120270,24/6/2026 07:00:00,0
30330300,24/6/2026 07:00:00,0
01308A9014,24/6/2026 17:00:00,0
30522400,24/6/2026 13:00:00,0
30523960,24/6/2026 13:00:00,0
01307A9006,24/6/2026 13:00:00,0
30747200,24/6/2026 13:00:00,0
30328050,24/6/2026 17:00:00,0
30521600,24/6/2026 13:00:00,0
30523070,24/6/2026 07:00:00,0
30748700,24/6/2026 13:00:00,0
01308A9014,24/6/2026 13:00:00,0
30520750,24/6/2026 13:00:00,0
01307A5001,24/6/2026 13:00:00,0
01304A9000,24/6/2026 13:00:00,0
01308A9007,24/6/2026 13:00:00,0
30521300,24/6/2026 13:00:00,0
01307A5001,24/6/2026 08:00:00,0.5
30522310,24/6/2026 13:00:00,0
80120270,24/6/2026 17:00:00,0
01303A9012,24/6/2026 07:00:00,0
30746230,24/6/2026 13:00:00,0
30827200,24/6/2026 07:00:00,0
01307A5017,24/6/2026 13:00:00,0
30523960,24/6/2026 07:00:00,0
01307A5018,24/6/2026 13:00:00,0
30421500,24/6/2026 13:00:00,0
30523900,24/6/2026 13:00:00,0
80720180,24/6/2026 07:00:00,0
30420800,24/6/2026 07:00:00,0
30339650,24/6/2026 07:00:00,0
01308A5361,24/6/2026 13:00:00,0
30748700,24/6/2026 07:00:00,0
30748070,24/6/2026 07:00:00,0
01308A9004,24/6/2026 13:00:00,0
01303A5013,24/6/2026 13:00:00,0
01307A5017,24/6/2026 07:00:00,0
30521300,24/6/2026 07:00:00,0
30827200,24/6/2026 12:00:00,0
82020045,24/6/2026 12:00:00,0
82020050,24/6/2026 07:00:00,0
80720135,24/6/2026 07:00:00,0
01308A9004,24/6/2026 07:00:00,0
30521600,24/6/2026 07:00:00,0
30747200,24/6/2026 07:00:00,0
30521100,24/6/2026 13:00:00,0
01303A5016,24/6/2026 12:00:00,0
30748070,24/6/2026 12:00:00,0
01307A9008,24/6/2026 13:00:00,0
01307A5017,24/6/2026 12:00:00,0
30524000,24/6/2026 13:00:00,0
82020050,24/6/2026 13:00:00,0
30748210,24/6/2026 13:00:00,0
30420800,24/6/2026 13:00:00,0
30322455,24/6/2026 07:00:00,0
30522400,24/6/2026 12:00:00,0
01307A9006,24/6/2026 12:00:00,0
01304A9000,24/6/2026 07:00:00,0
30521945,24/6/2026 12:00:00,0
30748700,24/6/2026 12:00:00,0
01303A9012,24/6/2026 13:00:00,0
01308A9014,24/6/2026 12:00:00,0
80720180,24/6/2026 13:00:00,0
30747200,24/6/2026 08:00:00,0
01307A5001,24/6/2026 12:25:00,0.5
30522400,24/6/2026 07:00:00,0
30421500,24/6/2026 07:00:00,0
82020045,24/6/2026 07:00:00,0
01303A5013,24/6/2026 07:00:00,0
30520750,24/6/2026 07:00:00,0
01303A5016,24/6/2026 07:00:00,0
30521100,24/6/2026 07:00:00,0
01307A9006,24/6/2026 07:00:00,0
01307A9008,24/6/2026 07:00:00,0
30522310,24/6/2026 07:00:00,0
30746230,24/6/2026 07:00:00,0.5
01308A5361,24/6/2026 07:00:00,0
30339650,24/6/2026 13:00:00,0
30520750,24/6/2026 12:00:00,0
01307A5018,24/6/2026 12:00:00,0
30521300,24/6/2026 12:00:00,0
01308A9004,24/6/2026 12:00:00,0
30330300,24/6/2026 06:00:00,0
30524000,24/6/2026 07:00:00,0
30420800,24/6/2026 12:00:00,0
30328050,24/6/2026 06:00:00,0
01308A9014,24/6/2026 07:00:00,0
01307A5018,24/6/2026 07:00:00,0
01307A9008,24/6/2026 12:00:00,0
30523900,24/6/2026 07:00:00,0
30524000,24/6/2026 12:00:00,0
30339650,24/6/2026 12:00:00,0
80720180,24/6/2026 12:00:00,0
30523900,24/6/2026 12:00:00,0
30521100,24/6/2026 12:00:00,0
01308A9007,24/6/2026 12:00:00,0
30747200,24/6/2026 12:00:00,0
01307A5001,24/6/2026 12:00:00,0
30748070,24/6/2026 06:00:00,0
30746230,24/6/2026 12:00:00,0
82020050,24/6/2026 12:00:00,0
30522310,24/6/2026 12:00:00,0
30748210,24/6/2026 07:00:00,0
01304A9000,24/6/2026 12:00:00,0
01303A9012,24/6/2026 12:00:00,0
80120270,24/6/2026 06:00:00,0
01308A5361,24/6/2026 12:00:00,0
01303A5013,24/6/2026 12:00:00,0
30339650,24/6/2026 06:00:00,0
30523070,24/6/2026 06:00:00,0
80620355,24/6/2026 06:00:00,0
80420320,24/6/2026 06:00:00,0
30827200,24/6/2026 06:00:00,0
80720135,24/6/2026 06:00:00,0
30322455,24/6/2026 12:00:00,0
30523740,24/6/2026 12:00:00,0
80720180,24/6/2026 06:00:00,0
30521600,24/6/2026 12:00:00,0
30748210,24/6/2026 12:00:00,0
30745930,24/6/2026 06:00:00,0
30523740,24/6/2026 06:00:00,0
30421500,24/6/2026 12:00:00,0
80720135,24/6/2026 12:00:00,0
01308A9004,24/6/2026 06:00:00,0
80120270,24/6/2026 12:00:00,0
30521945,24/6/2026 06:00:00,0
80620355,24/6/2026 12:00:00,0
30523070,24/6/2026 12:00:00,0
30330300,24/6/2026 12:00:00,0
01307A5001,24/6/2026 11:55:00,0.5
30747200,24/6/2026 06:00:00,0
01307A5017,24/6/2026 06:00:00,0
80420320,24/6/2026 12:00:00,0
01307A5001,24/6/2026 11:15:00,0.5
30328050,24/6/2026 12:00:00,0
30322455,24/6/2026 06:00:00,0
01308A9007,24/6/2026 07:00:00,0
30328275,24/6/2026 06:00:00,0
30745930,24/6/2026 12:00:00,0
01304A9000,24/6/2026 06:00:00,0
01307A5017,24/6/2026 14:00:00,0
30522400,24/6/2026 06:00:00,0
01307A5001,24/6/2026 06:35:00,0.5
82020050,24/6/2026 06:00:00,0
30523740,24/6/2026 13:00:00,0
30523960,24/6/2026 12:00:00,0
82020045,24/6/2026 06:00:00,0
01303A9012,24/6/2026 06:00:00,0
01308A9004,24/6/2026 14:00:00,0
30523960,24/6/2026 06:00:00,0
01307A5001,24/6/2026 07:00:00,0.5
30521600,24/6/2026 06:00:00,0
30827200,24/6/2026 18:00:00,0
30745930,24/6/2026 17:00:00,0
01307A5001,24/6/2026 06:00:00,0.5
30521100,24/6/2026 17:00:00,0
30420800,24/6/2026 09:00:00,0
01303A5013,24/6/2026 06:00:00,0
01308A9007,24/6/2026 16:10:00,1
30520750,24/6/2026 06:00:00,0
30521300,24/6/2026 06:00:00,0
30523900,24/6/2026 06:00:00,0
30748700,24/6/2026 06:00:00,0
30521600,24/6/2026 10:00:00,0
30420800,24/6/2026 06:00:00,0
01307A5017,24/6/2026 11:00:00,0
01303A5045,24/6/2026 17:00:00,0
30421910,24/6/2026 08:00:00,0
30324620,24/6/2026 08:00:00,0
30525710,24/6/2026 17:00:00,0
30324800,24/6/2026 08:00:00,0
30420850,24/6/2026 08:00:00,0
01303A5019,24/6/2026 17:00:00,0
30526105,24/6/2026 17:00:00,0
01308A9011,24/6/2026 17:00:00,0
30827700,24/6/2026 17:00:00,0
30421700,24/6/2026 17:00:00,0
30421910,24/6/2026 14:00:00,0
30523930,24/6/2026 17:00:00,0
80720165,24/6/2026 08:00:00,0
30328250,24/6/2026 14:00:00,0
30421700,24/6/2026 14:00:00,0
82020025,24/6/2026 13:00:00,0
82020015,24/6/2026 13:00:00,0
30324700,24/6/2026 08:00:00,0
30328250,24/6/2026 08:00:00,0
30420700,24/6/2026 08:00:00,0
30421700,24/6/2026 08:00:00,0
30328900,24/6/2026 08:00:00,0
82020015,24/6/2026 17:00:00,0
30524500,24/6/2026 17:00:00,0
30828000,24/6/2026 17:00:00,0
30323950,24/6/2026 13:00:00,0
30828000,24/6/2026 14:00:00,0
30523930,24/6/2026 08:00:00,0
30524500,24/6/2026 08:00:00,0
30525710,24/6/2026 14:00:00,0
30522700,24/6/2026 13:00:00,0
01305A5005,24/6/2026 17:00:00,0
01303A5019,24/6/2026 14:00:00,0
30324700,24/6/2026 17:00:00,0
80920245,24/6/2026 08:00:00,0
01303A5045,24/6/2026 14:00:00,0
30329415,24/6/2026 13:00:00,0
01308A9030,24/6/2026 14:00:00,0
30329350,24/6/2026 13:00:00,0
01307A9010,24/6/2026 08:00:00,0
01307A5011,24/6/2026 17:00:00,0
30324620,24/6/2026 13:00:00,0
80520320,24/6/2026 08:00:00,0
01307A9010,24/6/2026 14:00:00,0
30827700,24/6/2026 14:00:00,0
82020015,24/6/2026 08:00:00,0
30325530,24/6/2026 13:00:00,0
01307A9010,24/6/2026 17:00:00,0
01308A9030,24/6/2026 17:00:00,0
82020025,24/6/2026 08:00:00,0
01305A5005,24/6/2026 14:00:00,0
01303A5019,24/6/2026 08:00:00,0
30828000,24/6/2026 08:00:00,0
01305A5005,24/6/2026 08:00:00,0
30525710,24/6/2026 08:00:00,0
80720165,24/6/2026 17:00:00,0
30324800,24/6/2026 17:00:00,0
82020025,24/6/2026 17:00:00,0
30420850,24/6/2026 17:00:00,0
01308A9027,24/6/2026 17:00:00,0
30523500,24/6/2026 13:00:00,0
30523790,24/6/2026 13:00:00,0
30328250,24/6/2026 17:00:00,0
80920245,24/6/2026 13:00:00,0
30524285,24/6/2026 17:00:00,0
80520320,24/6/2026 17:00:00,0
30524285,24/6/2026 13:00:00,0
30420700,24/6/2026 17:00:00,0
30328900,24/6/2026 17:00:00,0
30526105,24/6/2026 13:00:00,0
30523790,24/6/2026 17:00:00,0
80720165,24/6/2026 13:00:00,0
30524150,24/6/2026 17:00:00,0
30421550,24/6/2026 13:00:00,0
01307A5011,24/6/2026 08:00:00,0
30524360,24/6/2026 13:00:00,0
30748050,24/6/2026 13:00:00,0
80520320,24/6/2026 13:00:00,0
30421550,24/6/2026 17:00:00,0
30524360,24/6/2026 17:00:00,0
30524500,24/6/2026 13:00:00,0
01303A5045,24/6/2026 08:00:00,0
30329350,24/6/2026 07:00:00,0
30827550,24/6/2026 13:00:00,0
30522700,24/6/2026 07:00:00,0
30524285,24/6/2026 07:00:00,0
30421910,24/6/2026 07:35:00,0.5
30748050,24/6/2026 07:00:00,0
30325530,24/6/2026 07:00:00,0
01303A5019,24/6/2026 13:00:00,0
30328250,24/6/2026 13:00:00,0
01308A9027,24/6/2026 08:00:00,0
30328900,24/6/2026 13:00:00,0
30747809,24/6/2026 07:00:00,0
80920245,24/6/2026 17:00:00,0
30329415,24/6/2026 17:00:00,0
30323950,24/6/2026 07:00:00,0
30523500,24/6/2026 17:00:00,0
30329350,24/6/2026 17:00:00,0
01307A9010,24/6/2026 07:00:00,0
30827550,24/6/2026 07:00:00,0
80520320,24/6/2026 07:00:00,0
80720165,24/6/2026 07:00:00,0
30523790,24/6/2026 07:00:00,0
30524150,24/6/2026 13:00:00,0
30747809,24/6/2026 13:00:00,0
30324620,24/6/2026 17:00:00,0
30324700,24/6/2026 14:00:00,0
30324620,24/6/2026 07:00:00,0
01307A5011,24/6/2026 13:00:00,0
30420700,24/6/2026 13:00:00,0
30324700,24/6/2026 13:00:00,0
30747809,24/6/2026 17:00:00,0
01305A5005,24/6/2026 13:00:00,0
30325530,24/6/2026 17:00:00,0
30323950,24/6/2026 17:00:00,0
30827550,24/6/2026 17:00:00,0
30748050,24/6/2026 17:00:00,0
30324800,24/6/2026 13:00:00,0
30421550,24/6/2026 07:00:00,0
30523500,24/6/2026 07:00:00,0
30421910,24/6/2026 13:00:00,0
30524150,24/6/2026 07:00:00,0
30828000,24/6/2026 13:00:00,0
30328900,24/6/2026 14:00:00,0
30324800,24/6/2026 07:00:00,0
82020025,24/6/2026 07:00:00,0
80920245,24/6/2026 07:00:00,0
01308A9030,24/6/2026 13:00:00,0
30524360,24/6/2026 07:00:00,0
01307A9010,24/6/2026 13:00:00,0
30420850,24/6/2026 07:00:00,0
30324700,24/6/2026 07:00:00,0
30328250,24/6/2026 07:00:00,0
30526105,24/6/2026 07:00:00,0
30421910,24/6/2026 12:32:00,0.5
30328900,24/6/2026 07:00:00,0
30420700,24/6/2026 07:00:00,0
01308A9011,24/6/2026 07:00:00,0
82020015,24/6/2026 07:00:00,0
30523930,24/6/2026 07:00:00,0
30525710,24/6/2026 13:00:00,0
01305A5005,24/6/2026 12:00:00,0
30526105,24/6/2026 12:00:00,0
30420850,24/6/2026 13:00:00,0
01308A9011,24/6/2026 13:00:00,0
01307A5011,24/6/2026 12:00:00,0
30420850,24/6/2026 12:00:00,0
30524500,24/6/2026 12:00:00,0
30420700,24/6/2026 12:00:00,0
30324800,24/6/2026 12:00:00,0
01303A5045,24/6/2026 07:00:00,0
30525710,24/6/2026 07:00:00,0
30329415,24/6/2026 07:00:00,0
30421700,24/6/2026 07:00:00,0
30421550,24/6/2026 12:00:00,0
82020025,24/6/2026 12:00:00,0
30524500,24/6/2026 07:00:00,0
01308A9027,24/6/2026 12:00:00,0
80920245,24/6/2026 12:00:00,0
30328250,24/6/2026 12:00:00,0
01308A9027,24/6/2026 07:00:00,0
01308A9030,24/6/2026 07:00:00,0
30828000,24/6/2026 07:00:00,0
30328900,24/6/2026 12:00:00,0
01307A5011,24/6/2026 07:00:00,0
01303A5019,24/6/2026 12:00:00,0
01303A5045,24/6/2026 13:00:00,0
30421700,24/6/2026 13:00:00,0
30827700,24/6/2026 13:00:00,0
30747809,24/6/2026 06:00:00,0
30325530,24/6/2026 06:00:00,0
01303A5019,24/6/2026 07:00:00,0
30421910,24/6/2026 07:00:00,0
01308A9030,24/6/2026 08:00:00,0
01305A5005,24/6/2026 06:00:00,0
30523930,24/6/2026 12:00:00,0
30421700,24/6/2026 12:00:00,0
30828000,24/6/2026 12:00:00,0
30523790,24/6/2026 06:00:00,0
30421910,24/6/2026 12:00:00,0
01303A5045,24/6/2026 12:00:00,0
30523930,24/6/2026 13:00:00,0
30324700,24/6/2026 12:00:00,0
30421910,24/6/2026 06:01:00,0.5
30525710,24/6/2026 12:00:00,0
30524285,24/6/2026 06:00:00,0
01308A9030,24/6/2026 12:00:00,0
80920245,24/6/2026 06:00:00,0
30827700,24/6/2026 12:00:00,0
30421550,24/6/2026 06:00:00,0
30324620,24/6/2026 06:00:00,0
30523500,24/6/2026 06:00:00,0
30827550,24/6/2026 06:00:00,0
80720165,24/6/2026 06:00:00,0
30524360,24/6/2026 06:00:00,0
30522700,24/6/2026 17:00:00,0
01308A9027,24/6/2026 13:00:00,0
80520320,24/6/2026 06:00:00,0
30748050,24/6/2026 12:00:00,0
01308A9011,24/6/2026 12:00:00,0
30325530,24/6/2026 12:00:00,0
30522700,24/6/2026 12:00:00,0
30524150,24/6/2026 11:00:00,0
30524285,24/6/2026 12:00:00,0
01307A9010,24/6/2026 12:00:00,0
30524360,24/6/2026 12:00:00,0
30420700,24/6/2026 06:00:00,0
30524150,24/6/2026 12:00:00,0
30328900,24/6/2026 06:00:00,0
30323950,24/6/2026 12:00:00,0
30526105,24/6/2026 06:00:00,0
30324620,24/6/2026 12:00:00,0
30324800,24/6/2026 06:00:00,0
30328250,24/6/2026 06:00:00,0
82020025,24/6/2026 06:00:00,0
30748050,24/6/2026 06:00:00,0
30329415,24/6/2026 06:00:00,0
01307A9010,24/6/2026 06:00:00,0
82020025,24/6/2026 20:00:00,0.4
30525710,24/6/2026 06:00:00,0
01303A5045,24/6/2026 20:00:00,0
30329350,24/6/2026 11:00:00,0
01303A5045,24/6/2026 06:00:00,0
82020015,24/6/2026 20:00:00,0
30828000,24/6/2026 06:00:00,0
30421910,24/6/2026 20:00:00,0
30329415,24/6/2026 12:00:00,0
30329350,24/6/2026 12:00:00,0
30523790,24/6/2026 12:00:00,0
30827550,24/6/2026 12:00:00,0
30325530,24/6/2026 11:00:00,0
82020015,24/6/2026 12:00:00,0
30323950,24/6/2026 06:00:00,0
82020015,24/6/2026 11:00:00,0
80520320,24/6/2026 12:00:00,0
30523500,24/6/2026 12:00:00,0
01308A9011,24/6/2026 06:00:00,0
01303A5019,24/6/2026 06:00:00,0
30421910,24/6/2026 06:00:00,0
30329415,24/6/2026 05:00:00,0
30827700,24/6/2026 06:00:00,0
82020025,24/6/2026 11:00:00,0
82020015,24/6/2026 06:00:00,0
30324620,24/6/2026 05:00:00,0
80720165,24/6/2026 12:00:00,0
30523930,24/6/2026 06:00:00,0
30524500,24/6/2026 06:00:00,0
30524150,24/6/2026 06:00:00,0
30747809,24/6/2026 12:00:00,0
30329415,24/6/2026 11:00:00,0
30323950,24/6/2026 05:00:00,0
30329350,24/6/2026 05:00:00,0
30523500,24/6/2026 11:00:00,0
30524285,24/6/2026 05:00:00,0
30329350,24/6/2026 06:00:00,0
30323950,24/6/2026 11:00:00,0
30524150,24/6/2026 05:00:00,0
80520320,24/6/2026 11:00:00,0
30526105,24/6/2026 05:00:00,0
30522700,24/6/2026 11:00:00,0
30748050,24/6/2026 20:00:00,0
80920245,24/6/2026 11:00:00,0
01308A9030,24/6/2026 20:00:00,0
80720165,24/6/2026 05:00:00,0
01305A5005,24/6/2026 11:00:00,0
30747809,24/6/2026 05:00:00,0
30524285,24/6/2026 11:00:00,0
30523790,24/6/2026 11:00:00,0
80520320,24/6/2026 20:00:00,0
30324620,24/6/2026 11:00:00,0
30420850,24/6/2026 20:00:00,0
30827550,24/6/2026 20:00:00,0
30748050,24/6/2026 11:00:00,0
30827550,24/6/2026 11:00:00,0
30747809,24/6/2026 11:00:00,0
30421550,24/6/2026 20:00:00,0
30524360,24/6/2026 11:00:00,0
30522700,24/6/2026 06:00:00,0
01305A5005,24/6/2026 07:00:00,0
30827700,24/6/2026 08:00:00,0
30827700,24/6/2026 07:00:00,0
01307A5011,24/6/2026 06:00:00,0
80920245,24/6/2026 05:00:00,0
30325530,24/6/2026 05:00:00,0
30523790,24/6/2026 05:00:00,0
80920245,24/6/2026 20:00:00,0
30328250,24/6/2026 20:00:00,0
30524360,24/6/2026 05:00:00,0
30523500,24/6/2026 05:00:00,0
30523930,24/6/2026 20:00:00,0
30324700,24/6/2026 06:00:00,0
80720165,24/6/2026 11:00:00,0
30420850,24/6/2026 06:00:00,0
30421550,24/6/2026 11:00:00,0
30524500,24/6/2026 20:00:00,0
30421700,24/6/2026 20:00:00,0
30421700,24/6/2026 06:00:00,0
30328900,24/6/2026 20:00:00,0
30420700,24/6/2026 14:00:00,0
30324800,24/6/2026 11:00:00,0
30328900,24/6/2026 11:00:00,0
30421550,24/6/2026 08:00:00,0
01307A5011,24/6/2026 11:00:00,0
30328250,24/6/2026 11:00:00,0
30421700,24/6/2026 05:00:00,0
30828000,24/6/2026 20:00:00,0
30420700,24/6/2026 20:00:00,0
30526105,24/6/2026 11:00:00,0
80520320,24/6/2026 05:00:00,0
30827700,24/6/2026 20:00:00,0
30324700,24/6/2026 20:00:00,0
01308A9011,24/6/2026 20:00:00,0
82020025,24/6/2026 05:00:00,0
30420700,24/6/2026 11:00:00,0
82020015,24/6/2026 05:00:00,0
01305A5005,24/6/2026 20:00:00,0
30324800,24/6/2026 05:00:00,0
30420850,24/6/2026 05:00:00,0
82020025,24/6/2026 19:51:00,1.2
30421700,24/6/2026 11:00:00,0
82020025,24/6/2026 19:49:00,0.2
30421910,24/6/2026 11:00:00,0
82020025,24/6/2026 19:55:00,0.4
82020025,24/6/2026 19:12:00,0.6
30421550,24/6/2026 05:00:00,0
30328900,24/6/2026 16:12:00,0.1
82020025,24/6/2026 19:14:00,1.8
30328900,24/6/2026 05:00:00,0
82020025,24/6/2026 19:56:00,0
30420700,24/6/2026 05:00:00,0
30524500,24/6/2026 11:00:00,0
01303A5045,24/6/2026 16:00:00,0
01308A9030,24/6/2026 16:00:00,0
30328900,24/6/2026 16:11:00,0.1
82020025,24/6/2026 19:57:00,0.8
80720165,24/6/2026 20:00:00,0
30324700,24/6/2026 05:00:00,0
01308A9011,24/6/2026 11:00:00,0
30524360,24/6/2026 10:07:00,0.1
01303A5019,24/6/2026 20:00:00,0
30525710,24/6/2026 20:00:00,0
01303A5019,24/6/2026 11:00:00,0
30324620,24/6/2026 10:00:00,0
82020025,24/6/2026 19:53:00,0.8
01308A9027,24/6/2026 20:00:00,0
01307A9010,24/6/2026 20:00:00,0
30325530,24/6/2026 10:00:00,0
82020025,24/6/2026 19:52:00,0
82020025,24/6/2026 19:10:00,0.2
01308A9027,24/6/2026 11:00:00,0
30328900,24/6/2026 16:15:00,0.1
82020025,24/6/2026 19:15:00,0
30525710,24/6/2026 16:00:00,0
30328250,24/6/2026 05:00:00,0
82020025,24/6/2026 19:58:00,0.4
30328900,24/6/2026 16:13:00,0.4
30523930,24/6/2026 05:00:00,0
30328900,24/6/2026 16:14:00,0.3
30421550,24/6/2026 10:00:00,0
30827700,24/6/2026 05:00:00,0
82020025,24/6/2026 19:16:00,2
30828000,24/6/2026 11:00:00,0
30828000,24/6/2026 05:00:00,0
01307A9010,24/6/2026 11:00:00,0
30827700,24/6/2026 11:00:00,0
82020025,24/6/2026 19:17:00,2.8
01307A5011,24/6/2026 20:00:00,0
01303A5019,24/6/2026 05:00:00,0
30324800,24/6/2026 20:00:00,0
82020025,24/6/2026 19:19:00,0.8
30324700,24/6/2026 10:00:00,0
30323950,24/6/2026 10:00:00,0
30525710,24/6/2026 05:00:00,0
01307A5011,24/6/2026 05:00:00,0
30420850,24/6/2026 11:00:00,0
30324800,24/6/2026 10:00:00,0
30324800,24/6/2026 19:00:00,0
82020025,24/6/2026 19:00:00,0
01308A9011,24/6/2026 05:00:00,0
01307A9010,24/6/2026 05:00:00,0
30421910,24/6/2026 10:00:00,0
30328250,24/6/2026 10:00:00,0
30421910,24/6/2026 05:00:00,0
01308A9030,24/6/2026 05:00:00,0
30748050,24/6/2026 05:00:00,0
01308A9027,24/6/2026 05:00:00,0
30421700,24/6/2026 10:00:00,0
01308A9027,24/6/2026 19:00:00,0
01307A5011,24/6/2026 16:00:00,0
30420850,24/6/2026 16:00:00,0
30524500,24/6/2026 16:00:00,0
01305A5005,24/6/2026 05:00:00,0
01308A9011,24/6/2026 16:00:00,0
01303A5045,24/6/2026 05:00:00,0
80920245,24/6/2026 16:00:00,0
30828000,24/6/2026 16:00:00,0
30524500,24/6/2026 05:00:00,0
30328250,24/6/2026 16:00:00,0
30421550,24/6/2026 19:00:00,0
30421910,24/6/2026 10:38:00,0.5
30748050,24/6/2026 19:00:00,0
30328900,24/6/2026 16:00:00,0
30524360,24/6/2026 19:00:00,0
30524285,24/6/2026 19:00:00,0
30524150,24/6/2026 19:00:00,0
80520320,24/6/2026 19:00:00,0
30827550,24/6/2026 19:00:00,0
30523790,24/6/2026 19:00:00,0
80720165,24/6/2026 19:00:00,0
30827550,24/6/2026 05:00:00,0
30420700,24/6/2026 16:00:00,0
80920245,24/6/2026 19:00:00,0
30747809,24/6/2026 10:00:00,0
30523500,24/6/2026 19:00:00,0
82020015,24/6/2026 19:00:00,0
30525710,24/6/2026 11:00:00,0
01303A5045,24/6/2026 11:00:00,0
30523790,24/6/2026 10:00:00,0
30325530,24/6/2026 19:00:00,0
30421700,24/6/2026 16:00:00,0
30827700,24/6/2026 16:00:00,0
30329350,24/6/2026 19:00:00,0
01305A5005,24/6/2026 16:00:00,0
30747809,24/6/2026 19:00:00,0
30324700,24/6/2026 16:00:00,0
30524150,24/6/2026 10:00:00,0
30323950,24/6/2026 19:00:00,0
30827700,24/6/2026 19:00:00,0
82020025,24/6/2026 16:00:00,0
30828000,24/6/2026 19:00:00,0
30524285,24/6/2026 16:00:00,0
30748050,24/6/2026 16:00:00,0
30329415,24/6/2026 10:00:00,0
30420700,24/6/2026 10:00:00,0
01303A5045,24/6/2026 19:00:00,0
30329350,24/6/2026 16:00:00,0
30524150,24/6/2026 16:00:00,0
30420850,24/6/2026 10:00:00,0
30526105,24/6/2026 19:00:00,0
30329350,24/6/2026 10:00:00,0
30421910,24/6/2026 16:00:00,0
30524500,24/6/2026 10:00:00,0
30524360,24/6/2026 10:00:00,0.3
30525710,24/6/2026 10:00:00,0
01303A5019,24/6/2026 10:00:00,0
30524500,24/6/2026 19:00:00,0
30523930,24/6/2026 10:00:00,0
01303A5045,24/6/2026 10:00:00,0
30524285,24/6/2026 10:00:00,0
30328900,24/6/2026 19:00:00,0
30328900,24/6/2026 10:00:00,0
30526105,24/6/2026 10:00:00,0
30523930,24/6/2026 16:00:00,0
30522700,24/6/2026 05:00:00,0
30526105,24/6/2026 20:00:00,0
30328250,24/6/2026 19:00:00,0
01308A9030,24/6/2026 11:00:00,0
30522700,24/6/2026 19:00:00,0
01307A9010,24/6/2026 16:00:00,0
01308A9030,24/6/2026 19:00:00,0
30523930,24/6/2026 19:00:00,0
80720165,24/6/2026 10:00:00,0
30827700,24/6/2026 10:00:00,0
30324700,24/6/2026 19:00:00,0
30329415,24/6/2026 19:00:00,0
01307A9010,24/6/2026 19:00:00,0
30324620,24/6/2026 19:00:00,0
01303A5019,24/6/2026 16:00:00,0
82020015,24/6/2026 16:00:00,0
30324800,24/6/2026 16:00:00,0
30523500,24/6/2026 16:00:00,0
30420850,24/6/2026 19:00:00,0
30526105,24/6/2026 16:00:00,0
30325530,24/6/2026 16:00:00,0
30323950,24/6/2026 15:00:00,0
30747809,24/6/2026 15:00:00,0
30827550,24/6/2026 10:00:00,0
30748050,24/6/2026 10:00:00,0
30325530,24/6/2026 15:00:00,0
30329350,24/6/2026 15:00:00,0
30828000,24/6/2026 10:00:00,0
80520320,24/6/2026 16:00:00,0
30827550,24/6/2026 15:00:00,0
30324620,24/6/2026 18:00:00,0
30325530,24/6/2026 18:00:00,0
82020025,24/6/2026 10:00:00,0
30827550,24/6/2026 16:00:00,0
01307A5011,24/6/2026 10:00:00,0
80920245,24/6/2026 18:00:00,0
80520320,24/6/2026 10:00:00,0
30329415,24/6/2026 16:00:00,0
30324620,24/6/2026 16:00:00,0
82020025,24/6/2026 18:00:00,0
01305A5005,24/6/2026 19:00:00,0
82020015,24/6/2026 10:00:00,0
80720165,24/6/2026 16:00:00,0
30522700,24/6/2026 10:00:00,0
01308A9011,24/6/2026 10:00:00,0
80920245,24/6/2026 10:00:00,0
30421700,24/6/2026 19:00:00,0
01307A5011,24/6/2026 19:00:00,0
30522700,24/6/2026 09:00:00,0
01308A9027,24/6/2026 10:00:00,0
30323950,24/6/2026 16:00:00,0
30747809,24/6/2026 09:00:00,0
30329415,24/6/2026 09:00:00,0
30747809,24/6/2026 16:00:00,0
30522700,24/6/2026 16:00:00,0
30325530,24/6/2026 09:00:00,0
30523790,24/6/2026 16:00:00,0
01305A5005,24/6/2026 10:00:00,0
30421910,24/6/2026 19:00:00,0
30525710,24/6/2026 19:00:00,0
30522700,24/6/2026 15:00:00,0
30523790,24/6/2026 09:00:00,0
30324620,24/6/2026 15:00:00,0
30523500,24/6/2026 09:00:00,0
30524360,24/6/2026 15:00:00,0
30329415,24/6/2026 15:00:00,0
30420700,24/6/2026 19:00:00,0
30524360,24/6/2026 09:00:00,0
30524360,24/6/2026 16:00:00,0
01307A9010,24/6/2026 10:00:00,0
01308A9030,24/6/2026 10:00:00,0
82020025,24/6/2026 15:00:00,0
30324620,24/6/2026 09:00:00,0
30421910,24/6/2026 09:14:00,0.5
30524285,24/6/2026 09:00:00,0
01307A9010,24/6/2026 18:00:00,0
01307A5011,24/6/2026 18:00:00,0
30524285,24/6/2026 15:00:00,0
01308A9030,24/6/2026 18:00:00,0
80520320,24/6/2026 09:00:00,0
30323950,24/6/2026 09:00:00,0
30421550,24/6/2026 15:00:00,0
30524150,24/6/2026 15:00:00,0
30523500,24/6/2026 10:00:00,0
30523790,24/6/2026 18:00:00,0
30523790,24/6/2026 15:00:00,0
30522700,24/6/2026 18:00:00,0
30329415,24/6/2026 18:00:00,0
30324700,24/6/2026 18:00:00,0
30525710,24/6/2026 18:00:00,0
82020015,24/6/2026 15:00:00,0
30328900,24/6/2026 18:00:00,0
01303A5019,24/6/2026 18:00:00,0
80920245,24/6/2026 15:00:00,0
30328250,24/6/2026 18:00:00,0
30421700,24/6/2026 15:00:00,0
01303A5019,24/6/2026 15:00:00,0
30324800,24/6/2026 18:00:00,0
01308A9027,24/6/2026 15:00:00,0
30526105,24/6/2026 15:00:00,0
30421910,24/6/2026 15:00:00,0
30827700,24/6/2026 18:00:00,0
30420850,24/6/2026 09:00:00,0
30328250,24/6/2026 09:00:00,0
30421550,24/6/2026 09:00:00,0
30420700,24/6/2026 18:00:00,0
01308A9011,24/6/2026 18:00:00,0
80520320,24/6/2026 18:00:00,0
30524360,24/6/2026 18:00:00,0
30747809,24/6/2026 18:00:00,0
01303A5045,24/6/2026 18:00:00,0
30328250,24/6/2026 15:00:00,0
30421700,24/6/2026 18:00:00,0
80720165,24/6/2026 09:00:00,0
30522700,24/6/2026 14:00:00,0
80720165,24/6/2026 17:49:00,0.2
01305A5005,24/6/2026 18:00:00,0
30421910,24/6/2026 18:00:00,0
30523790,24/6/2026 14:00:00,0
30827550,24/6/2026 18:00:00,0
30324800,24/6/2026 15:00:00,0
30526105,24/6/2026 18:00:00,0
80520320,24/6/2026 15:00:00,0
80720165,24/6/2026 18:00:00,0
01305A5005,24/6/2026 15:00:00,0
80720165,24/6/2026 15:00:00,0
30523500,24/6/2026 15:00:00,0
30524150,24/6/2026 09:00:00,0
01308A9011,24/6/2026 15:00:00,0
30827550,24/6/2026 09:00:00,0
30420700,24/6/2026 15:00:00,0
30525710,24/6/2026 15:00:00,0
30524500,24/6/2026 15:00:00,0
30324700,24/6/2026 15:00:00,0
30523500,24/6/2026 18:00:00,0
30524285,24/6/2026 18:00:00,0
30748050,24/6/2026 09:00:00,0
01305A5005,24/6/2026 09:00:00,0
30329350,24/6/2026 18:00:00,0
01308A9011,24/6/2026 19:00:00,0
30328900,24/6/2026 15:00:00,0
30526105,24/6/2026 09:00:00,0
30828000,24/6/2026 15:00:00,0
30420850,24/6/2026 15:00:00,0
30524285,24/6/2026 14:00:00,0
01308A9027,24/6/2026 18:00:00,0
30748050,24/6/2026 15:00:00,0
30524360,24/6/2026 14:00:00,0
30524150,24/6/2026 18:00:00,0
30329415,24/6/2026 14:00:00,0
30526105,24/6/2026 14:00:00,0
30747809,24/6/2026 14:00:00,0
30323950,24/6/2026 14:00:00,0
30524150,24/6/2026 14:00:00,0
30324620,24/6/2026 14:00:00,0
30324800,24/6/2026 14:00:00,0
82020025,24/6/2026 14:00:00,0
30827550,24/6/2026 14:00:00,0
30748050,24/6/2026 14:00:00,0
80920245,24/6/2026 14:00:00,0
30523790,24/6/2026 08:01:00,0
30522700,24/6/2026 08:00:00,0
82020015,24/6/2026 14:00:00,0
30329350,24/6/2026 08:00:00,0
30524285,24/6/2026 08:00:00,0
30325530,24/6/2026 08:01:00,0
30522700,24/6/2026 08:01:00,0
30323950,24/6/2026 08:00:00,0
30325530,24/6/2026 08:00:00,0
30329350,24/6/2026 17:42:00,0.6
30524360,24/6/2026 08:00:00,0
30329415,24/6/2026 08:00:00,0
80720165,24/6/2026 14:00:00,0
30524150,24/6/2026 08:00:00,0
01307A9010,24/6/2026 09:00:00,0
30323950,24/6/2026 08:01:00,0
30747809,24/6/2026 08:00:00,0
30526105,24/6/2026 08:00:00,0
80520320,24/6/2026 14:00:00,0
30523500,24/6/2026 08:01:00,0
30421700,24/6/2026 17:32:00,0.2
30421700,24/6/2026 17:33:00,0.1
30421700,24/6/2026 17:30:00,0.3
80720165,24/6/2026 17:30:00,0.2
30325530,24/6/2026 14:00:00,0
82020025,24/6/2026 17:30:00,0
30748050,24/6/2026 08:00:00,0
82020025,24/6/2026 17:36:00,0.8
82020025,24/6/2026 17:27:00,0.2
30523790,24/6/2026 08:00:00,0
82020025,24/6/2026 17:31:00,1.4
80720165,24/6/2026 17:18:00,0.2
30421550,24/6/2026 16:00:00,0
30421700,24/6/2026 17:18:00,0.3
30329350,24/6/2026 09:00:00,0
30827550,24/6/2026 08:00:00,0
30421700,24/6/2026 17:22:00,0.2
82020025,24/6/2026 17:34:00,2
30523500,24/6/2026 08:00:00,0
01308A9030,24/6/2026 09:00:00,0
30523930,24/6/2026 09:00:00,0
80720165,24/6/2026 17:43:00,0.2
30421700,24/6/2026 17:24:00,0.1
30328900,24/6/2026 09:00:00,0
30421700,24/6/2026 17:19:00,0.2
30421700,24/6/2026 17:23:00,0.1
30523500,24/6/2026 14:00:00,0
30421700,24/6/2026 17:06:00,0.1
01308A9027,24/6/2026 14:00:00,0
30323950,24/6/2026 18:00:00,0
80920245,24/6/2026 09:00:00,0
01307A5011,24/6/2026 09:00:00,0
30421700,24/6/2026 17:10:00,0.2
01303A5019,24/6/2026 19:00:00,0
82020025,24/6/2026 09:00:00,0
01308A9030,24/6/2026 06:00:00,0
01308A9011,24/6/2026 08:00:00,0
30421700,24/6/2026 17:28:00,0.1
80720165,24/6/2026 17:25:00,0.2
30421910,24/6/2026 09:00:00,0
30421700,24/6/2026 17:26:00,0.1
01308A9011,24/6/2026 14:00:00,0
80720165,24/6/2026 17:16:00,0.2
30523930,24/6/2026 14:00:00,0
82020015,24/6/2026 09:00:00,0
30524500,24/6/2026 09:00:00,0
30523930,24/6/2026 18:00:00,0
30524500,24/6/2026 18:00:00,0
30421700,24/6/2026 17:17:00,0.3
30421700,24/6/2026 17:16:00,0.1
30421550,24/6/2026 18:00:00,0
30421700,24/6/2026 17:20:00,0.2
30324700,24/6/2026 09:00:00,0
30421700,24/6/2026 17:21:00,0.2
30420700,24/6/2026 09:00:00,0
82020025,24/6/2026 17:29:00,0.4
30421700,24/6/2026 09:00:00,0
30421700,24/6/2026 17:14:00,0.1
30324800,24/6/2026 09:00:00,0
30421700,24/6/2026 17:15:00,0.1
30329350,24/6/2026 14:00:00,0
30421700,24/6/2026 17:29:00,0.3
30421700,24/6/2026 17:31:00,0.3
30421700,24/6/2026 17:09:00,0.1
82020025,24/6/2026 17:32:00,0.8
30420850,24/6/2026 18:00:00,0
30828000,24/6/2026 18:00:00,0
30828000,24/6/2026 09:00:00,0
30827700,24/6/2026 09:00:00,0
30524500,24/6/2026 14:00:00,0
30421550,24/6/2026 14:00:00,0
01307A5011,24/6/2026 14:00:00,0
30421700,24/6/2026 17:12:00,0.1
30420850,24/6/2026 14:00:00,0
30421700,24/6/2026 17:05:00,0.1
30421700,24/6/2026 17:11:00,0.1
01308A9027,24/6/2026 09:00:00,0
30525710,24/6/2026 09:00:00,0
01303A5045,24/6/2026 09:00:00,0
01308A9011,24/6/2026 09:00:00,0
01303A5045,24/6/2026 15:00:00,0
01303A5019,24/6/2026 09:00:00,0
30827700,24/6/2026 15:00:00,0
30523930,24/6/2026 15:00:00,0
01308A9030,24/6/2026 15:00:00,0
30523930,24/6/2026 11:00:00,0
01307A5011,24/6/2026 15:00:00,0
01307A9010,24/6/2026 15:00:00,0
30421700,24/6/2026 17:13:00,0.1
82020015,24/6/2026 18:00:00,0
01308A9027,24/6/2026 06:00:00,0
01308A9027,24/6/2026 16:00:00,0
82020025,24/6/2026 17:33:00,1.2
30748050,24/6/2026 18:00:00,0
30324700,24/6/2026 11:00:00,0
30421910,24/6/2026 17:00:00,0
01303A5001,24/6/2026 16:00:00,0
01303A9003,24/6/2026 16:00:00,0
01304A9001,24/6/2026 16:00:00,0
30523545,24/6/2026 16:00:00,0
30523050,24/6/2026 16:00:00,0
30747500,24/6/2026 16:00:00,0
30748030,24/6/2026 16:00:00,0
01304A9003,24/6/2026 16:00:00,0
81120000,24/6/2026 19:00:00,0
30523421,24/6/2026 10:00:00,0
30523635,24/6/2026 19:00:00,0
30523100,24/6/2026 10:00:00,0
30523600,24/6/2026 10:00:00,0
30524310,24/6/2026 19:00:00,0
30523635,24/6/2026 10:00:00,0
01307A9012,24/6/2026 19:00:00,0
30523050,24/6/2026 10:00:00,0
30523100,24/6/2026 19:00:00,0
30330900,24/6/2026 10:00:00,0
30523840,24/6/2026 19:00:00,0
30524310,24/6/2026 10:00:00,0
30524352,24/6/2026 10:00:00,0
30327950,24/6/2026 19:06:00,0.2
01305A5006,24/6/2026 16:00:00,0
30746025,24/6/2026 19:00:00,0
30327950,24/6/2026 19:00:00,0.6
30746350,24/6/2026 10:00:00,0
30827800,24/6/2026 19:00:00,0
30330100,24/6/2026 16:00:00,0
30327950,24/6/2026 19:01:00,1.2
30523050,24/6/2026 19:00:00,0
30524270,24/6/2026 19:00:00,0
30746600,24/6/2026 19:00:00,0
30523710,24/6/2026 10:00:00,0
01304A9002,24/6/2026 16:00:00,0
30322675,24/6/2026 19:00:00,0
30826840,24/6/2026 16:00:00,0
30524270,24/6/2026 10:00:00,0
30746600,24/6/2026 10:00:00,0
30327950,24/6/2026 19:04:00,0.2
30523421,24/6/2026 16:00:00,0
01304A9001,24/6/2026 19:00:00,0
01308A9005,24/6/2026 16:00:00,0
30523600,24/6/2026 19:00:00,0
30327950,24/6/2026 19:03:00,0.8
30747850,24/6/2026 16:00:00,0
30827510,24/6/2026 19:00:00,0
30329300,24/6/2026 16:00:00,0
30327950,24/6/2026 19:05:00,0.3
01303A5001,24/6/2026 19:00:00,0
30524352,24/6/2026 19:00:00,0
30823700,24/6/2026 16:00:00,0
30327950,24/6/2026 19:02:00,1.3
30522755,24/6/2026 19:00:00,0
01303A5001,24/6/2026 10:00:00,0
30748030,24/6/2026 10:00:00,0
01307A9012,24/6/2026 10:00:00,0
30522930,24/6/2026 10:00:00,0
30523545,24/6/2026 10:00:00,0
01308A9005,24/6/2026 10:00:00,0
30329300,24/6/2026 10:00:00,0
30523100,24/6/2026 16:00:00,0
30823700,24/6/2026 19:00:00,0
30523840,24/6/2026 10:00:00,0
30747850,24/6/2026 10:00:00,0
30522755,24/6/2026 10:00:00,0
30330100,24/6/2026 10:00:00,0
01304A9003,24/6/2026 19:00:00,0
81120000,24/6/2026 16:00:00,0
30747850,24/6/2026 05:00:00,0
01305A5006,24/6/2026 19:00:00,0
30523710,24/6/2026 05:00:00,0
30746350,24/6/2026 16:00:00,0
30827510,24/6/2026 16:00:00,0
30746025,24/6/2026 16:00:00,0
30746600,24/6/2026 16:00:00,0
30327950,24/6/2026 18:54:00,0.4
30327950,24/6/2026 18:53:00,0.5
30827800,24/6/2026 16:00:00,0
30327950,24/6/2026 18:58:00,0.7
01303A9003,24/6/2026 19:00:00,0
30522755,24/6/2026 16:00:00,0
30522930,24/6/2026 16:00:00,0
30330100,24/6/2026 15:56:00,0.1
30324860,24/6/2026 16:00:00,0
30523600,24/6/2026 16:00:00,0
30327950,24/6/2026 18:59:00,0.5
30523635,24/6/2026 16:00:00,0
30324900,24/6/2026 19:00:00,0
30746025,24/6/2026 10:00:00,0
30329300,24/6/2026 19:00:00,0
30330900,24/6/2026 19:00:00,0
30327950,24/6/2026 15:00:00,0
30322675,24/6/2026 16:00:00,0
30524352,24/6/2026 16:00:00,0
01304A9003,24/6/2026 10:00:00,0
30329300,24/6/2026 15:00:00,0
30523710,24/6/2026 19:00:00,0
81120000,24/6/2026 10:00:00,0
30522930,24/6/2026 09:00:00,0
30522755,24/6/2026 09:00:00,0
01303A9003,24/6/2026 10:00:00,0
30823700,24/6/2026 10:00:00,0
30826840,24/6/2026 19:00:00,0
30747850,24/6/2026 19:00:00,0
01304A9002,24/6/2026 10:00:00,0
30523100,24/6/2026 15:00:00,0
01308A9005,24/6/2026 19:00:00,0
30826840,24/6/2026 10:00:00,0
30523840,24/6/2026 09:00:00,0
30748030,24/6/2026 19:00:00,0
30325300,24/6/2026 19:00:00,0
30330100,24/6/2026 19:00:00,0
30827510,24/6/2026 10:00:00,0
30522930,24/6/2026 19:00:00,0
30746025,24/6/2026 09:00:00,0
30327950,24/6/2026 18:52:00,0.5
30524310,24/6/2026 16:00:00,0
01304A9002,24/6/2026 18:00:00,0
30327950,24/6/2026 18:55:00,0.7
30330100,24/6/2026 15:57:00,0.1
30523545,24/6/2026 09:00:00,0
30322675,24/6/2026 09:00:00,0
30330100,24/6/2026 15:54:00,0.1
30523635,24/6/2026 15:00:00,0
30325300,24/6/2026 18:00:00,0
30330100,24/6/2026 15:59:00,0.1
01304A9001,24/6/2026 18:00:00,0
30747850,24/6/2026 18:00:00,0
30826840,24/6/2026 18:00:00,0
30748030,24/6/2026 15:00:00,0
30327950,24/6/2026 18:56:00,0.7
30522755,24/6/2026 15:00:00,0
30324860,24/6/2026 15:00:00,0
30746025,24/6/2026 15:00:00,0
30827510,24/6/2026 15:00:00,0
30746350,24/6/2026 19:00:00,0
30827800,24/6/2026 15:00:00,0
30327950,24/6/2026 18:57:00,0.6
30747500,24/6/2026 19:00:00,0
30746600,24/6/2026 15:00:00,0
30523100,24/6/2026 09:00:00,0
30327950,24/6/2026 09:00:00,0
30325300,24/6/2026 15:00:00,0
30330100,24/6/2026 15:00:00,0
30523600,24/6/2026 15:00:00,0
30524310,24/6/2026 15:00:00,0
01308A9005,24/6/2026 15:00:00,0
30827800,24/6/2026 09:00:00,0
30747500,24/6/2026 15:00:00,0
30324860,24/6/2026 09:00:00,0
30746350,24/6/2026 09:00:00,0
30746600,24/6/2026 09:00:00,0
30322675,24/6/2026 15:00:00,0
01305A5006,24/6/2026 09:00:00,0
30827510,24/6/2026 09:00:00,0
01304A9001,24/6/2026 10:00:00,0
01305A5006,24/6/2026 10:00:00,0
30324900,24/6/2026 15:00:00,0
30523421,24/6/2026 19:00:00,0
30748030,24/6/2026 09:00:00,0
30324860,24/6/2026 19:00:00,0
30330100,24/6/2026 09:00:00,0
30330900,24/6/2026 09:00:00,0
30524310,24/6/2026 09:00:00,0
30523710,24/6/2026 18:00:00,0
30823700,24/6/2026 18:00:00,0
01303A5001,24/6/2026 18:00:00,0
01305A5006,24/6/2026 18:00:00,0
30523600,24/6/2026 09:00:00,0
30330900,24/6/2026 18:00:00,0
30747500,24/6/2026 10:00:00,0
30523840,24/6/2026 16:00:00,0
30523635,24/6/2026 09:00:00,0
30524270,24/6/2026 09:00:00,0
30522930,24/6/2026 15:00:00,0
30524352,24/6/2026 15:00:00,0
30746350,24/6/2026 15:00:00,0
30523421,24/6/2026 18:00:00,0
30324900,24/6/2026 18:00:00,0
30748030,24/6/2026 18:00:00,0
30524270,24/6/2026 16:00:00,0
81120000,24/6/2026 09:00:00,0
30329300,24/6/2026 18:00:00,0
30523840,24/6/2026 18:00:00,0
30330100,24/6/2026 18:00:00,0
01308A9005,24/6/2026 18:00:00,0
01303A9003,24/6/2026 18:00:00,0
30324900,24/6/2026 09:00:00,0
30524270,24/6/2026 15:00:00,0
30747500,24/6/2026 18:00:00,0
01303A9003,24/6/2026 15:00:00,0
30826840,24/6/2026 15:00:00,0
01304A9002,24/6/2026 15:00:00,0
01304A9003,24/6/2026 18:00:00,0
01304A9001,24/6/2026 15:00:00,0
30523050,24/6/2026 09:00:00,0
30330900,24/6/2026 15:00:00,0
01307A9012,24/6/2026 15:00:00,0
01304A9003,24/6/2026 15:00:00,0
30523421,24/6/2026 15:00:00,0
30747850,24/6/2026 15:00:00,0
30746350,24/6/2026 18:00:00,0
30747850,24/6/2026 09:00:00,0
01308A9005,24/6/2026 09:00:00,0
01307A9012,24/6/2026 09:00:00,0
01304A9002,24/6/2026 19:00:00,0
30325300,24/6/2026 09:00:00,0
30524352,24/6/2026 09:00:00,0
30523100,24/6/2026 18:00:00,0
30327950,24/6/2026 16:00:00,0
01303A9003,24/6/2026 09:00:00,0
30329300,24/6/2026 09:00:00,0
30746600,24/6/2026 18:00:00,0
01304A9002,24/6/2026 09:00:00,0
30827800,24/6/2026 10:00:00,0
01304A9001,24/6/2026 09:00:00,0
01308A9005,24/6/2026 14:00:00,0
01303A5001,24/6/2026 09:00:00,0
81120000,24/6/2026 15:00:00,0
30324900,24/6/2026 16:00:00,0
01304A9003,24/6/2026 09:00:00,0
30523050,24/6/2026 15:00:00,0
30747500,24/6/2026 09:00:00,0
30523840,24/6/2026 15:00:00,0
30747500,24/6/2026 14:00:00,0
01307A9012,24/6/2026 18:00:00,0
30746025,24/6/2026 18:00:00,0
30327950,24/6/2026 14:00:00,0
30748030,24/6/2026 14:00:00,0
30523050,24/6/2026 14:00:00,0
81120000,24/6/2026 18:00:00,0
30523050,24/6/2026 18:00:00,0
30523545,24/6/2026 15:00:00,0
30523545,24/6/2026 18:00:00,0
30523421,24/6/2026 14:00:00,0
30823700,24/6/2026 09:00:00,0
30826840,24/6/2026 09:00:00,0
30523710,24/6/2026 09:00:00,0
30523421,24/6/2026 09:00:00,0
01304A9001,24/6/2026 17:00:00,0
30523710,24/6/2026 15:00:00,0
30330900,24/6/2026 08:00:00,0
30823700,24/6/2026 15:00:00,0
30330100,24/6/2026 17:00:00,0
30324860,24/6/2026 08:00:00,0
01304A9002,24/6/2026 17:00:00,0
30325300,24/6/2026 14:00:00,0
30524270,24/6/2026 08:00:00,0
30523545,24/6/2026 08:00:00,0
01304A9002,24/6/2026 14:00:00,0
01303A5001,24/6/2026 14:00:00,0
30747500,24/6/2026 08:00:00,0
30327950,24/6/2026 08:00:00,0
30523635,24/6/2026 08:00:00,0
30330100,24/6/2026 14:00:00,0
30746600,24/6/2026 08:00:00,0
30746350,24/6/2026 08:00:00,0
30322675,24/6/2026 08:00:00,0
30522930,24/6/2026 08:00:00,0
30524352,24/6/2026 08:00:00,0
30330900,24/6/2026 17:10:00,0.1
30827800,24/6/2026 08:01:00,0
01305A5006,24/6/2026 15:00:00,0
30523710,24/6/2026 17:00:00,0
01305A5006,24/6/2026 14:00:00,0
01304A9001,24/6/2026 17:35:00,0.5
30747500,24/6/2026 17:00:00,0
30330900,24/6/2026 17:09:00,0.1
30823700,24/6/2026 17:00:00,0
30524352,24/6/2026 08:01:00,0
01304A9002,24/6/2026 17:25:00,0.5
30524270,24/6/2026 08:01:00,0
30826840,24/6/2026 17:00:00,0
01303A9003,24/6/2026 17:00:00,0
30524310,24/6/2026 18:00:00,0
01304A9001,24/6/2026 14:00:00,0
01307A9012,24/6/2026 14:00:00,0
30330900,24/6/2026 17:03:00,0.7
01305A5006,24/6/2026 17:00:00,0
30523710,24/6/2026 08:00:00,0
01305A5006,24/6/2026 08:00:00,0
30747850,24/6/2026 08:00:00,0
30524270,24/6/2026 18:00:00,0
01304A9003,24/6/2026 08:00:00,0
30524352,24/6/2026 18:00:00,0
30322675,24/6/2026 14:00:00,0
30827800,24/6/2026 14:00:00,0
30522930,24/6/2026 14:00:00,0
30827510,24/6/2026 14:00:00,0
30523100,24/6/2026 14:00:00,0
30524352,24/6/2026 14:00:00,0
30523600,24/6/2026 08:01:00,0
30322675,24/6/2026 13:00:00,0
30746600,24/6/2026 14:00:00,0
30746025,24/6/2026 14:00:00,0
30523600,24/6/2026 18:00:00,0
30522930,24/6/2026 18:00:00,0
30523840,24/6/2026 14:00:00,0
30324900,24/6/2026 17:03:00,0.1
30324860,24/6/2026 13:00:00,0
30329300,24/6/2026 14:00:00,0
30330900,24/6/2026 14:00:00,0
01303A9003,24/6/2026 14:00:00,0
01304A9003,24/6/2026 14:00:00,0
30748030,24/6/2026 08:00:00,0
30523840,24/6/2026 08:00:00,0
81120000,24/6/2026 08:00:00,0
